inspection_id,date,school_id,has_electricity,has_drinking_water,has_functional_toilet,has_boundary_wall,has_playground,inspector_name,remarks,school_id_raw,school_id_clean,school_id_changed_flag,date_raw,date_clean,date_parse_method,date_ambiguous_flag,date_parse_error_flag,has_electricity_raw,has_electricity_clean,has_electricity_is_unknown_flag,has_drinking_water_raw,has_drinking_water_clean,has_drinking_water_is_unknown_flag,has_functional_toilet_raw,has_functional_toilet_clean,has_functional_toilet_is_unknown_flag,has_boundary_wall_raw,has_boundary_wall_clean,has_boundary_wall_is_unknown_flag,has_playground_raw,has_playground_clean,has_playground_is_unknown_flag,amenities_functional_count,amenities_deficit_count,infrastructure_score,infrastructure_deficit_pct
INSP02966,2025-02-04,SCH0476,True,True,True,True,,Fariq Tripathi,Good condition,sch_0476,SCH0476,True,02-04-2025,2025-02-04,DASH_MM_DD_AMBIGUOUS,True,False,H,True,False,TRUE,True,False,TRUE,True,False,Yes,True,False,,,True,4.0,0.0,80.0,0.0
INSP00970,2025-05-13,SCH0337,True,True,True,True,True,Unnati Kulkarni,Good condition,SCH0337,SCH0337,False,13.05.2025,2025-05-13,DOT_DD_MM_YYYY,False,False,TRUE,True,False,TRUE,True,False,Yes,True,False,TRUE,True,False,H,True,False,5.0,0.0,100.0,0.0
INSP01386,2025-06-26,SCH0127,True,True,False,True,True,Girik Natt,Toilets locked,SCH0127,SCH0127,False,26-06-2025,2025-06-26,DASH_DD_MM_YYYY,False,False,TRUE,True,False,TRUE,True,False,FALSE,False,False,Working,True,False,Functional,True,False,4.0,1.0,80.0,20.0
INSP01234,2025-06-02,SCH0372,False,False,True,True,False,Rudra Kurian,Good condition,SCH0372,SCH0372,False,02-Jun-25,2025-06-02,TEXT_MONTH,False,False,FALSE,False,False,No,False,False,TRUE,True,False,TRUE,True,False,Broken,False,False,2.0,3.0,40.0,60.0
INSP02997,2025-10-29,SCH0517,True,True,True,True,False,Mohammed Dara,Average,sch0517,SCH0517,True,29-10-2025,2025-10-29,DASH_DD_MM_YYYY,False,False,TRUE,True,False,TRUE,True,False,TRUE,True,False,TRUE,True,False,FALSE,False,False,4.0,1.0,80.0,20.0
INSP02408,2025-10-30,SCH0334,,False,True,False,True,,No remarks,sch_0334,SCH0334,True,10-30-2025,2025-10-30,DASH_MM_DD_YYYY,False,False,,,True,FALSE,False,False,TRUE,True,False,FALSE,False,False,TRUE,True,False,2.0,2.0,40.0,40.0
INSP02849,2025-07-23,SCH0229,True,True,True,True,False,Meera Sachar,Needs repair,S0229,SCH0229,True,23.07.2025,2025-07-23,DOT_DD_MM_YYYY,False,False,Y,True,False,TRUE,True,False,TRUE,True,False,Yes,True,False,Broken,False,False,4.0,1.0,80.0,20.0
INSP01240,2025-12-29,SCH0072,True,True,True,False,False,Shivani Konda,Toilets locked,72,SCH0072,True,29-12-2025,2025-12-29,DASH_DD_MM_YYYY,False,False,TRUE,True,False,1,True,False,haan,True,False,FALSE,False,False,0,False,False,3.0,2.0,60.0,40.0
INSP02649,2026-01-20,SCH0516,True,True,True,True,True,Yachana Mody,Good condition,SCH0516,SCH0516,False,20-01-2026,2026-01-20,DASH_DD_MM_YYYY,False,False,TRUE,True,False,Yes,True,False,Working,True,False,Haan,True,False,1,True,False,5.0,0.0,100.0,0.0
INSP01667,2025-12-05,SCH0182,True,True,True,False,True,Eiravati Choudhry,Good condition,sch_0182,SCH0182,True,12-05-2025,2025-12-05,DASH_MM_DD_AMBIGUOUS,True,False,Hai,True,False,Hai,True,False,haan,True,False,na,False,False,haan,True,False,4.0,1.0,80.0,20.0
INSP02398,2026-05-01,SCH0221,True,False,True,False,True,Ira Choudhary,No remarks,SCH0221,SCH0221,False,05-01-2026,2026-05-01,DASH_MM_DD_AMBIGUOUS,True,False,Yes,True,False,No,False,False,Haan,True,False,0,False,False,Yes,True,False,3.0,2.0,60.0,40.0
INSP01451,2025-12-29,SCH0026,True,False,True,True,True,,Needs repair,S0026,SCH0026,True,29-12-2025,2025-12-29,DASH_DD_MM_YYYY,False,False,TRUE,True,False,FALSE,False,False,TRUE,True,False,TRUE,True,False,Yes,True,False,4.0,1.0,80.0,20.0
INSP00613,2025-04-10,SCH0092,True,True,True,,False,Maya Chada,Good condition,SCH0092,SCH0092,False,04-10-2025,2025-04-10,DASH_MM_DD_AMBIGUOUS,True,False,Haan,True,False,TRUE,True,False,Available,True,False,,,True,FALSE,False,False,3.0,1.0,60.0,20.0
INSP01189,2025-12-25,SCH0063,True,False,True,True,False,Caleb Lala,Toilets locked,sch0063,SCH0063,True,25-12-2025,2025-12-25,DASH_DD_MM_YYYY,False,False,TRUE,True,False,0,False,False,TRUE,True,False,TRUE,True,False,FALSE,False,False,3.0,2.0,60.0,40.0
INSP00832,2025-10-02,SCH0509,False,,True,True,False,Xavier Gade,,S0509,SCH0509,True,02-Oct-25,2025-10-02,TEXT_MONTH,False,False,Broken,False,False,,,True,TRUE,True,False,TRUE,True,False,FALSE,False,False,2.0,2.0,40.0,40.0
INSP02501,2025-10-05,SCH0033,True,True,True,False,False,Kamya Ravi,Toilets locked,SCH-0033,SCH0033,True,10-05-2025,2025-10-05,DASH_MM_DD_AMBIGUOUS,True,False,Available,True,False,TRUE,True,False,TRUE,True,False,No,False,False,Nahi,False,False,3.0,2.0,60.0,40.0
INSP00333,2025-10-09,SCH0477,True,,True,False,True,Jasmit Ramachandran,Toilets locked,SCH0477,SCH0477,False,10-09-2025,2025-10-09,DASH_MM_DD_AMBIGUOUS,True,False,Available,True,False,,,True,haan,True,False,FALSE,False,False,TRUE,True,False,3.0,1.0,60.0,20.0
INSP02727,2025-06-10,SCH0522,True,True,True,True,True,Chasmum Uppal,Good condition,SCH0522,SCH0522,False,06-10-2025,2025-06-10,DASH_MM_DD_AMBIGUOUS,True,False,H,True,False,Haan,True,False,Working,True,False,Working,True,False,Yes,True,False,5.0,0.0,100.0,0.0
INSP00145,2025-11-22,SCH0215,False,True,True,True,False,Yachana Mangat,Toilets locked,sch_0215,SCH0215,True,22-11-2025,2025-11-22,DASH_DD_MM_YYYY,False,False,No,False,False,TRUE,True,False,TRUE,True,False,TRUE,True,False,Kharab,False,False,3.0,2.0,60.0,40.0
INSP02233,2025-10-23,SCH0428,True,True,True,True,False,Samaksh Khare,Average,SCH0428,SCH0428,False,23-Oct-25,2025-10-23,TEXT_MONTH,False,False,TRUE,True,False,TRUE,True,False,TRUE,True,False,TRUE,True,False,Nahi,False,False,4.0,1.0,80.0,20.0
INSP01671,2025-12-22,SCH0042,True,True,True,False,True,Manan Mangat,Needs repair,S0042,SCH0042,True,22-12-2025,2025-12-22,DASH_DD_MM_YYYY,False,False,TRUE,True,False,Functional,True,False,Working,True,False,Under Repair,False,False,H,True,False,4.0,1.0,80.0,20.0
INSP01776,2025-09-14,SCH0403,False,True,True,True,,Manbir Sodhi,Needs repair,S0403,SCH0403,True,14-09-2025,2025-09-14,DASH_DD_MM_YYYY,False,False,FALSE,False,False,1,True,False,Y,True,False,1,True,False,,,True,3.0,1.0,60.0,20.0
INSP01733,2025-10-23,SCH0175,True,True,False,True,True,Qarin Nayar,Toilets locked,SCH0175,SCH0175,False,23-Oct-25,2025-10-23,TEXT_MONTH,False,False,Y,True,False,H,True,False,FALSE,False,False,TRUE,True,False,TRUE,True,False,4.0,1.0,80.0,20.0
INSP02204,2026-02-06,SCH0010,False,True,True,False,True,,,10,SCH0010,True,06.02.2026,2026-02-06,DOT_DD_MM_AMBIGUOUS,True,False,0,False,False,TRUE,True,False,1,True,False,No,False,False,Yes,True,False,3.0,2.0,60.0,40.0
INSP02552,2025-04-08,SCH0140,False,True,True,True,True,Gaurangi Ratti,Toilets locked,SCH-0140,SCH0140,True,04-08-2025,2025-04-08,DASH_MM_DD_AMBIGUOUS,True,False,FALSE,False,False,TRUE,True,False,TRUE,True,False,Functional,True,False,Yes,True,False,4.0,1.0,80.0,20.0
INSP00219,2025-09-09,SCH0325,False,True,True,True,False,Zehaan Deshpande,Average,sch_0325,SCH0325,True,09.09.2025,2025-09-09,DOT_DD_MM_AMBIGUOUS,True,False,N,False,False,Yes,True,False,TRUE,True,False,TRUE,True,False,FALSE,False,False,3.0,2.0,60.0,40.0
INSP00292,2025-11-25,SCH0371,True,True,True,False,True,Chasmum Ganguly,No remarks,371,SCH0371,True,25.11.2025,2025-11-25,DOT_DD_MM_YYYY,False,False,TRUE,True,False,TRUE,True,False,TRUE,True,False,FALSE,False,False,1,True,False,4.0,1.0,80.0,20.0
INSP02177,2025-04-26,SCH0583,True,True,,False,True,Jonathan Jain,Good condition,SCH0583,SCH0583,False,26-04-2025,2025-04-26,DASH_DD_MM_YYYY,False,False,Hai,True,False,TRUE,True,False,,,True,na,False,False,Working,True,False,3.0,1.0,60.0,20.0
INSP00818,2025-09-16,SCH0078,True,False,True,True,False,Krishna Gaba,Average,SCH0078,SCH0078,False,16-09-2025,2025-09-16,DASH_DD_MM_YYYY,False,False,TRUE,True,False,FALSE,False,False,TRUE,True,False,Hai,True,False,FALSE,False,False,3.0,2.0,60.0,40.0
INSP00602,2025-11-20,SCH0360,True,True,True,True,False,Umang Sagar,Average,sch0360,SCH0360,True,20-11-2025,2025-11-20,DASH_DD_MM_YYYY,False,False,TRUE,True,False,TRUE,True,False,TRUE,True,False,Y,True,False,FALSE,False,False,4.0,1.0,80.0,20.0
INSP00018,2026-03-15,SCH0582,True,True,True,True,False,Unnati Goel,,SCH0582,SCH0582,False,15-03-2026,2026-03-15,DASH_DD_MM_YYYY,False,False,Hai,True,False,Yes,True,False,H,True,False,TRUE,True,False,N,False,False,4.0,1.0,80.0,20.0
INSP00171,2025-02-04,SCH0067,False,True,False,False,False,Sneha Ghosh,Good condition,SCH0067,SCH0067,False,02-04-2025,2025-02-04,DASH_MM_DD_AMBIGUOUS,True,False,FALSE,False,False,TRUE,True,False,Kharab,False,False,na,False,False,Broken,False,False,1.0,4.0,20.0,80.0
INSP01738,2025-10-02,SCH0230,True,True,True,False,False,Osha Bajwa,,S0230,SCH0230,True,02-Oct-25,2025-10-02,TEXT_MONTH,False,False,TRUE,True,False,TRUE,True,False,Hai,True,False,Nahi hai,False,False,Nahi,False,False,3.0,2.0,60.0,40.0
INSP02283,2025-09-21,SCH0559,True,True,True,True,True,Sai Warrior,Average,S0559,SCH0559,True,21-Sep-25,2025-09-21,TEXT_MONTH,False,False,TRUE,True,False,Haan,True,False,1,True,False,Haan,True,False,haan,True,False,5.0,0.0,100.0,0.0
INSP02803,2026-02-19,SCH0238,False,True,True,False,False,Ekaraj Sehgal,,SCH-0238,SCH0238,True,19-02-2026,2026-02-19,DASH_DD_MM_YYYY,False,False,Broken,False,False,Available,True,False,TRUE,True,False,na,False,False,Nahi hai,False,False,2.0,3.0,40.0,60.0
INSP01408,2026-03-10,SCH0274,,True,True,False,True,Kamala Roy,Average,SCH0274,SCH0274,False,10.03.2026,2026-03-10,DOT_DD_MM_AMBIGUOUS,True,False,,,True,TRUE,True,False,Haan,True,False,Nahi,False,False,H,True,False,3.0,1.0,60.0,20.0
INSP00179,2025-12-09,SCH0577,True,True,True,True,True,Riya Kant,Good condition,SCH0577,SCH0577,False,12-09-2025,2025-12-09,DASH_MM_DD_AMBIGUOUS,True,False,Working,True,False,H,True,False,TRUE,True,False,TRUE,True,False,Yes,True,False,5.0,0.0,100.0,0.0
INSP01337,2025-03-06,SCH0011,True,True,True,False,False,Imaran Tandon,Toilets locked,SCH0011,SCH0011,False,03-06-2025,2025-03-06,DASH_MM_DD_AMBIGUOUS,True,False,H,True,False,1,True,False,TRUE,True,False,No,False,False,FALSE,False,False,3.0,2.0,60.0,40.0
INSP01815,2025-01-05,SCH0240,False,False,True,True,False,Lavanya Choudhry,Average,sch_0240,SCH0240,True,01-05-2025,2025-01-05,DASH_MM_DD_AMBIGUOUS,True,False,FALSE,False,False,FALSE,False,False,TRUE,True,False,TRUE,True,False,Not Available,False,False,2.0,3.0,40.0,60.0
INSP02205,2025-07-11,SCH0037,True,True,True,False,False,Rudra Bail,Toilets locked,sch0037,SCH0037,True,07-11-2025,2025-07-11,DASH_MM_DD_AMBIGUOUS,True,False,TRUE,True,False,TRUE,True,False,Functional,True,False,Nahi,False,False,Nahi,False,False,3.0,2.0,60.0,40.0
INSP01412,2025-08-05,SCH0596,False,True,True,False,False,Sai Bhasin,Average,SCH0596,SCH0596,False,05-Aug-25,2025-08-05,TEXT_MONTH,False,False,Nahi,False,False,Working,True,False,Functional,True,False,na,False,False,na,False,False,2.0,3.0,40.0,60.0
INSP02746,2025-11-13,SCH0422,True,True,True,True,,Isaac Kalla,,SCH0422,SCH0422,False,13.11.2025,2025-11-13,DOT_DD_MM_YYYY,False,False,1,True,False,TRUE,True,False,Haan,True,False,Hai,True,False,,,True,4.0,0.0,80.0,0.0
INSP01663,2026-06-03,SCH0456,False,True,True,False,,Neel Ganesh,Needs repair,sch_0456,SCH0456,True,06-03-2026,2026-06-03,DASH_MM_DD_AMBIGUOUS,True,False,0,False,False,1,True,False,haan,True,False,FALSE,False,False,,,True,2.0,2.0,40.0,40.0
INSP01227,2025-06-29,SCH0398,True,False,,True,True,Isaiah Mangat,,SCH0398,SCH0398,False,29-06-2025,2025-06-29,DASH_DD_MM_YYYY,False,False,TRUE,True,False,FALSE,False,False,,,True,TRUE,True,False,TRUE,True,False,3.0,1.0,60.0,20.0
INSP02025,2025-08-10,SCH0219,True,True,True,True,True,Bhanumati Chaudhari,,SCH0219,SCH0219,False,08-10-2025,2025-08-10,DASH_MM_DD_AMBIGUOUS,True,False,Haan,True,False,TRUE,True,False,Functional,True,False,Hai,True,False,Available,True,False,5.0,0.0,100.0,0.0
INSP02771,2026-02-03,SCH0339,True,True,True,True,False,Rajata Mistry,Toilets locked,SCH0339,SCH0339,False,03.02.2026,2026-02-03,DOT_DD_MM_AMBIGUOUS,True,False,TRUE,True,False,Functional,True,False,TRUE,True,False,TRUE,True,False,FALSE,False,False,4.0,1.0,80.0,20.0
INSP02097,2025-05-05,SCH0564,False,False,True,True,,Laksh Dugar,Good condition,sch_0564,SCH0564,True,05.05.2025,2025-05-05,DOT_DD_MM_AMBIGUOUS,True,False,na,False,False,FALSE,False,False,TRUE,True,False,TRUE,True,False,,,True,2.0,2.0,40.0,40.0
INSP00135,2026-03-09,SCH0542,,True,True,False,True,Jackson Narasimhan,Toilets locked,SCH-0542,SCH0542,True,03-09-2026,2026-03-09,DASH_MM_DD_AMBIGUOUS,True,False,,,True,H,True,False,TRUE,True,False,FALSE,False,False,Working,True,False,3.0,1.0,60.0,20.0
INSP02846,2026-12-02,SCH0258,False,True,True,True,False,Ishanvi Arya,Average,SCH0258,SCH0258,False,12-02-2026,2026-12-02,DASH_MM_DD_AMBIGUOUS,True,False,FALSE,False,False,1,True,False,Yes,True,False,TRUE,True,False,FALSE,False,False,3.0,2.0,60.0,40.0
INSP02987,2025-06-24,SCH0131,,True,True,False,True,Kevin Gade,Needs repair,SCH-0131,SCH0131,True,24-06-2025,2025-06-24,DASH_DD_MM_YYYY,False,False,,,True,1,True,False,Y,True,False,0,False,False,Functional,True,False,3.0,1.0,60.0,20.0
INSP00103,2026-02-24,SCH0022,True,True,True,True,True,Netra Ram,Average,22,SCH0022,True,24-02-2026,2026-02-24,DASH_DD_MM_YYYY,False,False,haan,True,False,TRUE,True,False,Y,True,False,Yes,True,False,TRUE,True,False,5.0,0.0,100.0,0.0
INSP00415,2025-11-05,SCH0093,True,True,True,True,True,Liam Sibal,Average,SCH0093,SCH0093,False,05-Nov-25,2025-11-05,TEXT_MONTH,False,False,TRUE,True,False,TRUE,True,False,Working,True,False,haan,True,False,TRUE,True,False,5.0,0.0,100.0,0.0
INSP02697,2026-12-02,SCH0122,True,True,True,False,True,Hritik Naidu,Toilets locked,sch0122,SCH0122,True,12-02-2026,2026-12-02,DASH_MM_DD_AMBIGUOUS,True,False,Yes,True,False,1,True,False,Yes,True,False,FALSE,False,False,TRUE,True,False,4.0,1.0,80.0,20.0
INSP01484,2025-12-21,SCH0362,True,True,True,True,True,Hamsini Pandya,Toilets locked,S0362,SCH0362,True,21-12-2025,2025-12-21,DASH_DD_MM_YYYY,False,False,Y,True,False,Available,True,False,Yes,True,False,TRUE,True,False,Functional,True,False,5.0,0.0,100.0,0.0
INSP01188,2025-06-15,SCH0005,False,False,True,False,True,Max Shenoy,Toilets locked,sch0005,SCH0005,True,15-06-2025,2025-06-15,DASH_DD_MM_YYYY,False,False,Nahi hai,False,False,na,False,False,Yes,True,False,Broken,False,False,TRUE,True,False,2.0,3.0,40.0,60.0
INSP01730,2025-10-26,SCH0476,False,True,True,True,False,,Good condition,SCH0476,SCH0476,False,26-10-2025,2025-10-26,DASH_DD_MM_YYYY,False,False,FALSE,False,False,1,True,False,TRUE,True,False,TRUE,True,False,0,False,False,3.0,2.0,60.0,40.0
INSP02006,2025-02-08,SCH0075,True,True,True,False,False,Zashil Hegde,Average,75,SCH0075,True,02-08-2025,2025-02-08,DASH_MM_DD_AMBIGUOUS,True,False,H,True,False,TRUE,True,False,Functional,True,False,na,False,False,Nahi hai,False,False,3.0,2.0,60.0,40.0
INSP02154,2025-10-12,SCH0434,True,False,True,True,False,,No remarks,434,SCH0434,True,12-Oct-25,2025-10-12,TEXT_MONTH,False,False,TRUE,True,False,0,False,False,Functional,True,False,TRUE,True,False,Under Repair,False,False,3.0,2.0,60.0,40.0
INSP02572,2025-04-28,SCH0556,True,False,True,False,True,Girindra Tiwari,,SCH0556,SCH0556,False,28-04-2025,2025-04-28,DASH_DD_MM_YYYY,False,False,haan,True,False,FALSE,False,False,TRUE,True,False,na,False,False,1,True,False,3.0,2.0,60.0,40.0
INSP01147,2025-09-30,SCH0535,True,False,True,False,False,Vritti Agarwal,No remarks,SCH0535,SCH0535,False,30.09.2025,2025-09-30,DOT_DD_MM_YYYY,False,False,TRUE,True,False,Nahi,False,False,TRUE,True,False,No,False,False,FALSE,False,False,2.0,3.0,40.0,60.0
INSP00310,2026-02-20,SCH0037,True,True,True,True,False,,,SCH0037,SCH0037,False,20-02-2026,2026-02-20,DASH_DD_MM_YYYY,False,False,TRUE,True,False,Working,True,False,TRUE,True,False,TRUE,True,False,Under Repair,False,False,4.0,1.0,80.0,20.0
INSP02274,2025-12-19,SCH0434,True,True,True,True,False,Baghyawati Chana,Toilets locked,434,SCH0434,True,19-12-2025,2025-12-19,DASH_DD_MM_YYYY,False,False,TRUE,True,False,1,True,False,TRUE,True,False,haan,True,False,na,False,False,4.0,1.0,80.0,20.0
INSP02440,2026-01-09,SCH0458,False,True,True,True,False,Shivansh Trivedi,Toilets locked,sch_0458,SCH0458,True,09.01.2026,2026-01-09,DOT_DD_MM_AMBIGUOUS,True,False,Broken,False,False,TRUE,True,False,Y,True,False,TRUE,True,False,FALSE,False,False,3.0,2.0,60.0,40.0
INSP00193,2026-03-12,SCH0533,False,True,True,True,True,Shivansh Tara,No remarks,SCH0533,SCH0533,False,12.03.2026,2026-03-12,DOT_DD_MM_AMBIGUOUS,True,False,FALSE,False,False,haan,True,False,TRUE,True,False,1,True,False,Y,True,False,4.0,1.0,80.0,20.0
INSP00195,2025-07-12,SCH0346,True,True,True,True,False,Nimrat Hayer,Toilets locked,SCH0346,SCH0346,False,07-12-2025,2025-07-12,DASH_MM_DD_AMBIGUOUS,True,False,TRUE,True,False,Available,True,False,Yes,True,False,TRUE,True,False,FALSE,False,False,4.0,1.0,80.0,20.0
INSP00777,2025-06-18,SCH0058,True,False,True,True,False,Oeshi Pradhan,Needs repair,S0058,SCH0058,True,18.06.2025,2025-06-18,DOT_DD_MM_YYYY,False,False,Yes,True,False,FALSE,False,False,Working,True,False,TRUE,True,False,FALSE,False,False,3.0,2.0,60.0,40.0
INSP01678,2026-03-24,SCH0263,True,True,True,True,False,Fitan Halder,Toilets locked,sch_0263,SCH0263,True,03-24-2026,2026-03-24,DASH_MM_DD_YYYY,False,False,Working,True,False,H,True,False,Yes,True,False,1,True,False,FALSE,False,False,4.0,1.0,80.0,20.0
INSP01236,2025-03-11,SCH0442,False,True,False,False,False,,Good condition,SCH-0442,SCH0442,True,03-11-2025,2025-03-11,DASH_MM_DD_AMBIGUOUS,True,False,N,False,False,TRUE,True,False,0,False,False,FALSE,False,False,Nahi hai,False,False,1.0,4.0,20.0,80.0
INSP01394,2025-09-14,SCH0261,True,True,True,False,False,Yamini Naidu,Needs repair,SCH0261,SCH0261,False,14-09-2025,2025-09-14,DASH_DD_MM_YYYY,False,False,TRUE,True,False,Y,True,False,Functional,True,False,FALSE,False,False,Broken,False,False,3.0,2.0,60.0,40.0
INSP00045,2025-11-04,SCH0003,True,True,False,True,True,Nicholas Keer,No remarks,SCH-0003,SCH0003,True,11-04-2025,2025-11-04,DASH_MM_DD_AMBIGUOUS,True,False,Haan,True,False,Functional,True,False,Broken,False,False,1,True,False,TRUE,True,False,4.0,1.0,80.0,20.0
INSP01765,2025-04-28,SCH0167,False,True,False,False,False,Zinal Bhavsar,Average,S0167,SCH0167,True,28.04.2025,2025-04-28,DOT_DD_MM_YYYY,False,False,FALSE,False,False,TRUE,True,False,N,False,False,FALSE,False,False,FALSE,False,False,1.0,4.0,20.0,80.0
INSP00946,2025-09-06,SCH0129,True,True,True,False,True,Isaac Khatri,,SCH0129,SCH0129,False,09-06-2025,2025-09-06,DASH_MM_DD_AMBIGUOUS,True,False,Hai,True,False,TRUE,True,False,TRUE,True,False,FALSE,False,False,Haan,True,False,4.0,1.0,80.0,20.0
INSP02052,2025-08-18,SCH0398,True,True,False,True,False,Peter Mody,No remarks,SCH0398,SCH0398,False,18-08-2025,2025-08-18,DASH_DD_MM_YYYY,False,False,Functional,True,False,Y,True,False,FALSE,False,False,TRUE,True,False,0,False,False,3.0,2.0,60.0,40.0
INSP00830,2025-07-20,SCH0526,True,False,True,True,False,Yatin Ghose,Toilets locked,SCH-0526,SCH0526,True,07-20-2025,2025-07-20,DASH_MM_DD_YYYY,False,False,TRUE,True,False,FALSE,False,False,H,True,False,Y,True,False,FALSE,False,False,3.0,2.0,60.0,40.0
INSP02967,2025-09-16,SCH0153,False,True,True,False,False,Falak Jaggi,Good condition,sch_0153,SCH0153,True,16.09.2025,2025-09-16,DOT_DD_MM_YYYY,False,False,Not Available,False,False,TRUE,True,False,TRUE,True,False,FALSE,False,False,FALSE,False,False,2.0,3.0,40.0,60.0
INSP02922,2026-04-02,SCH0194,True,True,True,True,False,Isaiah Nagarajan,,SCH0194,SCH0194,False,04-02-2026,2026-04-02,DASH_MM_DD_AMBIGUOUS,True,False,TRUE,True,False,H,True,False,haan,True,False,Yes,True,False,0,False,False,4.0,1.0,80.0,20.0
INSP01279,2025-12-13,SCH0475,True,True,False,True,False,Ekani Oommen,Average,SCH0475,SCH0475,False,13-12-2025,2025-12-13,DASH_DD_MM_YYYY,False,False,haan,True,False,TRUE,True,False,0,False,False,TRUE,True,False,na,False,False,3.0,2.0,60.0,40.0
INSP02900,2025-06-28,SCH0138,False,True,True,True,False,Maya Sastry,,S0138,SCH0138,True,28.06.2025,2025-06-28,DOT_DD_MM_YYYY,False,False,Nahi,False,False,Yes,True,False,TRUE,True,False,TRUE,True,False,No,False,False,3.0,2.0,60.0,40.0
INSP02808,2025-04-30,SCH0052,False,True,True,False,True,Vyanjana Badal,Good condition,sch_0052,SCH0052,True,30-04-2025,2025-04-30,DASH_DD_MM_YYYY,False,False,N,False,False,TRUE,True,False,TRUE,True,False,FALSE,False,False,TRUE,True,False,3.0,2.0,60.0,40.0
INSP01802,2026-02-28,SCH0364,False,True,True,True,False,Aishani Dhillon,Needs repair,sch_0364,SCH0364,True,02-28-2026,2026-02-28,DASH_MM_DD_YYYY,False,False,FALSE,False,False,1,True,False,TRUE,True,False,TRUE,True,False,N,False,False,3.0,2.0,60.0,40.0
INSP00486,2025-09-06,SCH0501,,True,True,False,True,Faras Yohannan,Average,SCH0501,SCH0501,False,06-Sep-25,2025-09-06,TEXT_MONTH,False,False,,,True,TRUE,True,False,Haan,True,False,0,False,False,Hai,True,False,3.0,1.0,60.0,20.0
INSP02372,2026-03-13,SCH0600,True,False,True,True,False,Upkaar Narang,Good condition,SCH0600,SCH0600,False,03-13-2026,2026-03-13,DASH_MM_DD_YYYY,False,False,TRUE,True,False,FALSE,False,False,TRUE,True,False,TRUE,True,False,FALSE,False,False,3.0,2.0,60.0,40.0
INSP00443,2025-05-15,SCH0530,True,False,True,True,,Gauri Deshmukh,Average,SCH0530,SCH0530,False,15-05-2025,2025-05-15,DASH_DD_MM_YYYY,False,False,Working,True,False,Nahi,False,False,Haan,True,False,Yes,True,False,,,True,3.0,1.0,60.0,20.0
INSP01642,2025-11-26,SCH0239,True,True,True,,True,Vasudha Jayaraman,Average,SCH0239,SCH0239,False,26.11.2025,2025-11-26,DOT_DD_MM_YYYY,False,False,TRUE,True,False,TRUE,True,False,TRUE,True,False,,,True,TRUE,True,False,4.0,0.0,80.0,0.0
INSP02598,2025-04-28,SCH0223,True,True,True,True,True,Pranav Master,Average,SCH0223,SCH0223,False,28-04-2025,2025-04-28,DASH_DD_MM_YYYY,False,False,Yes,True,False,Available,True,False,Hai,True,False,TRUE,True,False,TRUE,True,False,5.0,0.0,100.0,0.0
INSP01714,2025-05-07,SCH0320,False,True,True,True,True,,Good condition,sch0320,SCH0320,True,05-07-2025,2025-05-07,DASH_MM_DD_AMBIGUOUS,True,False,FALSE,False,False,TRUE,True,False,TRUE,True,False,TRUE,True,False,TRUE,True,False,4.0,1.0,80.0,20.0
INSP02982,2025-09-26,SCH0169,False,True,,,True,Sanya Choudhry,Toilets locked,SCH-0169,SCH0169,True,26-Sep-25,2025-09-26,TEXT_MONTH,False,False,Under Repair,False,False,Y,True,False,,,True,,,True,TRUE,True,False,2.0,1.0,40.0,20.0
INSP00757,2025-10-22,SCH0129,False,True,True,False,True,Bhanumati Sridhar,Needs repair,SCH-0129,SCH0129,True,22-10-2025,2025-10-22,DASH_DD_MM_YYYY,False,False,Broken,False,False,H,True,False,Yes,True,False,0,False,False,TRUE,True,False,3.0,2.0,60.0,40.0
INSP01881,2025-04-29,SCH0593,True,True,True,True,False,Hemani Chander,No remarks,SCH0593,SCH0593,False,29-04-2025,2025-04-29,DASH_DD_MM_YYYY,False,False,Y,True,False,TRUE,True,False,haan,True,False,TRUE,True,False,Nahi,False,False,4.0,1.0,80.0,20.0
INSP00241,2025-09-11,SCH0360,True,True,True,True,True,Peter Rajagopalan,Needs repair,sch_0360,SCH0360,True,09-11-2025,2025-09-11,DASH_MM_DD_AMBIGUOUS,True,False,TRUE,True,False,TRUE,True,False,Haan,True,False,Haan,True,False,TRUE,True,False,5.0,0.0,100.0,0.0
INSP02355,2026-01-22,SCH0211,True,True,False,True,True,Alexander Gokhale,,SCH0211,SCH0211,False,01-22-2026,2026-01-22,DASH_MM_DD_YYYY,False,False,TRUE,True,False,TRUE,True,False,N,False,False,TRUE,True,False,TRUE,True,False,4.0,1.0,80.0,20.0
INSP01666,2025-12-27,SCH0199,True,True,False,False,False,Diya Saini,,S0199,SCH0199,True,27-12-2025,2025-12-27,DASH_DD_MM_YYYY,False,False,TRUE,True,False,TRUE,True,False,FALSE,False,False,FALSE,False,False,Nahi hai,False,False,2.0,3.0,40.0,60.0
INSP02431,2026-03-16,SCH0083,True,True,True,False,True,Ikshita Dhillon,No remarks,83,SCH0083,True,16.03.2026,2026-03-16,DOT_DD_MM_YYYY,False,False,TRUE,True,False,Working,True,False,Haan,True,False,FALSE,False,False,Haan,True,False,4.0,1.0,80.0,20.0
INSP01744,2026-02-10,SCH0308,True,True,True,False,True,Ekansh Bhandari,No remarks,sch_0308,SCH0308,True,02-10-2026,2026-02-10,DASH_MM_DD_AMBIGUOUS,True,False,H,True,False,Functional,True,False,TRUE,True,False,0,False,False,Hai,True,False,4.0,1.0,80.0,20.0
INSP00140,2025-07-10,SCH0103,True,True,False,True,False,Zaitra Chandran,Good condition,SCH0103,SCH0103,False,10.07.2025,2025-07-10,DOT_DD_MM_AMBIGUOUS,True,False,TRUE,True,False,TRUE,True,False,FALSE,False,False,1,True,False,N,False,False,3.0,2.0,60.0,40.0
INSP00347,2025-09-16,SCH0194,,True,False,True,True,Neel Murthy,,sch_0194,SCH0194,True,16-09-2025,2025-09-16,DASH_DD_MM_YYYY,False,False,,,True,TRUE,True,False,FALSE,False,False,H,True,False,TRUE,True,False,3.0,1.0,60.0,20.0
INSP01537,2025-10-29,SCH0105,True,True,True,False,True,Chandran Gopal,,105,SCH0105,True,29-10-2025,2025-10-29,DASH_DD_MM_YYYY,False,False,TRUE,True,False,Functional,True,False,Haan,True,False,FALSE,False,False,TRUE,True,False,4.0,1.0,80.0,20.0
INSP00315,2025-11-13,SCH0483,True,True,True,False,False,Anvi Tara,Needs repair,SCH0483,SCH0483,False,13-11-2025,2025-11-13,DASH_DD_MM_YYYY,False,False,TRUE,True,False,Available,True,False,Hai,True,False,Nahi hai,False,False,FALSE,False,False,3.0,2.0,60.0,40.0
INSP01743,2026-06-02,SCH0257,True,True,True,True,True,,,SCH0257,SCH0257,False,06-02-2026,2026-06-02,DASH_MM_DD_AMBIGUOUS,True,False,TRUE,True,False,TRUE,True,False,TRUE,True,False,TRUE,True,False,Hai,True,False,5.0,0.0,100.0,0.0
INSP00323,2025-02-10,SCH0316,True,True,True,False,False,Raksha Jain,Good condition,SCH0316,SCH0316,False,02-10-2025,2025-02-10,DASH_MM_DD_AMBIGUOUS,True,False,TRUE,True,False,TRUE,True,False,TRUE,True,False,FALSE,False,False,na,False,False,3.0,2.0,60.0,40.0
INSP01682,2026-07-01,SCH0302,True,True,True,True,True,Vaishnavi Rau,Average,sch0302,SCH0302,True,07-01-2026,2026-07-01,DASH_MM_DD_AMBIGUOUS,True,False,Working,True,False,1,True,False,Hai,True,False,Haan,True,False,TRUE,True,False,5.0,0.0,100.0,0.0
INSP01460,2025-09-05,SCH0289,True,False,True,False,,Charles Bahri,Average,289,SCH0289,True,09-05-2025,2025-09-05,DASH_MM_DD_AMBIGUOUS,True,False,Working,True,False,FALSE,False,False,TRUE,True,False,na,False,False,,,True,2.0,2.0,40.0,40.0
INSP02034,2026-01-12,SCH0386,True,False,False,False,False,Zarna Rau,,SCH-0386,SCH0386,True,12.01.2026,2026-01-12,DOT_DD_MM_AMBIGUOUS,True,False,Yes,True,False,FALSE,False,False,0,False,False,FALSE,False,False,FALSE,False,False,1.0,4.0,20.0,80.0
INSP00257,2025-07-21,SCH0408,,True,True,True,True,Advay Rama,Average,sch0408,SCH0408,True,21-07-2025,2025-07-21,DASH_DD_MM_YYYY,False,False,,,True,Hai,True,False,H,True,False,TRUE,True,False,Functional,True,False,4.0,0.0,80.0,0.0
INSP02300,2026-01-17,SCH0566,,False,True,False,True,Balhaar Wable,Toilets locked,SCH0566,SCH0566,False,17.01.2026,2026-01-17,DOT_DD_MM_YYYY,False,False,,,True,No,False,False,TRUE,True,False,N,False,False,TRUE,True,False,2.0,2.0,40.0,40.0
INSP01732,2025-11-12,SCH0529,True,False,False,True,False,Dalaja Lala,Needs repair,SCH0529,SCH0529,False,11-12-2025,2025-11-12,DASH_MM_DD_AMBIGUOUS,True,False,TRUE,True,False,FALSE,False,False,N,False,False,TRUE,True,False,0,False,False,2.0,3.0,40.0,60.0
INSP02601,2026-01-03,SCH0154,True,True,True,False,False,Vrishti Dugar,Toilets locked,SCH0154,SCH0154,False,01-03-2026,2026-01-03,DASH_MM_DD_AMBIGUOUS,True,False,TRUE,True,False,Haan,True,False,Functional,True,False,Nahi hai,False,False,na,False,False,3.0,2.0,60.0,40.0
INSP00204,2025-09-06,SCH0590,True,True,False,True,True,Jacob Mani,No remarks,SCH-0590,SCH0590,True,09-06-2025,2025-09-06,DASH_MM_DD_AMBIGUOUS,True,False,TRUE,True,False,Hai,True,False,na,False,False,1,True,False,TRUE,True,False,4.0,1.0,80.0,20.0
INSP01785,2025-04-03,SCH0488,False,True,True,False,False,Vidhi Om,Good condition,sch_0488,SCH0488,True,04-03-2025,2025-04-03,DASH_MM_DD_AMBIGUOUS,True,False,FALSE,False,False,TRUE,True,False,TRUE,True,False,Not Available,False,False,FALSE,False,False,2.0,3.0,40.0,60.0
INSP00299,2025-12-14,SCH0599,False,True,True,False,False,Odika Bhandari,,sch0599,SCH0599,True,14-12-2025,2025-12-14,DASH_DD_MM_YYYY,False,False,Nahi,False,False,TRUE,True,False,H,True,False,No,False,False,FALSE,False,False,2.0,3.0,40.0,60.0
INSP00052,2025-07-12,SCH0320,False,True,True,False,False,Daksha Kapadia,Good condition,SCH-0320,SCH0320,True,07-12-2025,2025-07-12,DASH_MM_DD_AMBIGUOUS,True,False,FALSE,False,False,TRUE,True,False,Yes,True,False,Nahi,False,False,Kharab,False,False,2.0,3.0,40.0,60.0
INSP00215,2025-05-19,SCH0419,True,True,True,False,False,Ikbal Nagy,Needs repair,SCH0419,SCH0419,False,19-05-2025,2025-05-19,DASH_DD_MM_YYYY,False,False,TRUE,True,False,TRUE,True,False,TRUE,True,False,Kharab,False,False,No,False,False,3.0,2.0,60.0,40.0
INSP00064,2026-03-03,SCH0051,True,True,True,False,False,Forum Choudhary,Toilets locked,SCH0051,SCH0051,False,03.03.2026,2026-03-03,DOT_DD_MM_AMBIGUOUS,True,False,Working,True,False,Haan,True,False,Functional,True,False,FALSE,False,False,Nahi,False,False,3.0,2.0,60.0,40.0
INSP02497,2026-02-23,SCH0004,True,True,True,True,False,Ayushman Vyas,Needs repair,SCH0004,SCH0004,False,23.02.2026,2026-02-23,DOT_DD_MM_YYYY,False,False,Y,True,False,TRUE,True,False,Haan,True,False,Y,True,False,FALSE,False,False,4.0,1.0,80.0,20.0
INSP02801,2025-05-08,SCH0473,False,False,False,True,True,Lavanya Thaker,Needs repair,SCH-0473,SCH0473,True,05-08-2025,2025-05-08,DASH_MM_DD_AMBIGUOUS,True,False,Nahi hai,False,False,na,False,False,N,False,False,TRUE,True,False,TRUE,True,False,2.0,3.0,40.0,60.0
INSP01358,2025-11-12,SCH0527,True,False,True,False,False,Ojasvi Chad,Toilets locked,SCH0527,SCH0527,False,11-12-2025,2025-11-12,DASH_MM_DD_AMBIGUOUS,True,False,TRUE,True,False,Nahi,False,False,Yes,True,False,FALSE,False,False,FALSE,False,False,2.0,3.0,40.0,60.0
INSP00300,2025-04-13,SCH0443,False,True,True,False,True,Yauvani Narang,Toilets locked,sch_0443,SCH0443,True,13-04-2025,2025-04-13,DASH_DD_MM_YYYY,False,False,FALSE,False,False,Haan,True,False,Hai,True,False,N,False,False,TRUE,True,False,3.0,2.0,60.0,40.0
INSP00433,2025-08-27,SCH0523,True,True,True,True,True,Viraj Munshi,Toilets locked,SCH0523,SCH0523,False,27-Aug-25,2025-08-27,TEXT_MONTH,False,False,Working,True,False,Functional,True,False,Functional,True,False,Y,True,False,Yes,True,False,5.0,0.0,100.0,0.0
INSP01101,2026-02-26,SCH0512,False,True,True,False,True,Abdul Dayal,Average,sch0512,SCH0512,True,02-26-2026,2026-02-26,DASH_MM_DD_YYYY,False,False,FALSE,False,False,Haan,True,False,Hai,True,False,0,False,False,Yes,True,False,3.0,2.0,60.0,40.0
INSP00053,2025-05-04,SCH0112,True,True,True,True,False,Lipika Agarwal,Needs repair,SCH0112,SCH0112,False,05-04-2025,2025-05-04,DASH_MM_DD_AMBIGUOUS,True,False,TRUE,True,False,TRUE,True,False,Yes,True,False,Haan,True,False,FALSE,False,False,4.0,1.0,80.0,20.0
INSP00795,2025-10-20,SCH0458,False,True,True,True,,Caleb Pandya,No remarks,458,SCH0458,True,20-10-2025,2025-10-20,DASH_DD_MM_YYYY,False,False,N,False,False,1,True,False,H,True,False,TRUE,True,False,,,True,3.0,1.0,60.0,20.0
INSP02078,2025-10-15,SCH0542,False,True,True,False,False,Raghav Bakshi,Average,SCH0542,SCH0542,False,10-15-2025,2025-10-15,DASH_MM_DD_YYYY,False,False,na,False,False,TRUE,True,False,Yes,True,False,No,False,False,FALSE,False,False,2.0,3.0,40.0,60.0
INSP01252,2025-10-22,SCH0450,True,True,True,False,False,Dev Sawhney,Average,SCH-0450,SCH0450,True,22-Oct-25,2025-10-22,TEXT_MONTH,False,False,TRUE,True,False,Yes,True,False,Yes,True,False,FALSE,False,False,FALSE,False,False,3.0,2.0,60.0,40.0
INSP01075,2025-03-09,SCH0176,False,True,False,True,False,Oviya Sidhu,Average,sch_0176,SCH0176,True,03-09-2025,2025-03-09,DASH_MM_DD_AMBIGUOUS,True,False,FALSE,False,False,Yes,True,False,FALSE,False,False,TRUE,True,False,FALSE,False,False,2.0,3.0,40.0,60.0
INSP02378,2025-03-07,SCH0441,True,True,True,True,False,Manthan Bora,,SCH-0441,SCH0441,True,03-07-2025,2025-03-07,DASH_MM_DD_AMBIGUOUS,True,False,Available,True,False,Working,True,False,TRUE,True,False,TRUE,True,False,Nahi,False,False,4.0,1.0,80.0,20.0
INSP01588,2025-12-12,SCH0440,True,True,True,True,True,Yatin Mander,Toilets locked,SCH0440,SCH0440,False,12-12-2025,2025-12-12,DASH_MM_DD_AMBIGUOUS,True,False,Available,True,False,Available,True,False,Functional,True,False,TRUE,True,False,H,True,False,5.0,0.0,100.0,0.0
INSP01289,2025-10-31,SCH0546,True,True,True,True,True,Brijesh Natarajan,Toilets locked,sch0546,SCH0546,True,31-10-2025,2025-10-31,DASH_DD_MM_YYYY,False,False,TRUE,True,False,TRUE,True,False,1,True,False,TRUE,True,False,TRUE,True,False,5.0,0.0,100.0,0.0
INSP01675,2025-08-26,SCH0035,True,True,True,True,,Rachana Vaidya,No remarks,sch_0035,SCH0035,True,26-08-2025,2025-08-26,DASH_DD_MM_YYYY,False,False,1,True,False,H,True,False,TRUE,True,False,TRUE,True,False,,,True,4.0,0.0,80.0,0.0
INSP02133,2026-01-12,SCH0367,True,False,True,False,False,Krishna Viswanathan,Toilets locked,SCH0367,SCH0367,False,12-Jan-26,2026-01-12,TEXT_MONTH,False,False,Available,True,False,FALSE,False,False,TRUE,True,False,Under Repair,False,False,Nahi,False,False,2.0,3.0,40.0,60.0
INSP01448,2026-03-03,SCH0422,True,True,True,,False,Isaac Pall,Average,sch_0422,SCH0422,True,03-03-2026,2026-03-03,DASH_MM_DD_AMBIGUOUS,True,False,TRUE,True,False,1,True,False,TRUE,True,False,,,True,FALSE,False,False,3.0,1.0,60.0,20.0
INSP02897,2025-10-14,SCH0263,True,True,False,False,False,Idika Muni,No remarks,sch_0263,SCH0263,True,14.10.2025,2025-10-14,DOT_DD_MM_YYYY,False,False,Y,True,False,Yes,True,False,FALSE,False,False,FALSE,False,False,FALSE,False,False,2.0,3.0,40.0,60.0
INSP00071,2025-08-20,SCH0047,True,,True,False,False,Advaith Ghosh,No remarks,47,SCH0047,True,20-08-2025,2025-08-20,DASH_DD_MM_YYYY,False,False,Hai,True,False,,,True,TRUE,True,False,FALSE,False,False,N,False,False,2.0,2.0,40.0,40.0
INSP00643,2026-03-30,SCH0506,True,True,True,True,True,Anjali Lalla,No remarks,sch0506,SCH0506,True,30-03-2026,2026-03-30,DASH_DD_MM_YYYY,False,False,Working,True,False,Functional,True,False,Working,True,False,1,True,False,TRUE,True,False,5.0,0.0,100.0,0.0
INSP02543,2026-03-04,SCH0164,False,True,True,False,True,Quincy Ramaswamy,No remarks,SCH0164,SCH0164,False,04-Mar-26,2026-03-04,TEXT_MONTH,False,False,FALSE,False,False,Haan,True,False,Y,True,False,FALSE,False,False,Working,True,False,3.0,2.0,60.0,40.0
INSP00945,2025-11-12,SCH0073,True,True,True,False,True,Omaja Ghose,Toilets locked,SCH0073,SCH0073,False,11-12-2025,2025-11-12,DASH_MM_DD_AMBIGUOUS,True,False,Yes,True,False,TRUE,True,False,Y,True,False,No,False,False,H,True,False,4.0,1.0,80.0,20.0
INSP02852,2026-11-01,SCH0050,True,True,True,,False,Hardik Venkatesh,,SCH0050,SCH0050,False,11-01-2026,2026-11-01,DASH_MM_DD_AMBIGUOUS,True,False,1,True,False,Hai,True,False,Yes,True,False,,,True,N,False,False,3.0,1.0,60.0,20.0
INSP02539,2025-04-21,SCH0131,True,,True,True,True,Jeet Swaminathan,,SCH0131,SCH0131,False,21-04-2025,2025-04-21,DASH_DD_MM_YYYY,False,False,TRUE,True,False,,,True,Hai,True,False,TRUE,True,False,1,True,False,4.0,0.0,80.0,0.0
INSP01106,2025-04-13,SCH0254,True,,True,True,False,,No remarks,SCH0254,SCH0254,False,13-04-2025,2025-04-13,DASH_DD_MM_YYYY,False,False,TRUE,True,False,,,True,TRUE,True,False,1,True,False,na,False,False,3.0,1.0,60.0,20.0
INSP01175,2025-04-22,SCH0422,False,False,True,False,False,Amaira Tara,Average,SCH0422,SCH0422,False,22-04-2025,2025-04-22,DASH_DD_MM_YYYY,False,False,Broken,False,False,na,False,False,TRUE,True,False,Nahi hai,False,False,Kharab,False,False,1.0,4.0,20.0,80.0
INSP02670,2025-10-08,SCH0525,False,True,False,True,False,Krish Kala,,sch0525,SCH0525,True,10-08-2025,2025-10-08,DASH_MM_DD_AMBIGUOUS,True,False,0,False,False,H,True,False,Broken,False,False,TRUE,True,False,Under Repair,False,False,2.0,3.0,40.0,60.0
INSP01757,2025-04-25,SCH0354,,True,True,True,True,Siya Kashyap,,sch_0354,SCH0354,True,25-Apr-25,2025-04-25,TEXT_MONTH,False,False,,,True,Yes,True,False,TRUE,True,False,TRUE,True,False,TRUE,True,False,4.0,0.0,80.0,0.0
INSP00479,2025-09-07,SCH0535,True,False,True,False,,Eiravati Buch,Toilets locked,SCH0535,SCH0535,False,09-07-2025,2025-09-07,DASH_MM_DD_AMBIGUOUS,True,False,TRUE,True,False,N,False,False,TRUE,True,False,Nahi hai,False,False,,,True,2.0,2.0,40.0,40.0
INSP02178,2026-03-01,SCH0160,True,True,False,False,True,Madhav Rattan,Needs repair,S0160,SCH0160,True,03-01-2026,2026-03-01,DASH_MM_DD_AMBIGUOUS,True,False,haan,True,False,TRUE,True,False,FALSE,False,False,na,False,False,TRUE,True,False,3.0,2.0,60.0,40.0
INSP02429,2025-06-14,SCH0291,True,True,False,True,False,Ekantika Nath,Needs repair,291,SCH0291,True,14-06-2025,2025-06-14,DASH_DD_MM_YYYY,False,False,TRUE,True,False,Y,True,False,FALSE,False,False,TRUE,True,False,FALSE,False,False,3.0,2.0,60.0,40.0
INSP00730,2025-10-09,SCH0305,True,False,True,True,False,Eshana Dey,Needs repair,SCH-0305,SCH0305,True,10-09-2025,2025-10-09,DASH_MM_DD_AMBIGUOUS,True,False,Y,True,False,FALSE,False,False,Y,True,False,H,True,False,N,False,False,3.0,2.0,60.0,40.0
INSP01761,2025-07-18,SCH0564,False,True,True,True,,Tanveer Reddy,Average,S0564,SCH0564,True,18-07-2025,2025-07-18,DASH_DD_MM_YYYY,False,False,Nahi hai,False,False,Y,True,False,Yes,True,False,H,True,False,,,True,3.0,1.0,60.0,20.0
INSP02282,2025-10-30,SCH0168,True,True,True,False,True,Yug Sur,Average,SCH0168,SCH0168,False,30-10-2025,2025-10-30,DASH_DD_MM_YYYY,False,False,TRUE,True,False,TRUE,True,False,haan,True,False,FALSE,False,False,Functional,True,False,4.0,1.0,80.0,20.0
INSP00290,2025-12-28,SCH0416,,True,,True,True,Warjas Vala,,S0416,SCH0416,True,12-28-2025,2025-12-28,DASH_MM_DD_YYYY,False,False,,,True,TRUE,True,False,,,True,1,True,False,TRUE,True,False,3.0,0.0,60.0,0.0
INSP01092,2025-12-23,SCH0532,True,True,True,False,True,Balendra Warrior,Needs repair,SCH0532,SCH0532,False,23-12-2025,2025-12-23,DASH_DD_MM_YYYY,False,False,Yes,True,False,TRUE,True,False,TRUE,True,False,FALSE,False,False,Y,True,False,4.0,1.0,80.0,20.0
INSP01420,2025-01-05,SCH0040,False,True,True,True,,Darsh Nori,Needs repair,sch0040,SCH0040,True,01-05-2025,2025-01-05,DASH_MM_DD_AMBIGUOUS,True,False,FALSE,False,False,Y,True,False,haan,True,False,TRUE,True,False,,,True,3.0,1.0,60.0,20.0
INSP00451,2025-07-15,SCH0490,True,True,False,False,False,Qushi Tella,Average,490,SCH0490,True,15-07-2025,2025-07-15,DASH_DD_MM_YYYY,False,False,TRUE,True,False,TRUE,True,False,N,False,False,Nahi hai,False,False,na,False,False,2.0,3.0,40.0,60.0
INSP02443,2026-02-23,SCH0473,True,,True,True,,Chavvi Pradhan,,sch0473,SCH0473,True,02-23-2026,2026-02-23,DASH_MM_DD_YYYY,False,False,1,True,False,,,True,TRUE,True,False,Yes,True,False,,,True,3.0,0.0,60.0,0.0
INSP00808,2025-07-02,SCH0493,True,False,False,True,,Azaan Basak,,SCH0493,SCH0493,False,02.07.2025,2025-07-02,DOT_DD_MM_AMBIGUOUS,True,False,Working,True,False,Nahi,False,False,FALSE,False,False,haan,True,False,,,True,2.0,2.0,40.0,40.0
INSP00464,2025-06-30,SCH0227,True,True,True,True,False,Bhavya Doshi,Average,SCH0227,SCH0227,False,30-Jun-25,2025-06-30,TEXT_MONTH,False,False,TRUE,True,False,1,True,False,Hai,True,False,Available,True,False,Nahi,False,False,4.0,1.0,80.0,20.0
INSP02529,2025-07-19,SCH0041,True,True,False,True,True,Advik Raja,Needs repair,SCH0041,SCH0041,False,19-07-2025,2025-07-19,DASH_DD_MM_YYYY,False,False,Yes,True,False,Available,True,False,No,False,False,TRUE,True,False,1,True,False,4.0,1.0,80.0,20.0
INSP02699,2025-12-03,SCH0482,True,True,False,True,False,,,SCH-0482,SCH0482,True,12-03-2025,2025-12-03,DASH_MM_DD_AMBIGUOUS,True,False,Haan,True,False,TRUE,True,False,FALSE,False,False,TRUE,True,False,FALSE,False,False,3.0,2.0,60.0,40.0
INSP00568,2026-03-31,SCH0043,True,True,False,False,False,Edhitha Srivastava,Needs repair,43,SCH0043,True,31.03.2026,2026-03-31,DOT_DD_MM_YYYY,False,False,1,True,False,H,True,False,FALSE,False,False,FALSE,False,False,Nahi,False,False,2.0,3.0,40.0,60.0
INSP01611,2025-11-06,SCH0493,True,True,True,True,True,Zehaan Virk,Needs repair,SCH0493,SCH0493,False,11-06-2025,2025-11-06,DASH_MM_DD_AMBIGUOUS,True,False,TRUE,True,False,Available,True,False,TRUE,True,False,H,True,False,TRUE,True,False,5.0,0.0,100.0,0.0
INSP00077,2025-08-18,SCH0186,False,False,True,True,False,Aachal Chandra,Good condition,SCH0186,SCH0186,False,18-08-2025,2025-08-18,DASH_DD_MM_YYYY,False,False,No,False,False,Not Available,False,False,H,True,False,TRUE,True,False,FALSE,False,False,2.0,3.0,40.0,60.0
INSP00332,2025-08-20,SCH0450,True,True,True,True,True,Fiyaz Chanda,Average,SCH-0450,SCH0450,True,20-Aug-25,2025-08-20,TEXT_MONTH,False,False,1,True,False,TRUE,True,False,TRUE,True,False,TRUE,True,False,haan,True,False,5.0,0.0,100.0,0.0
INSP00612,2026-03-17,SCH0327,True,True,True,False,,Geetika Raman,,SCH0327,SCH0327,False,17-03-2026,2026-03-17,DASH_DD_MM_YYYY,False,False,TRUE,True,False,TRUE,True,False,Hai,True,False,0,False,False,,,True,3.0,1.0,60.0,20.0
INSP01074,2025-10-12,SCH0265,False,True,True,True,False,Tanvi Wagle,Toilets locked,S0265,SCH0265,True,10-12-2025,2025-10-12,DASH_MM_DD_AMBIGUOUS,True,False,Nahi hai,False,False,Available,True,False,Haan,True,False,H,True,False,Kharab,False,False,3.0,2.0,60.0,40.0
INSP00786,2026-02-13,SCH0313,False,False,False,True,True,Zarna Bhargava,No remarks,SCH0313,SCH0313,False,13-02-2026,2026-02-13,DASH_DD_MM_YYYY,False,False,na,False,False,FALSE,False,False,Not Available,False,False,TRUE,True,False,TRUE,True,False,2.0,3.0,40.0,60.0
INSP00046,2025-11-14,SCH0280,True,True,True,True,False,Naksh Ray,Good condition,S0280,SCH0280,True,14-Nov-25,2025-11-14,TEXT_MONTH,False,False,TRUE,True,False,H,True,False,TRUE,True,False,Y,True,False,No,False,False,4.0,1.0,80.0,20.0
INSP02908,2025-06-12,SCH0248,True,True,False,True,False,Bhavani Gaba,Toilets locked,SCH0248,SCH0248,False,12-Jun-25,2025-06-12,TEXT_MONTH,False,False,TRUE,True,False,TRUE,True,False,Nahi hai,False,False,TRUE,True,False,FALSE,False,False,3.0,2.0,60.0,40.0
INSP00344,2026-01-06,SCH0451,True,True,True,True,True,Ganga Korpal,Toilets locked,SCH-0451,SCH0451,True,01-06-2026,2026-01-06,DASH_MM_DD_AMBIGUOUS,True,False,Y,True,False,1,True,False,1,True,False,Working,True,False,TRUE,True,False,5.0,0.0,100.0,0.0
INSP02171,2025-11-27,SCH0171,True,True,False,False,False,Anirudh Muni,Good condition,S0171,SCH0171,True,27-11-2025,2025-11-27,DASH_DD_MM_YYYY,False,False,TRUE,True,False,TRUE,True,False,FALSE,False,False,FALSE,False,False,FALSE,False,False,2.0,3.0,40.0,60.0
INSP01560,2025-09-06,SCH0554,True,True,True,False,False,,Needs repair,554,SCH0554,True,06.09.2025,2025-09-06,DOT_DD_MM_AMBIGUOUS,True,False,TRUE,True,False,TRUE,True,False,TRUE,True,False,FALSE,False,False,No,False,False,3.0,2.0,60.0,40.0
INSP00545,2025-06-02,SCH0302,False,True,True,True,True,Ishanvi Wason,Needs repair,SCH-0302,SCH0302,True,02-Jun-25,2025-06-02,TEXT_MONTH,False,False,FALSE,False,False,H,True,False,TRUE,True,False,TRUE,True,False,TRUE,True,False,4.0,1.0,80.0,20.0
INSP01024,2025-11-08,SCH0428,True,True,True,True,True,Rehaan Ahluwalia,No remarks,SCH0428,SCH0428,False,11-08-2025,2025-11-08,DASH_MM_DD_AMBIGUOUS,True,False,TRUE,True,False,Y,True,False,Hai,True,False,TRUE,True,False,Y,True,False,5.0,0.0,100.0,0.0
INSP00153,2025-10-15,SCH0540,True,True,True,True,True,Geetika Kulkarni,,sch0540,SCH0540,True,15.10.2025,2025-10-15,DOT_DD_MM_YYYY,False,False,TRUE,True,False,H,True,False,Y,True,False,Yes,True,False,TRUE,True,False,5.0,0.0,100.0,0.0
INSP01981,2025-03-05,SCH0499,True,True,True,False,False,,Toilets locked,sch_0499,SCH0499,True,03-05-2025,2025-03-05,DASH_MM_DD_AMBIGUOUS,True,False,TRUE,True,False,1,True,False,TRUE,True,False,0,False,False,FALSE,False,False,3.0,2.0,60.0,40.0
INSP01323,2025-07-09,SCH0264,True,True,True,True,False,Triya Dutta,No remarks,SCH0264,SCH0264,False,07-09-2025,2025-07-09,DASH_MM_DD_AMBIGUOUS,True,False,Haan,True,False,Functional,True,False,H,True,False,Yes,True,False,FALSE,False,False,4.0,1.0,80.0,20.0
INSP01019,2025-06-06,SCH0303,True,True,True,True,False,Vedant Hayer,No remarks,sch_0303,SCH0303,True,06-06-2025,2025-06-06,DASH_MM_DD_AMBIGUOUS,True,False,Available,True,False,TRUE,True,False,TRUE,True,False,haan,True,False,Under Repair,False,False,4.0,1.0,80.0,20.0
INSP02182,2026-01-29,SCH0248,True,True,True,False,True,Krisha Mital,Good condition,SCH0248,SCH0248,False,29-01-2026,2026-01-29,DASH_DD_MM_YYYY,False,False,Haan,True,False,Working,True,False,TRUE,True,False,FALSE,False,False,TRUE,True,False,4.0,1.0,80.0,20.0
INSP00001,2025-09-22,SCH0087,True,True,True,True,,Ira Ranganathan,Good condition,87,SCH0087,True,22-09-2025,2025-09-22,DASH_DD_MM_YYYY,False,False,TRUE,True,False,TRUE,True,False,TRUE,True,False,haan,True,False,,,True,4.0,0.0,80.0,0.0
INSP01463,2025-06-28,SCH0247,False,True,False,True,True,Alexander Garde,Needs repair,S0247,SCH0247,True,28-06-2025,2025-06-28,DASH_DD_MM_YYYY,False,False,Nahi,False,False,Working,True,False,0,False,False,TRUE,True,False,TRUE,True,False,3.0,2.0,60.0,40.0
INSP00622,2025-05-10,SCH0089,False,True,True,False,False,Girish Batta,Average,sch_0089,SCH0089,True,05-10-2025,2025-05-10,DASH_MM_DD_AMBIGUOUS,True,False,FALSE,False,False,TRUE,True,False,TRUE,True,False,FALSE,False,False,FALSE,False,False,2.0,3.0,40.0,60.0
INSP00409,2025-04-17,SCH0069,True,True,True,False,True,Vaishnavi Sarkar,No remarks,sch_0069,SCH0069,True,17.04.2025,2025-04-17,DOT_DD_MM_YYYY,False,False,H,True,False,TRUE,True,False,TRUE,True,False,Nahi,False,False,Working,True,False,4.0,1.0,80.0,20.0
INSP02837,2025-06-04,SCH0424,False,False,False,False,False,Gabriel Biswas,Average,sch0424,SCH0424,True,06-04-2025,2025-06-04,DASH_MM_DD_AMBIGUOUS,True,False,FALSE,False,False,Under Repair,False,False,Nahi,False,False,FALSE,False,False,Under Repair,False,False,0.0,5.0,0.0,100.0
INSP01967,2025-08-30,SCH0105,True,False,True,False,False,Yoshita Sridhar,Toilets locked,SCH0105,SCH0105,False,30-08-2025,2025-08-30,DASH_DD_MM_YYYY,False,False,TRUE,True,False,na,False,False,Y,True,False,FALSE,False,False,FALSE,False,False,2.0,3.0,40.0,60.0
INSP02845,2025-11-29,SCH0341,True,True,True,True,True,Parth Bawa,Average,SCH0341,SCH0341,False,11-29-2025,2025-11-29,DASH_MM_DD_YYYY,False,False,TRUE,True,False,TRUE,True,False,TRUE,True,False,TRUE,True,False,TRUE,True,False,5.0,0.0,100.0,0.0
INSP01622,2026-03-15,SCH0546,True,True,False,False,True,Chaman Dubey,,SCH0546,SCH0546,False,15-03-2026,2026-03-15,DASH_DD_MM_YYYY,False,False,TRUE,True,False,TRUE,True,False,FALSE,False,False,Nahi,False,False,Y,True,False,3.0,2.0,60.0,40.0
INSP01367,2025-12-21,SCH0078,True,True,True,True,True,Suhani Viswanathan,Good condition,sch0078,SCH0078,True,21-12-2025,2025-12-21,DASH_DD_MM_YYYY,False,False,TRUE,True,False,Functional,True,False,Hai,True,False,TRUE,True,False,Hai,True,False,5.0,0.0,100.0,0.0
INSP00888,2025-08-21,SCH0179,False,False,True,,False,Niharika Subramaniam,,sch_0179,SCH0179,True,21-08-2025,2025-08-21,DASH_DD_MM_YYYY,False,False,No,False,False,Nahi hai,False,False,TRUE,True,False,,,True,na,False,False,1.0,3.0,20.0,60.0
INSP01845,2025-05-20,SCH0105,True,True,True,True,False,Wridesh Patil,,SCH-0105,SCH0105,True,05-20-2025,2025-05-20,DASH_MM_DD_YYYY,False,False,TRUE,True,False,Working,True,False,TRUE,True,False,TRUE,True,False,Under Repair,False,False,4.0,1.0,80.0,20.0
INSP00033,2025-06-24,SCH0323,True,True,True,True,True,Urvi Dani,,SCH-0323,SCH0323,True,24-06-2025,2025-06-24,DASH_DD_MM_YYYY,False,False,Working,True,False,TRUE,True,False,TRUE,True,False,Yes,True,False,1,True,False,5.0,0.0,100.0,0.0
INSP00212,2025-05-22,SCH0080,True,True,True,False,False,Daksh Vora,Good condition,SCH0080,SCH0080,False,22-05-2025,2025-05-22,DASH_DD_MM_YYYY,False,False,Working,True,False,TRUE,True,False,Available,True,False,FALSE,False,False,FALSE,False,False,3.0,2.0,60.0,40.0
INSP02551,2025-12-20,SCH0186,True,True,True,True,False,David Cheema,Toilets locked,sch_0186,SCH0186,True,20-12-2025,2025-12-20,DASH_DD_MM_YYYY,False,False,TRUE,True,False,TRUE,True,False,Working,True,False,1,True,False,Kharab,False,False,4.0,1.0,80.0,20.0
INSP00015,2025-05-04,SCH0124,True,True,False,True,True,Yashoda Jani,Average,SCH0124,SCH0124,False,05-04-2025,2025-05-04,DASH_MM_DD_AMBIGUOUS,True,False,TRUE,True,False,TRUE,True,False,FALSE,False,False,H,True,False,Y,True,False,4.0,1.0,80.0,20.0
INSP00094,2025-10-28,SCH0234,True,False,True,False,True,Ekapad Rattan,Needs repair,SCH0234,SCH0234,False,28-Oct-25,2025-10-28,TEXT_MONTH,False,False,Y,True,False,na,False,False,TRUE,True,False,No,False,False,TRUE,True,False,3.0,2.0,60.0,40.0
INSP01256,2025-08-30,SCH0037,True,True,True,True,True,Manya Mody,No remarks,SCH0037,SCH0037,False,30.08.2025,2025-08-30,DOT_DD_MM_YYYY,False,False,H,True,False,TRUE,True,False,TRUE,True,False,haan,True,False,TRUE,True,False,5.0,0.0,100.0,0.0
INSP01398,2025-05-11,SCH0517,True,True,True,False,False,Wahab Patil,Toilets locked,sch_0517,SCH0517,True,05-11-2025,2025-05-11,DASH_MM_DD_AMBIGUOUS,True,False,1,True,False,haan,True,False,haan,True,False,Nahi,False,False,FALSE,False,False,3.0,2.0,60.0,40.0
INSP02819,2025-10-11,SCH0116,True,True,False,,True,,Good condition,SCH-0116,SCH0116,True,10-11-2025,2025-10-11,DASH_MM_DD_AMBIGUOUS,True,False,TRUE,True,False,TRUE,True,False,FALSE,False,False,,,True,Hai,True,False,3.0,1.0,60.0,20.0
INSP00355,2026-03-02,SCH0410,True,True,,True,False,Yoshita Nazareth,Average,SCH0410,SCH0410,False,03-02-2026,2026-03-02,DASH_MM_DD_AMBIGUOUS,True,False,TRUE,True,False,Y,True,False,,,True,TRUE,True,False,FALSE,False,False,3.0,1.0,60.0,20.0
INSP00150,2025-12-30,SCH0428,True,False,False,False,True,Christopher Dutt,Good condition,SCH0428,SCH0428,False,30-12-2025,2025-12-30,DASH_DD_MM_YYYY,False,False,TRUE,True,False,FALSE,False,False,FALSE,False,False,No,False,False,TRUE,True,False,2.0,3.0,40.0,60.0
INSP00255,2025-05-05,SCH0540,True,True,False,True,True,Jai Varughese,Average,sch_0540,SCH0540,True,05-May-25,2025-05-05,TEXT_MONTH,False,False,TRUE,True,False,TRUE,True,False,na,False,False,TRUE,True,False,Available,True,False,4.0,1.0,80.0,20.0
INSP02030,2025-04-04,SCH0010,True,True,False,True,False,,,sch0010,SCH0010,True,04-04-2025,2025-04-04,DASH_MM_DD_AMBIGUOUS,True,False,TRUE,True,False,TRUE,True,False,FALSE,False,False,TRUE,True,False,FALSE,False,False,3.0,2.0,60.0,40.0
INSP00599,2025-04-13,SCH0292,True,True,False,True,False,Bakhshi Shan,,S0292,SCH0292,True,13.04.2025,2025-04-13,DOT_DD_MM_YYYY,False,False,TRUE,True,False,Y,True,False,na,False,False,TRUE,True,False,No,False,False,3.0,2.0,60.0,40.0
INSP00185,2025-05-30,SCH0041,False,True,True,False,False,Osha Iyengar,No remarks,S0041,SCH0041,True,30-05-2025,2025-05-30,DASH_DD_MM_YYYY,False,False,FALSE,False,False,TRUE,True,False,Y,True,False,FALSE,False,False,FALSE,False,False,2.0,3.0,40.0,60.0
INSP00579,2025-07-06,SCH0345,False,True,False,False,False,,Average,sch0345,SCH0345,True,07-06-2025,2025-07-06,DASH_MM_DD_AMBIGUOUS,True,False,0,False,False,Yes,True,False,Under Repair,False,False,FALSE,False,False,FALSE,False,False,1.0,4.0,20.0,80.0
INSP01091,2025-12-09,SCH0447,True,True,True,True,True,,,S0447,SCH0447,True,12-09-2025,2025-12-09,DASH_MM_DD_AMBIGUOUS,True,False,H,True,False,Y,True,False,TRUE,True,False,TRUE,True,False,TRUE,True,False,5.0,0.0,100.0,0.0
INSP01174,2025-11-25,SCH0340,True,True,True,True,False,Maanav Rau,Needs repair,sch_0340,SCH0340,True,25-Nov-25,2025-11-25,TEXT_MONTH,False,False,1,True,False,1,True,False,TRUE,True,False,Yes,True,False,FALSE,False,False,4.0,1.0,80.0,20.0
INSP02252,2025-04-12,SCH0476,True,True,True,False,False,Anita Kannan,,SCH0476,SCH0476,False,04-12-2025,2025-04-12,DASH_MM_DD_AMBIGUOUS,True,False,TRUE,True,False,1,True,False,Working,True,False,No,False,False,Nahi,False,False,3.0,2.0,60.0,40.0
INSP00472,2025-08-26,SCH0242,True,True,True,False,True,Janya Lalla,Average,SCH-0242,SCH0242,True,26-08-2025,2025-08-26,DASH_DD_MM_YYYY,False,False,Available,True,False,TRUE,True,False,Haan,True,False,FALSE,False,False,Available,True,False,4.0,1.0,80.0,20.0
INSP01966,2026-03-13,SCH0281,True,True,False,False,True,Vihaan Varma,Good condition,281,SCH0281,True,13-03-2026,2026-03-13,DASH_DD_MM_YYYY,False,False,Y,True,False,Y,True,False,FALSE,False,False,FALSE,False,False,TRUE,True,False,3.0,2.0,60.0,40.0
INSP01964,2025-06-21,SCH0598,True,True,True,True,False,Jeevika Pandit,Average,SCH0598,SCH0598,False,21-06-2025,2025-06-21,DASH_DD_MM_YYYY,False,False,H,True,False,TRUE,True,False,H,True,False,Available,True,False,FALSE,False,False,4.0,1.0,80.0,20.0
INSP01303,2026-03-17,SCH0359,True,True,,True,False,Vihaan Bora,Good condition,sch_0359,SCH0359,True,17-03-2026,2026-03-17,DASH_DD_MM_YYYY,False,False,TRUE,True,False,Yes,True,False,,,True,TRUE,True,False,0,False,False,3.0,1.0,60.0,20.0
INSP02998,2026-03-20,SCH0117,True,True,,True,False,Arya Shenoy,Toilets locked,SCH0117,SCH0117,False,20-Mar-26,2026-03-20,TEXT_MONTH,False,False,haan,True,False,1,True,False,,,True,TRUE,True,False,0,False,False,3.0,1.0,60.0,20.0
INSP00258,2025-06-07,SCH0067,False,True,True,True,False,Unnati Iyengar,Toilets locked,SCH-0067,SCH0067,True,07.06.2025,2025-06-07,DOT_DD_MM_AMBIGUOUS,True,False,FALSE,False,False,TRUE,True,False,H,True,False,Y,True,False,Nahi hai,False,False,3.0,2.0,60.0,40.0
INSP00933,2025-07-02,SCH0176,False,True,True,True,True,Yashasvi Sethi,No remarks,SCH0176,SCH0176,False,02-Jul-25,2025-07-02,TEXT_MONTH,False,False,0,False,False,TRUE,True,False,Y,True,False,TRUE,True,False,Hai,True,False,4.0,1.0,80.0,20.0
INSP01685,2025-11-20,SCH0505,True,True,False,False,False,Ayushman Chand,Average,SCH0505,SCH0505,False,20-11-2025,2025-11-20,DASH_DD_MM_YYYY,False,False,Available,True,False,Y,True,False,Nahi hai,False,False,Nahi hai,False,False,FALSE,False,False,2.0,3.0,40.0,60.0
INSP00719,2025-12-06,SCH0533,True,True,True,True,True,Harinakshi Boase,,SCH0533,SCH0533,False,12-06-2025,2025-12-06,DASH_MM_DD_AMBIGUOUS,True,False,TRUE,True,False,haan,True,False,TRUE,True,False,Haan,True,False,Haan,True,False,5.0,0.0,100.0,0.0
INSP00597,2026-06-02,SCH0014,False,True,False,True,False,Rohan Rau,No remarks,14,SCH0014,True,06-02-2026,2026-06-02,DASH_MM_DD_AMBIGUOUS,True,False,N,False,False,TRUE,True,False,FALSE,False,False,TRUE,True,False,No,False,False,2.0,3.0,40.0,60.0
INSP00611,2025-01-09,SCH0432,True,True,True,True,True,Nachiket Purohit,No remarks,S0432,SCH0432,True,01-09-2025,2025-01-09,DASH_MM_DD_AMBIGUOUS,True,False,haan,True,False,1,True,False,1,True,False,Functional,True,False,Hai,True,False,5.0,0.0,100.0,0.0
INSP00756,2025-10-24,SCH0489,,True,True,False,False,Suhani Baral,Toilets locked,sch0489,SCH0489,True,24-10-2025,2025-10-24,DASH_DD_MM_YYYY,False,False,,,True,haan,True,False,Functional,True,False,FALSE,False,False,FALSE,False,False,2.0,2.0,40.0,40.0
INSP02326,2025-08-14,SCH0196,True,True,True,True,True,Wazir Varty,Good condition,SCH0196,SCH0196,False,08-14-2025,2025-08-14,DASH_MM_DD_YYYY,False,False,Working,True,False,haan,True,False,1,True,False,TRUE,True,False,Haan,True,False,5.0,0.0,100.0,0.0
INSP01507,2025-09-28,SCH0177,False,,True,False,True,Chanchal Parmer,,sch0177,SCH0177,True,28-09-2025,2025-09-28,DASH_DD_MM_YYYY,False,False,FALSE,False,False,,,True,TRUE,True,False,FALSE,False,False,Yes,True,False,2.0,2.0,40.0,40.0
INSP02488,2025-12-13,SCH0209,True,False,True,True,False,Urvi Datta,Toilets locked,SCH-0209,SCH0209,True,12-13-2025,2025-12-13,DASH_MM_DD_YYYY,False,False,TRUE,True,False,na,False,False,TRUE,True,False,TRUE,True,False,FALSE,False,False,3.0,2.0,60.0,40.0
INSP01887,2025-07-16,SCH0019,True,True,True,True,False,Balvan Vohra,,19,SCH0019,True,16-Jul-25,2025-07-16,TEXT_MONTH,False,False,TRUE,True,False,Working,True,False,TRUE,True,False,TRUE,True,False,Under Repair,False,False,4.0,1.0,80.0,20.0
INSP01339,2025-04-11,SCH0428,False,True,False,True,True,,Good condition,sch0428,SCH0428,True,11-Apr-25,2025-04-11,TEXT_MONTH,False,False,0,False,False,TRUE,True,False,FALSE,False,False,1,True,False,H,True,False,3.0,2.0,60.0,40.0
INSP02612,2025-08-09,SCH0400,,True,True,False,False,Wahab Thakkar,No remarks,SCH0400,SCH0400,False,08-09-2025,2025-08-09,DASH_MM_DD_AMBIGUOUS,True,False,,,True,Working,True,False,haan,True,False,N,False,False,FALSE,False,False,2.0,2.0,40.0,40.0
INSP00175,2025-04-18,SCH0427,True,True,True,False,False,Abdul Ratti,Average,sch_0427,SCH0427,True,18-04-2025,2025-04-18,DASH_DD_MM_YYYY,False,False,1,True,False,Hai,True,False,Working,True,False,N,False,False,Not Available,False,False,3.0,2.0,60.0,40.0
INSP01392,2025-07-10,SCH0428,True,True,True,True,True,Yug Pradhan,Needs repair,S0428,SCH0428,True,10-Jul-25,2025-07-10,TEXT_MONTH,False,False,1,True,False,H,True,False,TRUE,True,False,TRUE,True,False,1,True,False,5.0,0.0,100.0,0.0
INSP02249,2026-03-17,SCH0026,True,True,True,True,False,Tanmayi Goel,,SCH0026,SCH0026,False,17-03-2026,2026-03-17,DASH_DD_MM_YYYY,False,False,haan,True,False,TRUE,True,False,TRUE,True,False,TRUE,True,False,Under Repair,False,False,4.0,1.0,80.0,20.0
INSP00121,2025-08-09,SCH0480,True,True,True,True,True,Ekanta Ramesh,No remarks,SCH0480,SCH0480,False,08-09-2025,2025-08-09,DASH_MM_DD_AMBIGUOUS,True,False,TRUE,True,False,H,True,False,haan,True,False,H,True,False,TRUE,True,False,5.0,0.0,100.0,0.0
INSP02893,2026-09-01,SCH0257,True,True,True,True,True,Maya Cheema,Toilets locked,sch_0257,SCH0257,True,09-01-2026,2026-09-01,DASH_MM_DD_AMBIGUOUS,True,False,TRUE,True,False,1,True,False,Hai,True,False,Y,True,False,TRUE,True,False,5.0,0.0,100.0,0.0
INSP00529,2026-03-25,SCH0080,True,True,True,,True,Jacob Buch,Needs repair,sch0080,SCH0080,True,25-03-2026,2026-03-25,DASH_DD_MM_YYYY,False,False,Haan,True,False,Working,True,False,haan,True,False,,,True,TRUE,True,False,4.0,0.0,80.0,0.0
INSP02568,2026-01-24,SCH0356,True,True,False,True,True,Mahika Swaminathan,,sch_0356,SCH0356,True,24-01-2026,2026-01-24,DASH_DD_MM_YYYY,False,False,TRUE,True,False,TRUE,True,False,FALSE,False,False,TRUE,True,False,TRUE,True,False,4.0,1.0,80.0,20.0
INSP00904,2026-02-13,SCH0380,,True,True,,False,Sai Vasa,Toilets locked,S0380,SCH0380,True,13-02-2026,2026-02-13,DASH_DD_MM_YYYY,False,False,,,True,H,True,False,1,True,False,,,True,FALSE,False,False,2.0,1.0,40.0,20.0
INSP02916,2026-03-19,SCH0327,True,True,False,False,True,Aditya Korpal,Needs repair,sch_0327,SCH0327,True,19-03-2026,2026-03-19,DASH_DD_MM_YYYY,False,False,TRUE,True,False,1,True,False,Nahi,False,False,FALSE,False,False,TRUE,True,False,3.0,2.0,60.0,40.0
INSP00440,2025-10-15,SCH0026,True,True,True,True,True,Ronith Desai,Toilets locked,SCH-0026,SCH0026,True,10-15-2025,2025-10-15,DASH_MM_DD_YYYY,False,False,haan,True,False,TRUE,True,False,1,True,False,TRUE,True,False,TRUE,True,False,5.0,0.0,100.0,0.0
INSP01379,2025-06-04,SCH0026,True,True,True,True,,Samar Sandal,Average,sch_0026,SCH0026,True,06-04-2025,2025-06-04,DASH_MM_DD_AMBIGUOUS,True,False,TRUE,True,False,H,True,False,Yes,True,False,1,True,False,,,True,4.0,0.0,80.0,0.0
INSP02773,2025-08-27,SCH0124,True,True,True,True,True,Pratyush Parsa,Good condition,SCH0124,SCH0124,False,27-Aug-25,2025-08-27,TEXT_MONTH,False,False,TRUE,True,False,TRUE,True,False,TRUE,True,False,Available,True,False,TRUE,True,False,5.0,0.0,100.0,0.0
INSP02145,2025-07-12,SCH0522,True,,False,True,True,Hemal Contractor,Good condition,SCH0522,SCH0522,False,07-12-2025,2025-07-12,DASH_MM_DD_AMBIGUOUS,True,False,Yes,True,False,,,True,FALSE,False,False,haan,True,False,H,True,False,3.0,1.0,60.0,20.0
INSP00189,2025-12-10,SCH0311,True,True,True,True,True,Ishanvi Mangal,Average,SCH-0311,SCH0311,True,12-10-2025,2025-12-10,DASH_MM_DD_AMBIGUOUS,True,False,TRUE,True,False,1,True,False,TRUE,True,False,haan,True,False,Working,True,False,5.0,0.0,100.0,0.0
INSP01951,2025-08-13,SCH0202,True,True,False,True,True,,Average,SCH-0202,SCH0202,True,13.08.2025,2025-08-13,DOT_DD_MM_YYYY,False,False,Haan,True,False,Y,True,False,0,False,False,haan,True,False,TRUE,True,False,4.0,1.0,80.0,20.0
INSP01265,2026-12-01,SCH0122,True,True,True,False,False,Maanas Murty,Toilets locked,SCH-0122,SCH0122,True,12-01-2026,2026-12-01,DASH_MM_DD_AMBIGUOUS,True,False,Y,True,False,Y,True,False,TRUE,True,False,na,False,False,N,False,False,3.0,2.0,60.0,40.0
INSP02351,2025-04-20,SCH0204,True,False,True,False,False,Leena Wason,,SCH0204,SCH0204,False,20-Apr-25,2025-04-20,TEXT_MONTH,False,False,TRUE,True,False,FALSE,False,False,Y,True,False,FALSE,False,False,Nahi hai,False,False,2.0,3.0,40.0,60.0
INSP01115,2025-09-04,SCH0269,,False,False,True,True,Darsh Krishna,No remarks,sch_0269,SCH0269,True,09-04-2025,2025-09-04,DASH_MM_DD_AMBIGUOUS,True,False,,,True,FALSE,False,False,na,False,False,TRUE,True,False,H,True,False,2.0,2.0,40.0,40.0
INSP00271,2026-01-12,SCH0240,True,True,True,True,False,Timothy Ghosh,Toilets locked,SCH0240,SCH0240,False,01-12-2026,2026-01-12,DASH_MM_DD_AMBIGUOUS,True,False,haan,True,False,H,True,False,Yes,True,False,TRUE,True,False,FALSE,False,False,4.0,1.0,80.0,20.0
INSP00252,2025-04-10,SCH0111,True,True,True,True,False,Mohini Soni,,SCH0111,SCH0111,False,04-10-2025,2025-04-10,DASH_MM_DD_AMBIGUOUS,True,False,Y,True,False,TRUE,True,False,haan,True,False,1,True,False,FALSE,False,False,4.0,1.0,80.0,20.0
INSP00369,2026-03-27,SCH0347,False,True,False,True,True,Geetika Mishra,Toilets locked,347,SCH0347,True,03-27-2026,2026-03-27,DASH_MM_DD_YYYY,False,False,Nahi,False,False,TRUE,True,False,Nahi hai,False,False,Yes,True,False,Haan,True,False,3.0,2.0,60.0,40.0
INSP00388,2025-06-27,SCH0573,True,True,True,False,True,Ishaan Chandran,Average,sch_0573,SCH0573,True,27-06-2025,2025-06-27,DASH_DD_MM_YYYY,False,False,Available,True,False,TRUE,True,False,H,True,False,Nahi hai,False,False,Functional,True,False,4.0,1.0,80.0,20.0
INSP01422,2026-01-09,SCH0024,True,True,,True,False,George Rai,Good condition,sch0024,SCH0024,True,09.01.2026,2026-01-09,DOT_DD_MM_AMBIGUOUS,True,False,TRUE,True,False,TRUE,True,False,,,True,haan,True,False,Nahi,False,False,3.0,1.0,60.0,20.0
INSP00810,2025-10-25,SCH0511,False,True,True,False,False,Ira Lall,,sch_0511,SCH0511,True,25-10-2025,2025-10-25,DASH_DD_MM_YYYY,False,False,Nahi hai,False,False,TRUE,True,False,TRUE,True,False,FALSE,False,False,FALSE,False,False,2.0,3.0,40.0,60.0
INSP01953,2025-06-06,SCH0033,False,,False,False,True,Ria Ray,No remarks,SCH0033,SCH0033,False,06-06-2025,2025-06-06,DASH_MM_DD_AMBIGUOUS,True,False,Kharab,False,False,,,True,na,False,False,Nahi hai,False,False,TRUE,True,False,1.0,3.0,20.0,60.0
INSP02483,2025-06-27,SCH0237,,True,True,True,True,Bhanumati Balay,Needs repair,SCH0237,SCH0237,False,27-06-2025,2025-06-27,DASH_DD_MM_YYYY,False,False,,,True,H,True,False,1,True,False,TRUE,True,False,TRUE,True,False,4.0,0.0,80.0,0.0
INSP00247,2025-12-19,SCH0255,False,True,False,True,False,,Needs repair,sch0255,SCH0255,True,19-12-2025,2025-12-19,DASH_DD_MM_YYYY,False,False,No,False,False,TRUE,True,False,FALSE,False,False,TRUE,True,False,FALSE,False,False,2.0,3.0,40.0,60.0
INSP01238,2025-05-20,SCH0211,True,True,False,True,True,Finn Oommen,No remarks,SCH0211,SCH0211,False,20-05-2025,2025-05-20,DASH_DD_MM_YYYY,False,False,1,True,False,Y,True,False,na,False,False,TRUE,True,False,Yes,True,False,4.0,1.0,80.0,20.0
INSP02432,2025-05-08,SCH0406,True,,True,False,True,Lekha Khanna,Average,S0406,SCH0406,True,05-08-2025,2025-05-08,DASH_MM_DD_AMBIGUOUS,True,False,TRUE,True,False,,,True,Haan,True,False,Under Repair,False,False,TRUE,True,False,3.0,1.0,60.0,20.0
INSP01150,2025-10-09,SCH0432,False,True,True,False,False,Abhimanyu Gopal,Needs repair,SCH0432,SCH0432,False,09-Oct-25,2025-10-09,TEXT_MONTH,False,False,na,False,False,TRUE,True,False,TRUE,True,False,FALSE,False,False,Nahi,False,False,2.0,3.0,40.0,60.0
INSP02168,2025-03-09,SCH0592,False,True,True,True,False,Isha Nazareth,,S0592,SCH0592,True,03-09-2025,2025-03-09,DASH_MM_DD_AMBIGUOUS,True,False,Not Available,False,False,1,True,False,H,True,False,TRUE,True,False,Not Available,False,False,3.0,2.0,60.0,40.0
INSP00977,2025-08-28,SCH0305,True,True,True,True,False,Samar Modi,Good condition,305,SCH0305,True,28.08.2025,2025-08-28,DOT_DD_MM_YYYY,False,False,1,True,False,Yes,True,False,TRUE,True,False,Working,True,False,N,False,False,4.0,1.0,80.0,20.0
INSP02500,2025-09-14,SCH0294,True,True,True,True,,,Needs repair,SCH0294,SCH0294,False,09-14-2025,2025-09-14,DASH_MM_DD_YYYY,False,False,Y,True,False,Haan,True,False,1,True,False,TRUE,True,False,,,True,4.0,0.0,80.0,0.0
INSP02165,2025-10-31,SCH0541,True,True,True,True,True,Vansha Mand,Toilets locked,SCH0541,SCH0541,False,31-Oct-25,2025-10-31,TEXT_MONTH,False,False,TRUE,True,False,TRUE,True,False,haan,True,False,Hai,True,False,TRUE,True,False,5.0,0.0,100.0,0.0
INSP00444,2026-02-04,SCH0458,True,True,True,True,True,Abha Om,Toilets locked,SCH0458,SCH0458,False,04-Feb-26,2026-02-04,TEXT_MONTH,False,False,Hai,True,False,TRUE,True,False,Working,True,False,TRUE,True,False,haan,True,False,5.0,0.0,100.0,0.0
INSP02806,2025-12-10,SCH0599,True,True,False,False,True,Abhiram Karnik,Needs repair,599,SCH0599,True,12-10-2025,2025-12-10,DASH_MM_DD_AMBIGUOUS,True,False,Hai,True,False,TRUE,True,False,FALSE,False,False,FALSE,False,False,TRUE,True,False,3.0,2.0,60.0,40.0
INSP00565,2025-07-21,SCH0573,True,False,True,True,False,Lohit Palan,Good condition,S0573,SCH0573,True,21-Jul-25,2025-07-21,TEXT_MONTH,False,False,TRUE,True,False,Nahi hai,False,False,TRUE,True,False,Yes,True,False,FALSE,False,False,3.0,2.0,60.0,40.0
INSP02093,2025-10-29,SCH0375,True,True,True,True,True,Rudra Master,Toilets locked,S0375,SCH0375,True,29-Oct-25,2025-10-29,TEXT_MONTH,False,False,Yes,True,False,Yes,True,False,TRUE,True,False,Working,True,False,TRUE,True,False,5.0,0.0,100.0,0.0
INSP00677,2025-11-04,SCH0143,False,True,True,True,False,Turvi Agarwal,Needs repair,SCH0143,SCH0143,False,11-04-2025,2025-11-04,DASH_MM_DD_AMBIGUOUS,True,False,0,False,False,TRUE,True,False,Y,True,False,TRUE,True,False,FALSE,False,False,3.0,2.0,60.0,40.0
INSP00880,2025-08-07,SCH0590,True,True,True,,False,,Toilets locked,SCH0590,SCH0590,False,08-07-2025,2025-08-07,DASH_MM_DD_AMBIGUOUS,True,False,Working,True,False,Y,True,False,TRUE,True,False,,,True,FALSE,False,False,3.0,1.0,60.0,20.0
INSP02660,2026-07-03,SCH0552,True,True,False,True,False,Nidra Bhatt,No remarks,sch0552,SCH0552,True,07-03-2026,2026-07-03,DASH_MM_DD_AMBIGUOUS,True,False,TRUE,True,False,Y,True,False,FALSE,False,False,TRUE,True,False,na,False,False,3.0,2.0,60.0,40.0
INSP01860,2025-08-17,SCH0576,True,True,True,True,False,Onveer Kalla,Toilets locked,SCH0576,SCH0576,False,08-17-2025,2025-08-17,DASH_MM_DD_YYYY,False,False,TRUE,True,False,TRUE,True,False,Available,True,False,H,True,False,Nahi hai,False,False,4.0,1.0,80.0,20.0
INSP02795,2025-12-15,SCH0260,True,True,True,True,False,Arin Seshadri,Average,SCH0260,SCH0260,False,15.12.2025,2025-12-15,DOT_DD_MM_YYYY,False,False,TRUE,True,False,TRUE,True,False,TRUE,True,False,1,True,False,N,False,False,4.0,1.0,80.0,20.0
INSP00176,2025-11-13,SCH0556,True,True,True,False,False,Tanay Master,Toilets locked,SCH0556,SCH0556,False,13-11-2025,2025-11-13,DASH_DD_MM_YYYY,False,False,1,True,False,TRUE,True,False,Hai,True,False,FALSE,False,False,FALSE,False,False,3.0,2.0,60.0,40.0
INSP00556,2025-06-16,SCH0479,False,True,True,False,False,Banjeet Garde,Toilets locked,sch0479,SCH0479,True,16-Jun-25,2025-06-16,TEXT_MONTH,False,False,na,False,False,TRUE,True,False,Haan,True,False,FALSE,False,False,Broken,False,False,2.0,3.0,40.0,60.0
INSP02222,2025-11-19,SCH0140,True,True,True,,,Tanvi Gupta,Average,SCH-0140,SCH0140,True,19.11.2025,2025-11-19,DOT_DD_MM_YYYY,False,False,Functional,True,False,TRUE,True,False,TRUE,True,False,,,True,,,True,3.0,0.0,60.0,0.0
INSP01557,2025-04-23,SCH0097,False,True,True,True,True,Vidhi Dora,Good condition,S0097,SCH0097,True,23-04-2025,2025-04-23,DASH_DD_MM_YYYY,False,False,N,False,False,TRUE,True,False,TRUE,True,False,Y,True,False,Yes,True,False,4.0,1.0,80.0,20.0
INSP02959,2026-02-24,SCH0062,False,True,True,True,False,Zinal Halder,No remarks,SCH0062,SCH0062,False,24-02-2026,2026-02-24,DASH_DD_MM_YYYY,False,False,FALSE,False,False,H,True,False,TRUE,True,False,Available,True,False,0,False,False,3.0,2.0,60.0,40.0
INSP02293,2026-07-03,SCH0237,False,True,True,False,False,Janani Varkey,No remarks,237,SCH0237,True,07-03-2026,2026-07-03,DASH_MM_DD_AMBIGUOUS,True,False,FALSE,False,False,haan,True,False,Haan,True,False,Broken,False,False,0,False,False,2.0,3.0,40.0,60.0
INSP01809,2025-12-19,SCH0294,True,True,,False,True,Nathaniel Mani,Needs repair,S0294,SCH0294,True,19-Dec-25,2025-12-19,TEXT_MONTH,False,False,Available,True,False,Haan,True,False,,,True,Nahi hai,False,False,haan,True,False,3.0,1.0,60.0,20.0
INSP00868,2025-09-04,SCH0321,True,False,True,False,False,,Good condition,sch_0321,SCH0321,True,09-04-2025,2025-09-04,DASH_MM_DD_AMBIGUOUS,True,False,Working,True,False,0,False,False,TRUE,True,False,N,False,False,Kharab,False,False,2.0,3.0,40.0,60.0
INSP02119,2025-04-30,SCH0022,True,True,True,True,True,Dalbir Tandon,Good condition,sch_0022,SCH0022,True,30-04-2025,2025-04-30,DASH_DD_MM_YYYY,False,False,TRUE,True,False,TRUE,True,False,TRUE,True,False,TRUE,True,False,Haan,True,False,5.0,0.0,100.0,0.0
INSP00450,2025-12-28,SCH0066,False,True,True,False,True,,Toilets locked,SCH0066,SCH0066,False,28-12-2025,2025-12-28,DASH_DD_MM_YYYY,False,False,Nahi,False,False,Hai,True,False,Haan,True,False,Nahi hai,False,False,TRUE,True,False,3.0,2.0,60.0,40.0
INSP01135,2025-10-20,SCH0317,True,False,False,False,False,Advik Peri,Needs repair,SCH-0317,SCH0317,True,20-10-2025,2025-10-20,DASH_DD_MM_YYYY,False,False,Haan,True,False,FALSE,False,False,FALSE,False,False,na,False,False,FALSE,False,False,1.0,4.0,20.0,80.0
INSP01851,2026-02-28,SCH0294,True,True,True,True,True,Keya Dua,,SCH0294,SCH0294,False,02-28-2026,2026-02-28,DASH_MM_DD_YYYY,False,False,TRUE,True,False,TRUE,True,False,TRUE,True,False,TRUE,True,False,TRUE,True,False,5.0,0.0,100.0,0.0
INSP00582,2025-12-27,SCH0312,False,True,False,,False,Lekha Mammen,,S0312,SCH0312,True,27.12.2025,2025-12-27,DOT_DD_MM_YYYY,False,False,FALSE,False,False,H,True,False,FALSE,False,False,,,True,FALSE,False,False,1.0,3.0,20.0,60.0
INSP02491,2026-01-27,SCH0066,False,True,True,False,True,Eta Lalla,Average,SCH0066,SCH0066,False,27-01-2026,2026-01-27,DASH_DD_MM_YYYY,False,False,FALSE,False,False,Hai,True,False,Haan,True,False,Broken,False,False,TRUE,True,False,3.0,2.0,60.0,40.0
INSP02051,2025-10-22,SCH0072,True,True,True,True,True,Thomas Dhar,Good condition,SCH0072,SCH0072,False,22.10.2025,2025-10-22,DOT_DD_MM_YYYY,False,False,Functional,True,False,H,True,False,Y,True,False,Available,True,False,Yes,True,False,5.0,0.0,100.0,0.0
INSP02664,2025-06-13,SCH0199,False,True,False,,False,Bakhshi Koshy,No remarks,sch0199,SCH0199,True,06-13-2025,2025-06-13,DASH_MM_DD_YYYY,False,False,No,False,False,TRUE,True,False,FALSE,False,False,,,True,Nahi hai,False,False,1.0,3.0,20.0,60.0
INSP01426,2026-01-18,SCH0067,True,True,True,True,True,Urvi Chandra,Average,SCH-0067,SCH0067,True,18-01-2026,2026-01-18,DASH_DD_MM_YYYY,False,False,TRUE,True,False,1,True,False,1,True,False,TRUE,True,False,TRUE,True,False,5.0,0.0,100.0,0.0
INSP02172,2025-05-25,SCH0172,False,True,True,True,True,Upadhriti Singhal,No remarks,SCH-0172,SCH0172,True,05-25-2025,2025-05-25,DASH_MM_DD_YYYY,False,False,FALSE,False,False,Functional,True,False,haan,True,False,Yes,True,False,Hai,True,False,4.0,1.0,80.0,20.0
INSP00765,2025-04-26,SCH0333,False,True,False,False,False,Maanas Gupta,,SCH0333,SCH0333,False,26-04-2025,2025-04-26,DASH_DD_MM_YYYY,False,False,na,False,False,TRUE,True,False,FALSE,False,False,Nahi,False,False,na,False,False,1.0,4.0,20.0,80.0
INSP02549,2025-04-10,SCH0193,True,True,True,False,False,Advik Morar,Good condition,SCH0193,SCH0193,False,04-10-2025,2025-04-10,DASH_MM_DD_AMBIGUOUS,True,False,TRUE,True,False,Yes,True,False,TRUE,True,False,Nahi hai,False,False,FALSE,False,False,3.0,2.0,60.0,40.0
INSP00508,2026-03-14,SCH0042,True,True,False,True,True,,Good condition,SCH0042,SCH0042,False,14-03-2026,2026-03-14,DASH_DD_MM_YYYY,False,False,Hai,True,False,TRUE,True,False,FALSE,False,False,TRUE,True,False,TRUE,True,False,4.0,1.0,80.0,20.0
INSP01946,2025-11-13,SCH0282,True,True,True,False,True,Yug Sachdeva,Average,SCH0282,SCH0282,False,13-11-2025,2025-11-13,DASH_DD_MM_YYYY,False,False,haan,True,False,Yes,True,False,Hai,True,False,FALSE,False,False,TRUE,True,False,4.0,1.0,80.0,20.0
INSP00267,2025-12-26,SCH0482,True,True,True,False,False,Manthan Maharaj,Needs repair,SCH0482,SCH0482,False,26-12-2025,2025-12-26,DASH_DD_MM_YYYY,False,False,TRUE,True,False,TRUE,True,False,Functional,True,False,FALSE,False,False,FALSE,False,False,3.0,2.0,60.0,40.0
INSP00197,2026-01-14,SCH0416,True,False,,True,True,Rajata Sarraf,Average,SCH0416,SCH0416,False,14-01-2026,2026-01-14,DASH_DD_MM_YYYY,False,False,H,True,False,FALSE,False,False,,,True,Functional,True,False,TRUE,True,False,3.0,1.0,60.0,20.0
INSP02941,2025-04-18,SCH0198,True,,True,False,False,Jalsa Dhar,Average,SCH0198,SCH0198,False,04-18-2025,2025-04-18,DASH_MM_DD_YYYY,False,False,Available,True,False,,,True,TRUE,True,False,FALSE,False,False,FALSE,False,False,2.0,2.0,40.0,40.0
INSP00089,2025-06-14,SCH0256,True,True,False,False,True,Thomas Kar,No remarks,SCH0256,SCH0256,False,14-06-2025,2025-06-14,DASH_DD_MM_YYYY,False,False,H,True,False,TRUE,True,False,FALSE,False,False,No,False,False,TRUE,True,False,3.0,2.0,60.0,40.0
INSP02884,2025-12-06,SCH0265,True,True,True,False,True,Nitara Chandra,Needs repair,SCH0265,SCH0265,False,12-06-2025,2025-12-06,DASH_MM_DD_AMBIGUOUS,True,False,haan,True,False,TRUE,True,False,TRUE,True,False,FALSE,False,False,Y,True,False,4.0,1.0,80.0,20.0
INSP01318,2025-06-06,SCH0350,True,True,True,True,False,,Good condition,S0350,SCH0350,True,06.06.2025,2025-06-06,DOT_DD_MM_AMBIGUOUS,True,False,Y,True,False,TRUE,True,False,TRUE,True,False,TRUE,True,False,FALSE,False,False,4.0,1.0,80.0,20.0
INSP02826,2025-04-13,SCH0414,True,True,True,True,True,Warinder Palan,Good condition,SCH0414,SCH0414,False,13.04.2025,2025-04-13,DOT_DD_MM_YYYY,False,False,Functional,True,False,TRUE,True,False,TRUE,True,False,TRUE,True,False,TRUE,True,False,5.0,0.0,100.0,0.0
INSP00679,2025-07-25,SCH0278,True,True,False,True,False,Wishi Hayre,No remarks,SCH0278,SCH0278,False,25-07-2025,2025-07-25,DASH_DD_MM_YYYY,False,False,TRUE,True,False,1,True,False,Nahi,False,False,TRUE,True,False,No,False,False,3.0,2.0,60.0,40.0
INSP00913,2025-03-05,SCH0592,False,True,True,True,False,Aarini Korpal,Toilets locked,S0592,SCH0592,True,03-05-2025,2025-03-05,DASH_MM_DD_AMBIGUOUS,True,False,Under Repair,False,False,Yes,True,False,haan,True,False,haan,True,False,FALSE,False,False,3.0,2.0,60.0,40.0
INSP00728,2026-03-30,SCH0033,True,True,True,True,True,Ridhi Gour,No remarks,SCH-0033,SCH0033,True,30-03-2026,2026-03-30,DASH_DD_MM_YYYY,False,False,H,True,False,TRUE,True,False,TRUE,True,False,TRUE,True,False,TRUE,True,False,5.0,0.0,100.0,0.0
INSP00411,2026-01-23,SCH0049,True,True,True,True,False,Harita Bala,Needs repair,SCH0049,SCH0049,False,23-01-2026,2026-01-23,DASH_DD_MM_YYYY,False,False,TRUE,True,False,Working,True,False,TRUE,True,False,TRUE,True,False,FALSE,False,False,4.0,1.0,80.0,20.0
INSP00991,2026-01-22,SCH0546,True,True,True,True,False,Keya Sampath,Good condition,SCH0546,SCH0546,False,22.01.2026,2026-01-22,DOT_DD_MM_YYYY,False,False,1,True,False,TRUE,True,False,TRUE,True,False,Yes,True,False,FALSE,False,False,4.0,1.0,80.0,20.0
INSP00583,2025-06-25,SCH0152,False,False,True,True,False,,Needs repair,sch0152,SCH0152,True,25-06-2025,2025-06-25,DASH_DD_MM_YYYY,False,False,FALSE,False,False,N,False,False,Y,True,False,TRUE,True,False,FALSE,False,False,2.0,3.0,40.0,60.0
INSP02724,2025-12-23,SCH0574,True,True,True,,False,Urvi D’Alia,,sch0574,SCH0574,True,23-12-2025,2025-12-23,DASH_DD_MM_YYYY,False,False,haan,True,False,Y,True,False,TRUE,True,False,,,True,FALSE,False,False,3.0,1.0,60.0,20.0
INSP00026,2025-09-25,SCH0114,,True,True,True,True,,Needs repair,114,SCH0114,True,09-25-2025,2025-09-25,DASH_MM_DD_YYYY,False,False,,,True,TRUE,True,False,TRUE,True,False,Y,True,False,1,True,False,4.0,0.0,80.0,0.0
INSP02359,2025-08-03,SCH0388,,True,True,True,False,Eshana Devan,,sch0388,SCH0388,True,08-03-2025,2025-08-03,DASH_MM_DD_AMBIGUOUS,True,False,,,True,TRUE,True,False,TRUE,True,False,TRUE,True,False,Not Available,False,False,3.0,1.0,60.0,20.0
INSP02709,2025-12-11,SCH0525,True,True,True,True,,,No remarks,sch_0525,SCH0525,True,11.12.2025,2025-12-11,DOT_DD_MM_AMBIGUOUS,True,False,Available,True,False,1,True,False,TRUE,True,False,Yes,True,False,,,True,4.0,0.0,80.0,0.0
INSP01948,2025-04-11,SCH0221,True,True,True,True,True,Wahab Nadig,Toilets locked,S0221,SCH0221,True,04-11-2025,2025-04-11,DASH_MM_DD_AMBIGUOUS,True,False,TRUE,True,False,Functional,True,False,Yes,True,False,1,True,False,1,True,False,5.0,0.0,100.0,0.0
INSP02015,2025-08-22,SCH0162,True,True,True,False,False,Isaac Verma,Toilets locked,SCH0162,SCH0162,False,22-08-2025,2025-08-22,DASH_DD_MM_YYYY,False,False,TRUE,True,False,TRUE,True,False,haan,True,False,Nahi hai,False,False,FALSE,False,False,3.0,2.0,60.0,40.0
INSP02164,2026-01-23,SCH0093,True,True,True,False,False,Chameli Ravel,No remarks,SCH0093,SCH0093,False,23-Jan-26,2026-01-23,TEXT_MONTH,False,False,TRUE,True,False,Working,True,False,TRUE,True,False,FALSE,False,False,No,False,False,3.0,2.0,60.0,40.0
INSP01840,2026-03-12,SCH0388,True,,True,False,False,Laksh Puri,Toilets locked,S0388,SCH0388,True,12.03.2026,2026-03-12,DOT_DD_MM_AMBIGUOUS,True,False,TRUE,True,False,,,True,TRUE,True,False,na,False,False,Under Repair,False,False,2.0,2.0,40.0,40.0
INSP00322,2025-08-25,SCH0408,True,False,True,False,True,Harrison Sharaf,Toilets locked,SCH-0408,SCH0408,True,25-Aug-25,2025-08-25,TEXT_MONTH,False,False,TRUE,True,False,Nahi,False,False,Y,True,False,FALSE,False,False,TRUE,True,False,3.0,2.0,60.0,40.0
INSP01427,2025-04-25,SCH0474,True,True,True,True,False,Siddharth Rajagopalan,Average,SCH-0474,SCH0474,True,25.04.2025,2025-04-25,DOT_DD_MM_YYYY,False,False,TRUE,True,False,TRUE,True,False,H,True,False,TRUE,True,False,FALSE,False,False,4.0,1.0,80.0,20.0
INSP02426,2025-07-14,SCH0567,True,False,True,True,True,Jack Thaker,Average,SCH-0567,SCH0567,True,14-07-2025,2025-07-14,DASH_DD_MM_YYYY,False,False,TRUE,True,False,FALSE,False,False,TRUE,True,False,Available,True,False,Y,True,False,4.0,1.0,80.0,20.0
INSP01610,2025-08-30,SCH0406,True,False,,True,False,Abhiram Kapadia,,SCH-0406,SCH0406,True,30.08.2025,2025-08-30,DOT_DD_MM_YYYY,False,False,TRUE,True,False,Nahi hai,False,False,,,True,Y,True,False,No,False,False,2.0,2.0,40.0,40.0
INSP00424,2025-10-22,SCH0072,True,True,True,True,False,Jonathan Murty,Needs repair,S0072,SCH0072,True,22-10-2025,2025-10-22,DASH_DD_MM_YYYY,False,False,TRUE,True,False,H,True,False,TRUE,True,False,Hai,True,False,na,False,False,4.0,1.0,80.0,20.0
INSP01413,2025-05-09,SCH0543,True,True,True,False,True,Jairaj Buch,,S0543,SCH0543,True,09-May-25,2025-05-09,TEXT_MONTH,False,False,TRUE,True,False,TRUE,True,False,1,True,False,FALSE,False,False,1,True,False,4.0,1.0,80.0,20.0
INSP00068,2025-08-05,SCH0361,True,True,True,False,True,Wahab Vala,,SCH0361,SCH0361,False,08-05-2025,2025-08-05,DASH_MM_DD_AMBIGUOUS,True,False,TRUE,True,False,Working,True,False,TRUE,True,False,FALSE,False,False,TRUE,True,False,4.0,1.0,80.0,20.0
INSP02294,2026-03-07,SCH0319,True,True,True,True,False,Yashica Chatterjee,Toilets locked,S0319,SCH0319,True,07-Mar-26,2026-03-07,TEXT_MONTH,False,False,TRUE,True,False,TRUE,True,False,Hai,True,False,TRUE,True,False,FALSE,False,False,4.0,1.0,80.0,20.0
INSP01619,2025-09-13,SCH0001,False,True,,False,False,Devika Walia,Toilets locked,SCH0001,SCH0001,False,09-13-2025,2025-09-13,DASH_MM_DD_YYYY,False,False,N,False,False,1,True,False,,,True,Nahi hai,False,False,FALSE,False,False,1.0,3.0,20.0,60.0
INSP02607,2026-01-17,SCH0046,True,False,,True,False,Yuvraj Dey,Average,sch_0046,SCH0046,True,17.01.2026,2026-01-17,DOT_DD_MM_YYYY,False,False,TRUE,True,False,FALSE,False,False,,,True,TRUE,True,False,FALSE,False,False,2.0,2.0,40.0,40.0
INSP00032,2025-05-28,SCH0556,True,True,True,True,True,Sai Rana,Good condition,SCH0556,SCH0556,False,28-05-2025,2025-05-28,DASH_DD_MM_YYYY,False,False,Yes,True,False,1,True,False,haan,True,False,TRUE,True,False,Functional,True,False,5.0,0.0,100.0,0.0
INSP02679,2025-05-12,SCH0412,False,True,True,False,,Samesh Koshy,Good condition,SCH0412,SCH0412,False,05-12-2025,2025-05-12,DASH_MM_DD_AMBIGUOUS,True,False,N,False,False,Functional,True,False,TRUE,True,False,FALSE,False,False,,,True,2.0,2.0,40.0,40.0
INSP00528,2025-11-08,SCH0415,False,True,True,True,True,Ekavir Jayaraman,,SCH0415,SCH0415,False,11-08-2025,2025-11-08,DASH_MM_DD_AMBIGUOUS,True,False,na,False,False,TRUE,True,False,TRUE,True,False,TRUE,True,False,TRUE,True,False,4.0,1.0,80.0,20.0
INSP02288,2025-12-12,SCH0332,True,True,True,False,True,Geetika Chatterjee,Average,SCH0332,SCH0332,False,12-12-2025,2025-12-12,DASH_MM_DD_AMBIGUOUS,True,False,TRUE,True,False,TRUE,True,False,TRUE,True,False,Nahi hai,False,False,Y,True,False,4.0,1.0,80.0,20.0
INSP00458,2026-01-14,SCH0311,True,True,True,True,False,Zansi Dhar,No remarks,SCH0311,SCH0311,False,14-Jan-26,2026-01-14,TEXT_MONTH,False,False,Haan,True,False,TRUE,True,False,TRUE,True,False,Hai,True,False,No,False,False,4.0,1.0,80.0,20.0
INSP02659,2026-02-12,SCH0175,True,True,True,False,False,Michael Doctor,Average,SCH0175,SCH0175,False,02-12-2026,2026-02-12,DASH_MM_DD_AMBIGUOUS,True,False,H,True,False,TRUE,True,False,haan,True,False,Nahi,False,False,N,False,False,3.0,2.0,60.0,40.0
INSP02902,2025-04-19,SCH0217,True,True,True,True,True,Chasmum Sheth,,SCH0217,SCH0217,False,19.04.2025,2025-04-19,DOT_DD_MM_YYYY,False,False,1,True,False,TRUE,True,False,H,True,False,Y,True,False,TRUE,True,False,5.0,0.0,100.0,0.0
INSP02454,2025-06-28,SCH0341,True,True,True,False,False,,No remarks,SCH-0341,SCH0341,True,28-Jun-25,2025-06-28,TEXT_MONTH,False,False,Y,True,False,TRUE,True,False,1,True,False,Not Available,False,False,na,False,False,3.0,2.0,60.0,40.0
INSP02919,2026-01-08,SCH0463,True,True,True,True,True,Gaurika Acharya,Good condition,SCH0463,SCH0463,False,01-08-2026,2026-01-08,DASH_MM_DD_AMBIGUOUS,True,False,Yes,True,False,haan,True,False,Y,True,False,TRUE,True,False,TRUE,True,False,5.0,0.0,100.0,0.0
INSP00863,2025-06-22,SCH0195,False,True,True,True,True,Caleb Thaman,Good condition,SCH0195,SCH0195,False,22-06-2025,2025-06-22,DASH_DD_MM_YYYY,False,False,Nahi,False,False,TRUE,True,False,TRUE,True,False,Yes,True,False,TRUE,True,False,4.0,1.0,80.0,20.0
INSP02675,2025-12-05,SCH0065,True,True,True,False,True,Lavanya Chad,Needs repair,SCH0065,SCH0065,False,12-05-2025,2025-12-05,DASH_MM_DD_AMBIGUOUS,True,False,TRUE,True,False,Available,True,False,TRUE,True,False,Under Repair,False,False,Working,True,False,4.0,1.0,80.0,20.0
INSP00167,2026-01-03,SCH0002,True,True,True,True,True,Ekapad Bandi,Average,sch_0002,SCH0002,True,01-03-2026,2026-01-03,DASH_MM_DD_AMBIGUOUS,True,False,H,True,False,TRUE,True,False,Working,True,False,Yes,True,False,TRUE,True,False,5.0,0.0,100.0,0.0
INSP00125,2025-08-09,SCH0213,False,True,True,True,False,Yashica Dhar,Average,SCH0213,SCH0213,False,09.08.2025,2025-08-09,DOT_DD_MM_AMBIGUOUS,True,False,FALSE,False,False,Y,True,False,TRUE,True,False,haan,True,False,0,False,False,3.0,2.0,60.0,40.0
INSP02595,2025-07-04,SCH0201,True,True,True,True,False,,Good condition,sch_0201,SCH0201,True,07-04-2025,2025-07-04,DASH_MM_DD_AMBIGUOUS,True,False,TRUE,True,False,Haan,True,False,TRUE,True,False,Hai,True,False,FALSE,False,False,4.0,1.0,80.0,20.0
INSP00683,2025-06-02,SCH0075,False,True,True,False,False,Aarna Khalsa,Average,SCH-0075,SCH0075,True,02-Jun-25,2025-06-02,TEXT_MONTH,False,False,FALSE,False,False,TRUE,True,False,haan,True,False,FALSE,False,False,Nahi,False,False,2.0,3.0,40.0,60.0
INSP02330,2025-07-18,SCH0296,False,True,True,False,True,Manya Vasa,Average,SCH0296,SCH0296,False,18-07-2025,2025-07-18,DASH_DD_MM_YYYY,False,False,FALSE,False,False,Haan,True,False,TRUE,True,False,FALSE,False,False,TRUE,True,False,3.0,2.0,60.0,40.0
INSP00573,2025-05-26,SCH0521,False,False,False,True,True,Hema Badal,Toilets locked,SCH0521,SCH0521,False,26-May-25,2025-05-26,TEXT_MONTH,False,False,FALSE,False,False,Not Available,False,False,FALSE,False,False,TRUE,True,False,H,True,False,2.0,3.0,40.0,60.0
INSP01199,2025-12-16,SCH0448,True,,True,True,False,Gaurav Ramaswamy,Toilets locked,SCH-0448,SCH0448,True,16-12-2025,2025-12-16,DASH_DD_MM_YYYY,False,False,TRUE,True,False,,,True,TRUE,True,False,TRUE,True,False,FALSE,False,False,3.0,1.0,60.0,20.0
INSP01090,2026-03-05,SCH0425,True,True,True,True,,Sneha Bhalla,,SCH0425,SCH0425,False,03-05-2026,2026-03-05,DASH_MM_DD_AMBIGUOUS,True,False,TRUE,True,False,TRUE,True,False,TRUE,True,False,haan,True,False,,,True,4.0,0.0,80.0,0.0
INSP01360,2025-07-13,SCH0168,True,True,True,True,True,Triya Dewan,Toilets locked,sch0168,SCH0168,True,13-07-2025,2025-07-13,DASH_DD_MM_YYYY,False,False,Hai,True,False,1,True,False,H,True,False,TRUE,True,False,Functional,True,False,5.0,0.0,100.0,0.0
INSP02365,2025-03-07,SCH0260,True,True,True,True,True,Chanakya Manne,Good condition,SCH0260,SCH0260,False,03-07-2025,2025-03-07,DASH_MM_DD_AMBIGUOUS,True,False,TRUE,True,False,haan,True,False,Yes,True,False,TRUE,True,False,Working,True,False,5.0,0.0,100.0,0.0
INSP00507,2025-11-09,SCH0570,True,True,True,True,True,Anamika Parmar,Average,sch_0570,SCH0570,True,09-Nov-25,2025-11-09,TEXT_MONTH,False,False,TRUE,True,False,TRUE,True,False,TRUE,True,False,TRUE,True,False,1,True,False,5.0,0.0,100.0,0.0
INSP01273,2025-12-23,SCH0191,True,True,True,True,True,Aachal Garg,Good condition,SCH0191,SCH0191,False,23-12-2025,2025-12-23,DASH_DD_MM_YYYY,False,False,TRUE,True,False,TRUE,True,False,TRUE,True,False,TRUE,True,False,H,True,False,5.0,0.0,100.0,0.0
INSP02712,2025-05-20,SCH0016,True,False,True,True,True,Jacob Dani,Toilets locked,sch0016,SCH0016,True,20-05-2025,2025-05-20,DASH_DD_MM_YYYY,False,False,Available,True,False,FALSE,False,False,TRUE,True,False,Hai,True,False,TRUE,True,False,4.0,1.0,80.0,20.0
INSP02046,2025-04-12,SCH0228,False,False,True,True,True,Warda Mander,Needs repair,sch_0228,SCH0228,True,12.04.2025,2025-04-12,DOT_DD_MM_AMBIGUOUS,True,False,Under Repair,False,False,No,False,False,1,True,False,TRUE,True,False,Yes,True,False,3.0,2.0,60.0,40.0
INSP01711,2025-07-07,SCH0017,False,True,True,True,True,Yamini Venkataraman,,SCH-0017,SCH0017,True,07-07-2025,2025-07-07,DASH_MM_DD_AMBIGUOUS,True,False,N,False,False,Y,True,False,1,True,False,H,True,False,TRUE,True,False,4.0,1.0,80.0,20.0
INSP02871,2025-05-25,SCH0126,True,True,True,False,False,Devansh Jaggi,Average,SCH-0126,SCH0126,True,25-05-2025,2025-05-25,DASH_DD_MM_YYYY,False,False,Hai,True,False,H,True,False,TRUE,True,False,na,False,False,FALSE,False,False,3.0,2.0,60.0,40.0
INSP02468,2025-07-08,SCH0528,True,True,True,True,True,Arjun Dyal,Toilets locked,SCH0528,SCH0528,False,07-08-2025,2025-07-08,DASH_MM_DD_AMBIGUOUS,True,False,Yes,True,False,Y,True,False,TRUE,True,False,TRUE,True,False,TRUE,True,False,5.0,0.0,100.0,0.0
INSP00931,2025-09-11,SCH0040,True,True,True,True,False,Chaitanya Palla,No remarks,S0040,SCH0040,True,11.09.2025,2025-09-11,DOT_DD_MM_AMBIGUOUS,True,False,TRUE,True,False,TRUE,True,False,TRUE,True,False,TRUE,True,False,Nahi hai,False,False,4.0,1.0,80.0,20.0
INSP00177,2026-01-27,SCH0137,True,False,False,False,,Shivani Dutt,Good condition,SCH0137,SCH0137,False,27.01.2026,2026-01-27,DOT_DD_MM_YYYY,False,False,TRUE,True,False,N,False,False,FALSE,False,False,Nahi,False,False,,,True,1.0,3.0,20.0,60.0
INSP00595,2025-04-23,SCH0586,True,True,True,True,True,Upadhriti Parmar,Good condition,SCH0586,SCH0586,False,23-04-2025,2025-04-23,DASH_DD_MM_YYYY,False,False,Available,True,False,H,True,False,haan,True,False,TRUE,True,False,TRUE,True,False,5.0,0.0,100.0,0.0
INSP01564,2025-07-14,SCH0588,True,True,True,True,True,Patrick Pant,,SCH0588,SCH0588,False,14-07-2025,2025-07-14,DASH_DD_MM_YYYY,False,False,haan,True,False,TRUE,True,False,TRUE,True,False,Y,True,False,1,True,False,5.0,0.0,100.0,0.0
INSP02031,2025-10-03,SCH0018,False,True,False,False,True,Madhav Dass,Needs repair,SCH0018,SCH0018,False,10-03-2025,2025-10-03,DASH_MM_DD_AMBIGUOUS,True,False,FALSE,False,False,TRUE,True,False,FALSE,False,False,Broken,False,False,TRUE,True,False,2.0,3.0,40.0,60.0
INSP02452,2025-12-26,SCH0043,True,True,True,True,False,Ikbal Viswanathan,,sch_0043,SCH0043,True,26-12-2025,2025-12-26,DASH_DD_MM_YYYY,False,False,Hai,True,False,Available,True,False,Hai,True,False,TRUE,True,False,FALSE,False,False,4.0,1.0,80.0,20.0
INSP01002,2025-10-27,SCH0208,True,True,True,True,False,Harsh Jani,Toilets locked,SCH0208,SCH0208,False,27.10.2025,2025-10-27,DOT_DD_MM_YYYY,False,False,TRUE,True,False,Y,True,False,TRUE,True,False,TRUE,True,False,Under Repair,False,False,4.0,1.0,80.0,20.0
INSP01232,2025-04-24,SCH0471,False,True,True,,True,David Sant,Average,SCH-0471,SCH0471,True,24-04-2025,2025-04-24,DASH_DD_MM_YYYY,False,False,Nahi hai,False,False,Hai,True,False,TRUE,True,False,,,True,Haan,True,False,3.0,1.0,60.0,20.0
INSP00802,2025-06-17,SCH0517,True,False,True,False,True,Advay Dugal,No remarks,sch_0517,SCH0517,True,06-17-2025,2025-06-17,DASH_MM_DD_YYYY,False,False,TRUE,True,False,FALSE,False,False,TRUE,True,False,Nahi hai,False,False,TRUE,True,False,3.0,2.0,60.0,40.0
INSP00434,2026-02-22,SCH0535,True,True,True,False,True,Nicholas Guha,No remarks,S0535,SCH0535,True,22-02-2026,2026-02-22,DASH_DD_MM_YYYY,False,False,TRUE,True,False,H,True,False,H,True,False,FALSE,False,False,TRUE,True,False,4.0,1.0,80.0,20.0
INSP00081,2025-09-06,SCH0314,True,False,True,True,False,Kamya Sandhu,Good condition,sch0314,SCH0314,True,09-06-2025,2025-09-06,DASH_MM_DD_AMBIGUOUS,True,False,Haan,True,False,FALSE,False,False,TRUE,True,False,Haan,True,False,FALSE,False,False,3.0,2.0,60.0,40.0
INSP02263,2025-06-16,SCH0494,False,True,,True,False,Krishna Dash,Average,S0494,SCH0494,True,16-06-2025,2025-06-16,DASH_DD_MM_YYYY,False,False,Kharab,False,False,Yes,True,False,,,True,Functional,True,False,FALSE,False,False,2.0,2.0,40.0,40.0
INSP01197,2026-10-01,SCH0073,True,True,,False,False,Zaid Ram,Toilets locked,sch_0073,SCH0073,True,10-01-2026,2026-10-01,DASH_MM_DD_AMBIGUOUS,True,False,TRUE,True,False,TRUE,True,False,,,True,FALSE,False,False,FALSE,False,False,2.0,2.0,40.0,40.0
INSP02094,2025-04-06,SCH0431,True,True,True,True,False,Urvashi Mane,No remarks,sch_0431,SCH0431,True,04-06-2025,2025-04-06,DASH_MM_DD_AMBIGUOUS,True,False,H,True,False,Working,True,False,haan,True,False,Haan,True,False,Nahi,False,False,4.0,1.0,80.0,20.0
INSP00417,2025-10-25,SCH0200,True,True,False,False,True,Pranit Luthra,Toilets locked,SCH0200,SCH0200,False,25.10.2025,2025-10-25,DOT_DD_MM_YYYY,False,False,1,True,False,TRUE,True,False,na,False,False,Nahi hai,False,False,TRUE,True,False,3.0,2.0,60.0,40.0
INSP02957,2025-09-24,SCH0212,True,True,True,True,True,Jalsa Choudhry,No remarks,SCH0212,SCH0212,False,24-09-2025,2025-09-24,DASH_DD_MM_YYYY,False,False,TRUE,True,False,TRUE,True,False,TRUE,True,False,TRUE,True,False,TRUE,True,False,5.0,0.0,100.0,0.0
INSP00496,2026-01-23,SCH0380,True,True,False,False,True,Sanya Bava,Toilets locked,SCH-0380,SCH0380,True,23-Jan-26,2026-01-23,TEXT_MONTH,False,False,Yes,True,False,Haan,True,False,FALSE,False,False,N,False,False,Hai,True,False,3.0,2.0,60.0,40.0
INSP01628,2025-09-25,SCH0044,True,True,True,True,False,Karan D’Alia,Good condition,sch0044,SCH0044,True,25-09-2025,2025-09-25,DASH_DD_MM_YYYY,False,False,TRUE,True,False,TRUE,True,False,haan,True,False,H,True,False,N,False,False,4.0,1.0,80.0,20.0
INSP00938,2025-06-11,SCH0053,True,True,True,False,False,Advika Garde,Toilets locked,S0053,SCH0053,True,11-Jun-25,2025-06-11,TEXT_MONTH,False,False,Hai,True,False,TRUE,True,False,Haan,True,False,No,False,False,FALSE,False,False,3.0,2.0,60.0,40.0
INSP02885,2025-08-24,SCH0225,True,True,True,True,True,Ranbir Rajagopalan,Average,SCH0225,SCH0225,False,24-Aug-25,2025-08-24,TEXT_MONTH,False,False,Yes,True,False,Yes,True,False,TRUE,True,False,Working,True,False,Working,True,False,5.0,0.0,100.0,0.0
INSP00371,2025-09-28,SCH0214,False,True,True,True,False,Samarth Patla,Needs repair,sch0214,SCH0214,True,28-09-2025,2025-09-28,DASH_DD_MM_YYYY,False,False,No,False,False,TRUE,True,False,TRUE,True,False,TRUE,True,False,FALSE,False,False,3.0,2.0,60.0,40.0
INSP01548,2025-06-20,SCH0224,True,False,True,True,False,Fitan Upadhyay,Toilets locked,SCH0224,SCH0224,False,20-06-2025,2025-06-20,DASH_DD_MM_YYYY,False,False,TRUE,True,False,N,False,False,TRUE,True,False,haan,True,False,Kharab,False,False,3.0,2.0,60.0,40.0
INSP01695,2025-05-25,SCH0577,False,True,True,,False,Chaaya Boase,Good condition,sch0577,SCH0577,True,25-05-2025,2025-05-25,DASH_DD_MM_YYYY,False,False,FALSE,False,False,Available,True,False,Yes,True,False,,,True,FALSE,False,False,2.0,2.0,40.0,40.0
INSP01941,2025-06-30,SCH0478,True,False,True,False,True,Vasatika Jayaraman,Toilets locked,SCH0478,SCH0478,False,30-06-2025,2025-06-30,DASH_DD_MM_YYYY,False,False,TRUE,True,False,FALSE,False,False,1,True,False,FALSE,False,False,TRUE,True,False,3.0,2.0,60.0,40.0
INSP01787,2025-04-03,SCH0258,True,True,False,True,False,Jagat Sachar,Average,sch0258,SCH0258,True,03.04.2025,2025-04-03,DOT_DD_MM_AMBIGUOUS,True,False,haan,True,False,TRUE,True,False,Nahi,False,False,TRUE,True,False,Not Available,False,False,3.0,2.0,60.0,40.0
INSP01927,2026-09-02,SCH0053,True,False,True,True,True,Vinaya Pau,Needs repair,SCH0053,SCH0053,False,09-02-2026,2026-09-02,DASH_MM_DD_AMBIGUOUS,True,False,Yes,True,False,na,False,False,TRUE,True,False,TRUE,True,False,Haan,True,False,4.0,1.0,80.0,20.0
INSP01573,2025-05-22,SCH0553,True,False,True,True,True,Chatresh Devi,Toilets locked,sch0553,SCH0553,True,22-05-2025,2025-05-22,DASH_DD_MM_YYYY,False,False,TRUE,True,False,0,False,False,Available,True,False,Working,True,False,TRUE,True,False,4.0,1.0,80.0,20.0
INSP02196,2025-08-04,SCH0194,False,True,False,True,False,Tejas Subramaniam,,SCH0194,SCH0194,False,08-04-2025,2025-08-04,DASH_MM_DD_AMBIGUOUS,True,False,FALSE,False,False,1,True,False,na,False,False,TRUE,True,False,No,False,False,2.0,3.0,40.0,60.0
INSP00839,2025-11-15,SCH0552,True,False,True,True,False,Banjeet Nigam,Toilets locked,SCH0552,SCH0552,False,15.11.2025,2025-11-15,DOT_DD_MM_YYYY,False,False,TRUE,True,False,Nahi hai,False,False,TRUE,True,False,H,True,False,FALSE,False,False,3.0,2.0,60.0,40.0
INSP01243,2026-04-02,SCH0269,True,True,True,True,False,Hardik Anne,Good condition,SCH0269,SCH0269,False,04-02-2026,2026-04-02,DASH_MM_DD_AMBIGUOUS,True,False,TRUE,True,False,TRUE,True,False,Functional,True,False,1,True,False,N,False,False,4.0,1.0,80.0,20.0
INSP01865,2025-06-30,SCH0387,,True,False,True,True,Panini Raja,Average,SCH0387,SCH0387,False,30-06-2025,2025-06-30,DASH_DD_MM_YYYY,False,False,,,True,Functional,True,False,FALSE,False,False,H,True,False,TRUE,True,False,3.0,1.0,60.0,20.0
INSP00142,2025-09-25,SCH0510,False,False,True,True,False,Mugdha Dugal,Average,SCH0510,SCH0510,False,25-Sep-25,2025-09-25,TEXT_MONTH,False,False,Under Repair,False,False,FALSE,False,False,TRUE,True,False,TRUE,True,False,Nahi,False,False,2.0,3.0,40.0,60.0
INSP01207,2025-11-01,SCH0036,True,,False,True,True,Yauvani Karan,No remarks,sch0036,SCH0036,True,11-01-2025,2025-11-01,DASH_MM_DD_AMBIGUOUS,True,False,Haan,True,False,,,True,Nahi,False,False,TRUE,True,False,Y,True,False,3.0,1.0,60.0,20.0
INSP01728,2025-11-06,SCH0252,False,True,True,,False,Wriddhish Rege,,S0252,SCH0252,True,06.11.2025,2025-11-06,DOT_DD_MM_AMBIGUOUS,True,False,0,False,False,TRUE,True,False,TRUE,True,False,,,True,Nahi,False,False,2.0,2.0,40.0,40.0
INSP01481,2025-04-04,SCH0032,True,False,,,True,Raksha Rajagopal,,SCH-0032,SCH0032,True,04-04-2025,2025-04-04,DASH_MM_DD_AMBIGUOUS,True,False,1,True,False,Nahi hai,False,False,,,True,,,True,TRUE,True,False,2.0,1.0,40.0,20.0
INSP01937,2025-05-21,SCH0523,True,,True,True,False,Agastya Patla,Average,SCH0523,SCH0523,False,21-May-25,2025-05-21,TEXT_MONTH,False,False,TRUE,True,False,,,True,Hai,True,False,TRUE,True,False,Nahi,False,False,3.0,1.0,60.0,20.0
INSP01939,2025-12-20,SCH0241,False,True,True,True,True,Sathvik Agate,Toilets locked,SCH-0241,SCH0241,True,20-Dec-25,2025-12-20,TEXT_MONTH,False,False,FALSE,False,False,Y,True,False,H,True,False,TRUE,True,False,TRUE,True,False,4.0,1.0,80.0,20.0
INSP00533,2026-08-01,SCH0135,True,False,True,True,True,Harita Mukherjee,Needs repair,SCH0135,SCH0135,False,08-01-2026,2026-08-01,DASH_MM_DD_AMBIGUOUS,True,False,Haan,True,False,FALSE,False,False,haan,True,False,Hai,True,False,TRUE,True,False,4.0,1.0,80.0,20.0
INSP02895,2025-01-12,SCH0104,True,True,True,True,False,Hardik Bir,Good condition,SCH0104,SCH0104,False,01-12-2025,2025-01-12,DASH_MM_DD_AMBIGUOUS,True,False,TRUE,True,False,haan,True,False,Yes,True,False,Working,True,False,FALSE,False,False,4.0,1.0,80.0,20.0
INSP02245,2025-10-09,SCH0253,True,True,False,True,False,Omkaar Kothari,No remarks,sch_0253,SCH0253,True,09-Oct-25,2025-10-09,TEXT_MONTH,False,False,TRUE,True,False,TRUE,True,False,Nahi hai,False,False,TRUE,True,False,Nahi hai,False,False,3.0,2.0,60.0,40.0
INSP00655,2026-01-13,SCH0121,True,True,True,True,True,Yatin Mann,No remarks,sch_0121,SCH0121,True,13-01-2026,2026-01-13,DASH_DD_MM_YYYY,False,False,TRUE,True,False,TRUE,True,False,Y,True,False,TRUE,True,False,1,True,False,5.0,0.0,100.0,0.0
INSP02413,2025-12-05,SCH0157,True,,True,False,False,Aishani Bumb,No remarks,SCH0157,SCH0157,False,12-05-2025,2025-12-05,DASH_MM_DD_AMBIGUOUS,True,False,haan,True,False,,,True,haan,True,False,FALSE,False,False,FALSE,False,False,2.0,2.0,40.0,40.0
INSP00412,2025-02-04,SCH0426,True,True,False,True,False,Anirudh Ganesh,Needs repair,sch_0426,SCH0426,True,02-04-2025,2025-02-04,DASH_MM_DD_AMBIGUOUS,True,False,Y,True,False,TRUE,True,False,Not Available,False,False,TRUE,True,False,FALSE,False,False,3.0,2.0,60.0,40.0
INSP00901,2025-10-12,SCH0096,True,True,False,True,True,Neel Roy,,96,SCH0096,True,10-12-2025,2025-10-12,DASH_MM_DD_AMBIGUOUS,True,False,haan,True,False,TRUE,True,False,No,False,False,Hai,True,False,Available,True,False,4.0,1.0,80.0,20.0
INSP00178,2025-10-24,SCH0112,True,False,False,False,,Inaya Batta,Needs repair,sch0112,SCH0112,True,24-10-2025,2025-10-24,DASH_DD_MM_YYYY,False,False,Working,True,False,Broken,False,False,0,False,False,FALSE,False,False,,,True,1.0,3.0,20.0,60.0
INSP00928,2026-07-03,SCH0085,False,True,True,False,True,Yashoda Halder,No remarks,SCH0085,SCH0085,False,07-03-2026,2026-07-03,DASH_MM_DD_AMBIGUOUS,True,False,Kharab,False,False,H,True,False,TRUE,True,False,Not Available,False,False,TRUE,True,False,3.0,2.0,60.0,40.0
INSP02887,2025-10-16,SCH0295,True,True,True,False,True,Gabriel Doctor,Average,SCH0295,SCH0295,False,16-10-2025,2025-10-16,DASH_DD_MM_YYYY,False,False,TRUE,True,False,TRUE,True,False,TRUE,True,False,FALSE,False,False,TRUE,True,False,4.0,1.0,80.0,20.0
INSP02535,2026-02-22,SCH0228,True,True,True,True,False,Zansi Varty,Toilets locked,sch_0228,SCH0228,True,22.02.2026,2026-02-22,DOT_DD_MM_YYYY,False,False,TRUE,True,False,TRUE,True,False,TRUE,True,False,Hai,True,False,FALSE,False,False,4.0,1.0,80.0,20.0
INSP01821,2025-12-12,SCH0457,True,False,True,,True,Darpan Dara,Toilets locked,SCH0457,SCH0457,False,12-12-2025,2025-12-12,DASH_MM_DD_AMBIGUOUS,True,False,Available,True,False,Nahi hai,False,False,TRUE,True,False,,,True,Working,True,False,3.0,1.0,60.0,20.0
INSP01000,2025-10-20,SCH0210,True,True,True,,False,Jasmit Bora,Toilets locked,SCH-0210,SCH0210,True,20-10-2025,2025-10-20,DASH_DD_MM_YYYY,False,False,Y,True,False,TRUE,True,False,TRUE,True,False,,,True,FALSE,False,False,3.0,1.0,60.0,20.0
INSP02345,2025-12-21,SCH0007,True,True,True,True,True,Jagvi Borde,Good condition,sch_0007,SCH0007,True,21-Dec-25,2025-12-21,TEXT_MONTH,False,False,TRUE,True,False,Hai,True,False,TRUE,True,False,Yes,True,False,Y,True,False,5.0,0.0,100.0,0.0
INSP00480,2025-08-04,SCH0216,False,False,True,False,False,Damini Jha,Good condition,S0216,SCH0216,True,08-04-2025,2025-08-04,DASH_MM_DD_AMBIGUOUS,True,False,FALSE,False,False,FALSE,False,False,TRUE,True,False,N,False,False,No,False,False,1.0,4.0,20.0,80.0
INSP00184,2025-06-13,SCH0332,False,True,True,True,False,Ekbal Ranganathan,Toilets locked,SCH0332,SCH0332,False,13-06-2025,2025-06-13,DASH_DD_MM_YYYY,False,False,Nahi,False,False,Hai,True,False,1,True,False,TRUE,True,False,FALSE,False,False,3.0,2.0,60.0,40.0
INSP00696,2025-06-27,SCH0441,False,True,True,True,True,Krishna Kale,Average,SCH0441,SCH0441,False,27-06-2025,2025-06-27,DASH_DD_MM_YYYY,False,False,FALSE,False,False,Hai,True,False,TRUE,True,False,Y,True,False,TRUE,True,False,4.0,1.0,80.0,20.0
INSP01158,2025-11-04,SCH0489,True,True,True,,False,Neel Dutta,Toilets locked,sch_0489,SCH0489,True,11-04-2025,2025-11-04,DASH_MM_DD_AMBIGUOUS,True,False,TRUE,True,False,Working,True,False,haan,True,False,,,True,Kharab,False,False,3.0,1.0,60.0,20.0
INSP00671,2025-07-25,SCH0350,False,,True,True,False,Veda Korpal,Needs repair,SCH-0350,SCH0350,True,07-25-2025,2025-07-25,DASH_MM_DD_YYYY,False,False,FALSE,False,False,,,True,TRUE,True,False,Functional,True,False,FALSE,False,False,2.0,2.0,40.0,40.0
INSP00606,2025-07-13,SCH0261,False,True,True,False,,Mekhala Verma,,sch_0261,SCH0261,True,13-Jul-25,2025-07-13,TEXT_MONTH,False,False,No,False,False,Hai,True,False,Yes,True,False,Nahi,False,False,,,True,2.0,2.0,40.0,40.0
INSP02272,2025-07-28,SCH0277,True,True,True,True,False,Janaki Shetty,No remarks,sch_0277,SCH0277,True,07-28-2025,2025-07-28,DASH_MM_DD_YYYY,False,False,Functional,True,False,Haan,True,False,H,True,False,TRUE,True,False,Nahi hai,False,False,4.0,1.0,80.0,20.0
INSP01799,2025-04-25,SCH0421,True,True,True,False,True,Warda Kade,No remarks,SCH0421,SCH0421,False,25-04-2025,2025-04-25,DASH_DD_MM_YYYY,False,False,1,True,False,TRUE,True,False,Hai,True,False,Under Repair,False,False,TRUE,True,False,4.0,1.0,80.0,20.0
INSP00760,2025-09-21,SCH0181,False,True,True,True,False,Kashvi Chander,Good condition,sch_0181,SCH0181,True,21.09.2025,2025-09-21,DOT_DD_MM_YYYY,False,False,Under Repair,False,False,1,True,False,TRUE,True,False,H,True,False,Under Repair,False,False,3.0,2.0,60.0,40.0
INSP02875,2025-06-03,SCH0239,True,True,True,False,False,Arya Dey,Good condition,SCH0239,SCH0239,False,06-03-2025,2025-06-03,DASH_MM_DD_AMBIGUOUS,True,False,Available,True,False,haan,True,False,TRUE,True,False,FALSE,False,False,Nahi hai,False,False,3.0,2.0,60.0,40.0
INSP00686,2025-12-12,SCH0268,True,True,,True,True,Chanakya Raval,Needs repair,SCH-0268,SCH0268,True,12.12.2025,2025-12-12,DOT_DD_MM_AMBIGUOUS,True,False,TRUE,True,False,TRUE,True,False,,,True,TRUE,True,False,TRUE,True,False,4.0,0.0,80.0,0.0
INSP00487,2026-03-19,SCH0291,True,True,True,True,True,Aarini Joshi,Average,SCH0291,SCH0291,False,19-03-2026,2026-03-19,DASH_DD_MM_YYYY,False,False,Working,True,False,Hai,True,False,Yes,True,False,1,True,False,TRUE,True,False,5.0,0.0,100.0,0.0
INSP01579,2025-07-08,SCH0142,True,True,True,True,False,Omaja Bhasin,Needs repair,SCH-0142,SCH0142,True,07-08-2025,2025-07-08,DASH_MM_DD_AMBIGUOUS,True,False,TRUE,True,False,Working,True,False,Haan,True,False,H,True,False,No,False,False,4.0,1.0,80.0,20.0
INSP00394,2025-05-10,SCH0114,True,True,True,True,True,Dhruv Jain,Needs repair,sch0114,SCH0114,True,05-10-2025,2025-05-10,DASH_MM_DD_AMBIGUOUS,True,False,1,True,False,TRUE,True,False,TRUE,True,False,TRUE,True,False,TRUE,True,False,5.0,0.0,100.0,0.0
INSP01152,2025-05-27,SCH0430,True,True,False,False,True,Laban Doshi,,SCH-0430,SCH0430,True,27-05-2025,2025-05-27,DASH_DD_MM_YYYY,False,False,TRUE,True,False,TRUE,True,False,Under Repair,False,False,No,False,False,TRUE,True,False,3.0,2.0,60.0,40.0
INSP02029,2026-02-28,SCH0463,True,True,True,True,False,,Needs repair,SCH0463,SCH0463,False,28-02-2026,2026-02-28,DASH_DD_MM_YYYY,False,False,Yes,True,False,haan,True,False,TRUE,True,False,TRUE,True,False,FALSE,False,False,4.0,1.0,80.0,20.0
INSP02862,2025-09-30,SCH0350,True,True,True,,True,Reyansh Uppal,Good condition,sch_0350,SCH0350,True,30-09-2025,2025-09-30,DASH_DD_MM_YYYY,False,False,TRUE,True,False,Yes,True,False,Haan,True,False,,,True,Y,True,False,4.0,0.0,80.0,0.0
INSP00163,2025-09-10,SCH0005,False,True,True,False,False,Anvi Sani,Average,5,SCH0005,True,09-10-2025,2025-09-10,DASH_MM_DD_AMBIGUOUS,True,False,FALSE,False,False,TRUE,True,False,TRUE,True,False,N,False,False,FALSE,False,False,2.0,3.0,40.0,60.0
INSP01223,2025-06-15,SCH0325,True,True,True,True,False,Girik Tella,Good condition,sch_0325,SCH0325,True,06-15-2025,2025-06-15,DASH_MM_DD_YYYY,False,False,haan,True,False,TRUE,True,False,1,True,False,TRUE,True,False,FALSE,False,False,4.0,1.0,80.0,20.0
INSP01916,2025-10-03,SCH0302,False,True,False,True,False,Balveer Bhatt,Toilets locked,SCH0302,SCH0302,False,10-03-2025,2025-10-03,DASH_MM_DD_AMBIGUOUS,True,False,N,False,False,Yes,True,False,FALSE,False,False,TRUE,True,False,FALSE,False,False,2.0,3.0,40.0,60.0
INSP01049,2025-09-05,SCH0416,True,True,True,True,True,Leela Gera,Average,sch_0416,SCH0416,True,05-Sep-25,2025-09-05,TEXT_MONTH,False,False,Hai,True,False,H,True,False,Functional,True,False,TRUE,True,False,haan,True,False,5.0,0.0,100.0,0.0
INSP00431,2025-08-30,SCH0582,True,True,False,True,True,Chakradev Contractor,No remarks,SCH-0582,SCH0582,True,30-08-2025,2025-08-30,DASH_DD_MM_YYYY,False,False,Available,True,False,TRUE,True,False,FALSE,False,False,TRUE,True,False,TRUE,True,False,4.0,1.0,80.0,20.0
INSP01104,2025-12-10,SCH0386,True,True,False,False,False,Utkarsh Sarin,Good condition,SCH-0386,SCH0386,True,12-10-2025,2025-12-10,DASH_MM_DD_AMBIGUOUS,True,False,Yes,True,False,Working,True,False,Nahi hai,False,False,na,False,False,Broken,False,False,2.0,3.0,40.0,60.0
INSP00439,2025-09-05,SCH0279,True,True,True,True,True,Rachana Aggarwal,No remarks,279,SCH0279,True,09-05-2025,2025-09-05,DASH_MM_DD_AMBIGUOUS,True,False,Available,True,False,TRUE,True,False,Y,True,False,TRUE,True,False,TRUE,True,False,5.0,0.0,100.0,0.0
INSP01884,2025-05-09,SCH0133,False,True,True,True,False,Aarini Sandal,No remarks,sch0133,SCH0133,True,05-09-2025,2025-05-09,DASH_MM_DD_AMBIGUOUS,True,False,FALSE,False,False,Hai,True,False,TRUE,True,False,haan,True,False,FALSE,False,False,3.0,2.0,60.0,40.0
INSP01226,2026-01-30,SCH0070,False,True,True,True,False,Neha Yadav,Average,SCH0070,SCH0070,False,30-01-2026,2026-01-30,DASH_DD_MM_YYYY,False,False,Under Repair,False,False,1,True,False,TRUE,True,False,Hai,True,False,FALSE,False,False,3.0,2.0,60.0,40.0
INSP02032,2025-10-13,SCH0497,True,True,True,True,False,Yoshita Konda,,SCH0497,SCH0497,False,10-13-2025,2025-10-13,DASH_MM_DD_YYYY,False,False,TRUE,True,False,TRUE,True,False,TRUE,True,False,TRUE,True,False,Nahi hai,False,False,4.0,1.0,80.0,20.0
INSP01037,2025-11-13,SCH0322,True,True,True,True,True,Krish Divan,Average,sch_0322,SCH0322,True,11-13-2025,2025-11-13,DASH_MM_DD_YYYY,False,False,Working,True,False,H,True,False,1,True,False,H,True,False,Haan,True,False,5.0,0.0,100.0,0.0
INSP01076,2025-02-10,SCH0024,False,True,True,True,True,,No remarks,SCH-0024,SCH0024,True,02-10-2025,2025-02-10,DASH_MM_DD_AMBIGUOUS,True,False,Nahi hai,False,False,TRUE,True,False,TRUE,True,False,TRUE,True,False,1,True,False,4.0,1.0,80.0,20.0
INSP01749,2026-05-02,SCH0301,True,,False,True,,,Toilets locked,SCH-0301,SCH0301,True,05-02-2026,2026-05-02,DASH_MM_DD_AMBIGUOUS,True,False,H,True,False,,,True,FALSE,False,False,TRUE,True,False,,,True,2.0,1.0,40.0,20.0
INSP00031,2025-06-06,SCH0159,True,True,False,False,True,Noah Misra,Average,SCH0159,SCH0159,False,06-06-2025,2025-06-06,DASH_MM_DD_AMBIGUOUS,True,False,Haan,True,False,Yes,True,False,na,False,False,na,False,False,TRUE,True,False,3.0,2.0,60.0,40.0
INSP02021,2025-05-06,SCH0019,True,True,False,True,False,Faras Behl,Needs repair,SCH0019,SCH0019,False,05-06-2025,2025-05-06,DASH_MM_DD_AMBIGUOUS,True,False,TRUE,True,False,TRUE,True,False,na,False,False,TRUE,True,False,FALSE,False,False,3.0,2.0,60.0,40.0
INSP02103,2025-08-18,SCH0526,True,True,True,True,False,,,526,SCH0526,True,18-08-2025,2025-08-18,DASH_DD_MM_YYYY,False,False,TRUE,True,False,TRUE,True,False,1,True,False,H,True,False,FALSE,False,False,4.0,1.0,80.0,20.0
INSP00963,2025-10-18,SCH0375,True,True,,False,False,Tanvi Seth,,S0375,SCH0375,True,18-10-2025,2025-10-18,DASH_DD_MM_YYYY,False,False,1,True,False,TRUE,True,False,,,True,FALSE,False,False,Not Available,False,False,2.0,2.0,40.0,40.0
INSP02285,2026-01-27,SCH0593,True,True,True,False,True,Saumya Suri,,SCH0593,SCH0593,False,27-01-2026,2026-01-27,DASH_DD_MM_YYYY,False,False,TRUE,True,False,H,True,False,haan,True,False,na,False,False,1,True,False,4.0,1.0,80.0,20.0
INSP00174,2025-12-15,SCH0093,True,True,True,True,False,Vedika Chacko,Toilets locked,SCH0093,SCH0093,False,15.12.2025,2025-12-15,DOT_DD_MM_YYYY,False,False,TRUE,True,False,TRUE,True,False,H,True,False,TRUE,True,False,Nahi,False,False,4.0,1.0,80.0,20.0
INSP02213,2025-12-15,SCH0411,False,False,True,False,False,Gaurika Bail,Good condition,411,SCH0411,True,15-12-2025,2025-12-15,DASH_DD_MM_YYYY,False,False,FALSE,False,False,FALSE,False,False,1,True,False,Nahi,False,False,Not Available,False,False,1.0,4.0,20.0,80.0
INSP00297,2026-01-26,SCH0018,True,True,True,False,True,Ayush Anne,No remarks,SCH0018,SCH0018,False,26-01-2026,2026-01-26,DASH_DD_MM_YYYY,False,False,TRUE,True,False,Available,True,False,Working,True,False,FALSE,False,False,1,True,False,4.0,1.0,80.0,20.0
INSP00326,2026-10-02,SCH0180,True,True,False,True,True,Daksha Gole,No remarks,sch_0180,SCH0180,True,10-02-2026,2026-10-02,DASH_MM_DD_AMBIGUOUS,True,False,TRUE,True,False,Functional,True,False,FALSE,False,False,TRUE,True,False,1,True,False,4.0,1.0,80.0,20.0
INSP01290,2025-10-11,SCH0102,True,True,True,True,False,Nikita Baria,No remarks,SCH-0102,SCH0102,True,10-11-2025,2025-10-11,DASH_MM_DD_AMBIGUOUS,True,False,1,True,False,Hai,True,False,H,True,False,TRUE,True,False,Broken,False,False,4.0,1.0,80.0,20.0
INSP00280,2025-06-29,SCH0138,False,True,True,False,False,Triya Chaudhuri,No remarks,SCH0138,SCH0138,False,29-06-2025,2025-06-29,DASH_DD_MM_YYYY,False,False,N,False,False,Haan,True,False,Haan,True,False,FALSE,False,False,No,False,False,2.0,3.0,40.0,60.0
INSP02655,2026-02-20,SCH0117,True,True,False,False,False,Aarav Mannan,,SCH-0117,SCH0117,True,20-02-2026,2026-02-20,DASH_DD_MM_YYYY,False,False,Hai,True,False,haan,True,False,Nahi hai,False,False,Nahi,False,False,FALSE,False,False,2.0,3.0,40.0,60.0
INSP02414,2025-08-08,SCH0417,True,True,True,False,True,Mason Kara,Average,SCH0417,SCH0417,False,08-Aug-25,2025-08-08,TEXT_MONTH,False,False,Y,True,False,TRUE,True,False,haan,True,False,No,False,False,Y,True,False,4.0,1.0,80.0,20.0
INSP01984,2025-09-14,SCH0383,False,True,True,False,False,Aditya Kar,Needs repair,SCH0383,SCH0383,False,14.09.2025,2025-09-14,DOT_DD_MM_YYYY,False,False,Kharab,False,False,TRUE,True,False,TRUE,True,False,FALSE,False,False,FALSE,False,False,2.0,3.0,40.0,60.0
INSP00813,2025-10-28,SCH0506,True,True,True,True,False,Gautam Divan,Average,SCH0506,SCH0506,False,28-10-2025,2025-10-28,DASH_DD_MM_YYYY,False,False,Y,True,False,TRUE,True,False,haan,True,False,Hai,True,False,FALSE,False,False,4.0,1.0,80.0,20.0
INSP01217,2025-04-25,SCH0455,False,True,True,False,True,Upasna Rao,No remarks,SCH0455,SCH0455,False,25.04.2025,2025-04-25,DOT_DD_MM_YYYY,False,False,FALSE,False,False,TRUE,True,False,Haan,True,False,Nahi hai,False,False,Hai,True,False,3.0,2.0,60.0,40.0
INSP02617,2025-05-15,SCH0155,True,False,True,False,False,Kabir Borde,Good condition,sch0155,SCH0155,True,15-05-2025,2025-05-15,DASH_DD_MM_YYYY,False,False,haan,True,False,N,False,False,TRUE,True,False,FALSE,False,False,FALSE,False,False,2.0,3.0,40.0,60.0
INSP00701,2025-11-09,SCH0078,False,True,True,True,True,Benjamin Jani,No remarks,SCH0078,SCH0078,False,11-09-2025,2025-11-09,DASH_MM_DD_AMBIGUOUS,True,False,FALSE,False,False,haan,True,False,TRUE,True,False,TRUE,True,False,TRUE,True,False,4.0,1.0,80.0,20.0
INSP00558,2025-08-21,SCH0236,False,False,True,False,True,Baljiwan Yohannan,No remarks,sch0236,SCH0236,True,21-Aug-25,2025-08-21,TEXT_MONTH,False,False,FALSE,False,False,Nahi hai,False,False,Haan,True,False,FALSE,False,False,Functional,True,False,2.0,3.0,40.0,60.0
INSP01899,2025-09-21,SCH0184,True,True,True,True,False,Mitali Singh,No remarks,sch0184,SCH0184,True,21-Sep-25,2025-09-21,TEXT_MONTH,False,False,TRUE,True,False,Hai,True,False,TRUE,True,False,TRUE,True,False,FALSE,False,False,4.0,1.0,80.0,20.0
INSP02518,2025-09-30,SCH0344,True,True,True,False,True,Zayyan Varughese,Needs repair,SCH-0344,SCH0344,True,30-09-2025,2025-09-30,DASH_DD_MM_YYYY,False,False,TRUE,True,False,TRUE,True,False,Yes,True,False,FALSE,False,False,TRUE,True,False,4.0,1.0,80.0,20.0
INSP01512,2025-11-30,SCH0487,True,True,True,True,,Yashawini Seth,Good condition,SCH-0487,SCH0487,True,30-11-2025,2025-11-30,DASH_DD_MM_YYYY,False,False,Available,True,False,Haan,True,False,TRUE,True,False,TRUE,True,False,,,True,4.0,0.0,80.0,0.0
INSP00074,2025-07-18,SCH0365,True,,True,True,True,Raagini Krish,Average,SCH0365,SCH0365,False,18.07.2025,2025-07-18,DOT_DD_MM_YYYY,False,False,TRUE,True,False,,,True,1,True,False,TRUE,True,False,Functional,True,False,4.0,0.0,80.0,0.0
INSP02255,2025-10-18,SCH0270,True,True,True,True,False,Lavanya Subramanian,Toilets locked,SCH0270,SCH0270,False,18-10-2025,2025-10-18,DASH_DD_MM_YYYY,False,False,Working,True,False,TRUE,True,False,Haan,True,False,1,True,False,No,False,False,4.0,1.0,80.0,20.0
INSP00049,2025-05-07,SCH0083,True,True,True,True,True,Brijesh Mallick,Good condition,SCH-0083,SCH0083,True,07.05.2025,2025-05-07,DOT_DD_MM_AMBIGUOUS,True,False,Hai,True,False,TRUE,True,False,H,True,False,Available,True,False,haan,True,False,5.0,0.0,100.0,0.0
INSP00603,2026-03-20,SCH0058,True,False,True,False,True,Zinal Kant,No remarks,sch0058,SCH0058,True,20-Mar-26,2026-03-20,TEXT_MONTH,False,False,TRUE,True,False,FALSE,False,False,TRUE,True,False,FALSE,False,False,TRUE,True,False,3.0,2.0,60.0,40.0
INSP00681,2026-01-28,SCH0239,True,True,False,True,False,Vinaya Dayal,No remarks,SCH-0239,SCH0239,True,28.01.2026,2026-01-28,DOT_DD_MM_YYYY,False,False,TRUE,True,False,haan,True,False,Broken,False,False,TRUE,True,False,FALSE,False,False,3.0,2.0,60.0,40.0
INSP01452,2025-11-24,SCH0218,True,True,True,False,True,Gopal Sridhar,No remarks,SCH-0218,SCH0218,True,11-24-2025,2025-11-24,DASH_MM_DD_YYYY,False,False,TRUE,True,False,H,True,False,TRUE,True,False,FALSE,False,False,Available,True,False,4.0,1.0,80.0,20.0
INSP01903,2025-09-24,SCH0056,True,True,True,False,True,Aarini Kapadia,Average,SCH0056,SCH0056,False,24.09.2025,2025-09-24,DOT_DD_MM_YYYY,False,False,TRUE,True,False,TRUE,True,False,Functional,True,False,FALSE,False,False,Hai,True,False,4.0,1.0,80.0,20.0
INSP02406,2026-01-16,SCH0269,,True,False,True,False,Fariq Garg,,SCH-0269,SCH0269,True,16.01.2026,2026-01-16,DOT_DD_MM_YYYY,False,False,,,True,Working,True,False,0,False,False,Y,True,False,FALSE,False,False,2.0,2.0,40.0,40.0
INSP01445,2025-11-06,SCH0177,True,True,True,False,True,Shravya Srinivas,No remarks,sch_0177,SCH0177,True,11-06-2025,2025-11-06,DASH_MM_DD_AMBIGUOUS,True,False,Y,True,False,Functional,True,False,haan,True,False,FALSE,False,False,Y,True,False,4.0,1.0,80.0,20.0
INSP02878,2025-12-23,SCH0317,True,True,False,True,False,Darpan Bala,Toilets locked,sch0317,SCH0317,True,23.12.2025,2025-12-23,DOT_DD_MM_YYYY,False,False,TRUE,True,False,haan,True,False,na,False,False,Functional,True,False,FALSE,False,False,3.0,2.0,60.0,40.0
INSP01578,2025-09-20,SCH0524,False,True,True,False,True,Zaid Brar,Good condition,SCH-0524,SCH0524,True,20-09-2025,2025-09-20,DASH_DD_MM_YYYY,False,False,Kharab,False,False,TRUE,True,False,TRUE,True,False,FALSE,False,False,H,True,False,3.0,2.0,60.0,40.0
INSP00403,2025-04-20,SCH0590,True,,True,True,True,Orinder Sarna,Needs repair,sch_0590,SCH0590,True,20-04-2025,2025-04-20,DASH_DD_MM_YYYY,False,False,1,True,False,,,True,haan,True,False,TRUE,True,False,TRUE,True,False,4.0,0.0,80.0,0.0
INSP01746,2026-06-02,SCH0303,True,False,True,False,False,Tarak Rattan,Needs repair,SCH0303,SCH0303,False,06-02-2026,2026-06-02,DASH_MM_DD_AMBIGUOUS,True,False,TRUE,True,False,na,False,False,TRUE,True,False,FALSE,False,False,FALSE,False,False,2.0,3.0,40.0,60.0
INSP02755,2025-04-09,SCH0029,True,True,True,True,True,,Needs repair,SCH0029,SCH0029,False,09-Apr-25,2025-04-09,TEXT_MONTH,False,False,TRUE,True,False,TRUE,True,False,haan,True,False,Available,True,False,TRUE,True,False,5.0,0.0,100.0,0.0
INSP01555,2026-02-15,SCH0078,False,True,True,False,False,Avi Om,Good condition,SCH0078,SCH0078,False,15-02-2026,2026-02-15,DASH_DD_MM_YYYY,False,False,FALSE,False,False,Y,True,False,TRUE,True,False,Kharab,False,False,Kharab,False,False,2.0,3.0,40.0,60.0
INSP02738,2025-12-09,SCH0201,True,,True,False,False,Chavvi Datta,Good condition,sch0201,SCH0201,True,09.12.2025,2025-12-09,DOT_DD_MM_AMBIGUOUS,True,False,1,True,False,,,True,TRUE,True,False,FALSE,False,False,FALSE,False,False,2.0,2.0,40.0,40.0
INSP01212,2025-04-10,SCH0380,True,True,False,True,False,Ayushman Saxena,Toilets locked,SCH0380,SCH0380,False,04-10-2025,2025-04-10,DASH_MM_DD_AMBIGUOUS,True,False,1,True,False,haan,True,False,FALSE,False,False,TRUE,True,False,N,False,False,3.0,2.0,60.0,40.0
INSP02561,2025-07-22,SCH0571,False,True,True,True,False,Mekhala Goyal,Average,SCH0571,SCH0571,False,22-07-2025,2025-07-22,DASH_DD_MM_YYYY,False,False,FALSE,False,False,TRUE,True,False,1,True,False,Working,True,False,Nahi,False,False,3.0,2.0,60.0,40.0
INSP02270,2026-01-19,SCH0268,True,,False,False,True,Indali Peri,Good condition,SCH0268,SCH0268,False,19-01-2026,2026-01-19,DASH_DD_MM_YYYY,False,False,TRUE,True,False,,,True,No,False,False,Kharab,False,False,Available,True,False,2.0,2.0,40.0,40.0
INSP02237,2025-12-30,SCH0357,True,True,False,True,True,Warda Nair,Average,sch0357,SCH0357,True,30.12.2025,2025-12-30,DOT_DD_MM_YYYY,False,False,TRUE,True,False,TRUE,True,False,Not Available,False,False,Working,True,False,Yes,True,False,4.0,1.0,80.0,20.0
INSP01513,2026-01-12,SCH0467,True,True,False,True,False,Hemang Krishnamurthy,Average,SCH0467,SCH0467,False,12.01.2026,2026-01-12,DOT_DD_MM_AMBIGUOUS,True,False,H,True,False,Y,True,False,No,False,False,Haan,True,False,FALSE,False,False,3.0,2.0,60.0,40.0
INSP02356,2025-12-07,SCH0030,True,True,True,True,True,Ishani Doctor,Needs repair,S0030,SCH0030,True,12-07-2025,2025-12-07,DASH_MM_DD_AMBIGUOUS,True,False,haan,True,False,Hai,True,False,Working,True,False,TRUE,True,False,TRUE,True,False,5.0,0.0,100.0,0.0
INSP01875,2025-02-12,SCH0556,True,True,,True,False,Urvi Loyal,No remarks,SCH0556,SCH0556,False,02-12-2025,2025-02-12,DASH_MM_DD_AMBIGUOUS,True,False,TRUE,True,False,Haan,True,False,,,True,haan,True,False,No,False,False,3.0,1.0,60.0,20.0
INSP01012,2025-11-04,SCH0185,True,True,True,True,True,Neha Doctor,Average,SCH0185,SCH0185,False,04.11.2025,2025-11-04,DOT_DD_MM_AMBIGUOUS,True,False,Y,True,False,TRUE,True,False,TRUE,True,False,Functional,True,False,TRUE,True,False,5.0,0.0,100.0,0.0
INSP01072,2026-04-03,SCH0258,True,True,False,True,False,Daksh Sarma,,sch_0258,SCH0258,True,04-03-2026,2026-04-03,DASH_MM_DD_AMBIGUOUS,True,False,TRUE,True,False,TRUE,True,False,FALSE,False,False,Hai,True,False,Nahi,False,False,3.0,2.0,60.0,40.0
INSP00680,2025-12-18,SCH0443,False,True,False,False,False,Ethan Kurian,Good condition,SCH-0443,SCH0443,True,18-12-2025,2025-12-18,DASH_DD_MM_YYYY,False,False,FALSE,False,False,1,True,False,na,False,False,FALSE,False,False,FALSE,False,False,1.0,4.0,20.0,80.0
INSP01712,2025-06-30,SCH0563,False,,True,True,False,Lucky Wadhwa,Average,SCH0563,SCH0563,False,30-06-2025,2025-06-30,DASH_DD_MM_YYYY,False,False,FALSE,False,False,,,True,TRUE,True,False,Hai,True,False,0,False,False,2.0,2.0,40.0,40.0
INSP00325,2025-07-03,SCH0447,True,False,True,False,True,Krishna Saxena,Toilets locked,SCH0447,SCH0447,False,03.07.2025,2025-07-03,DOT_DD_MM_AMBIGUOUS,True,False,Yes,True,False,FALSE,False,False,Hai,True,False,Nahi hai,False,False,Functional,True,False,3.0,2.0,60.0,40.0
INSP00820,2026-01-16,SCH0307,True,True,True,False,False,Rachita Wable,Average,SCH0307,SCH0307,False,16.01.2026,2026-01-16,DOT_DD_MM_YYYY,False,False,TRUE,True,False,TRUE,True,False,1,True,False,FALSE,False,False,FALSE,False,False,3.0,2.0,60.0,40.0
INSP01489,2025-01-11,SCH0055,True,False,True,True,False,Samarth Hayre,,sch_0055,SCH0055,True,01-11-2025,2025-01-11,DASH_MM_DD_AMBIGUOUS,True,False,TRUE,True,False,FALSE,False,False,TRUE,True,False,TRUE,True,False,Nahi,False,False,3.0,2.0,60.0,40.0
INSP01812,2026-01-29,SCH0434,True,True,True,False,True,Arya Dara,Good condition,SCH0434,SCH0434,False,29-01-2026,2026-01-29,DASH_DD_MM_YYYY,False,False,Y,True,False,TRUE,True,False,TRUE,True,False,FALSE,False,False,Y,True,False,4.0,1.0,80.0,20.0
INSP00811,2025-10-29,SCH0585,False,False,False,True,True,Chasmum Vyas,,SCH0585,SCH0585,False,29.10.2025,2025-10-29,DOT_DD_MM_YYYY,False,False,FALSE,False,False,0,False,False,Kharab,False,False,Haan,True,False,TRUE,True,False,2.0,3.0,40.0,60.0
INSP01973,2025-11-28,SCH0396,True,False,True,True,True,Sathvik Acharya,,sch_0396,SCH0396,True,28.11.2025,2025-11-28,DOT_DD_MM_YYYY,False,False,Functional,True,False,Nahi,False,False,H,True,False,TRUE,True,False,Yes,True,False,4.0,1.0,80.0,20.0
INSP02840,2025-04-18,SCH0232,True,True,True,False,True,,Needs repair,SCH0232,SCH0232,False,18-04-2025,2025-04-18,DASH_DD_MM_YYYY,False,False,TRUE,True,False,TRUE,True,False,TRUE,True,False,FALSE,False,False,TRUE,True,False,4.0,1.0,80.0,20.0
INSP02212,2026-03-29,SCH0046,True,True,True,True,False,Ekantika Manne,No remarks,SCH0046,SCH0046,False,29-03-2026,2026-03-29,DASH_DD_MM_YYYY,False,False,1,True,False,TRUE,True,False,TRUE,True,False,Haan,True,False,Under Repair,False,False,4.0,1.0,80.0,20.0
INSP01129,2025-11-16,SCH0032,True,False,True,False,True,Harish Vohra,Needs repair,SCH0032,SCH0032,False,16-11-2025,2025-11-16,DASH_DD_MM_YYYY,False,False,Yes,True,False,FALSE,False,False,TRUE,True,False,FALSE,False,False,Available,True,False,3.0,2.0,60.0,40.0
INSP00502,2025-07-06,SCH0297,True,True,True,False,True,,,SCH-0297,SCH0297,True,06.07.2025,2025-07-06,DOT_DD_MM_AMBIGUOUS,True,False,haan,True,False,Haan,True,False,haan,True,False,FALSE,False,False,Working,True,False,4.0,1.0,80.0,20.0
INSP02642,2025-08-13,SCH0003,True,,True,False,False,Bhavini Wagle,Toilets locked,sch0003,SCH0003,True,13-Aug-25,2025-08-13,TEXT_MONTH,False,False,H,True,False,,,True,Yes,True,False,FALSE,False,False,FALSE,False,False,2.0,2.0,40.0,40.0
INSP02125,2025-11-08,SCH0076,True,True,True,True,True,Guneet Wali,No remarks,SCH0076,SCH0076,False,08-Nov-25,2025-11-08,TEXT_MONTH,False,False,TRUE,True,False,Available,True,False,TRUE,True,False,TRUE,True,False,Hai,True,False,5.0,0.0,100.0,0.0
INSP02828,2025-05-07,SCH0126,False,False,True,False,False,Elijah Sen,Average,SCH-0126,SCH0126,True,05-07-2025,2025-05-07,DASH_MM_DD_AMBIGUOUS,True,False,FALSE,False,False,FALSE,False,False,Haan,True,False,FALSE,False,False,FALSE,False,False,1.0,4.0,20.0,80.0
INSP00240,2025-07-11,SCH0029,True,False,True,True,True,Vanya Sem,No remarks,S0029,SCH0029,True,07-11-2025,2025-07-11,DASH_MM_DD_AMBIGUOUS,True,False,Working,True,False,FALSE,False,False,TRUE,True,False,Y,True,False,haan,True,False,4.0,1.0,80.0,20.0
INSP00762,2025-05-16,SCH0543,False,True,True,False,False,,Good condition,SCH0543,SCH0543,False,16-05-2025,2025-05-16,DASH_DD_MM_YYYY,False,False,Nahi hai,False,False,Functional,True,False,Hai,True,False,No,False,False,na,False,False,2.0,3.0,40.0,60.0
INSP01717,2025-12-15,SCH0390,False,True,True,False,True,Chandran Kapadia,Good condition,SCH0390,SCH0390,False,15-12-2025,2025-12-15,DASH_DD_MM_YYYY,False,False,FALSE,False,False,TRUE,True,False,TRUE,True,False,Under Repair,False,False,1,True,False,3.0,2.0,60.0,40.0
INSP01229,2025-08-03,SCH0125,True,True,,False,True,Prisha Bhat,Average,SCH0125,SCH0125,False,03.08.2025,2025-08-03,DOT_DD_MM_AMBIGUOUS,True,False,Available,True,False,Hai,True,False,,,True,FALSE,False,False,Yes,True,False,3.0,1.0,60.0,20.0
INSP01473,2025-10-16,SCH0221,True,True,True,True,True,Arunima Thakkar,Average,sch0221,SCH0221,True,16-Oct-25,2025-10-16,TEXT_MONTH,False,False,TRUE,True,False,TRUE,True,False,TRUE,True,False,Working,True,False,TRUE,True,False,5.0,0.0,100.0,0.0
INSP00953,2025-10-27,SCH0133,True,True,True,False,True,Oeshi Bhatia,No remarks,SCH0133,SCH0133,False,27-10-2025,2025-10-27,DASH_DD_MM_YYYY,False,False,TRUE,True,False,TRUE,True,False,TRUE,True,False,FALSE,False,False,TRUE,True,False,4.0,1.0,80.0,20.0
INSP01262,2025-07-22,SCH0195,True,True,False,True,True,Joshua Sastry,Toilets locked,sch0195,SCH0195,True,22-07-2025,2025-07-22,DASH_DD_MM_YYYY,False,False,Hai,True,False,Y,True,False,FALSE,False,False,Hai,True,False,Haan,True,False,4.0,1.0,80.0,20.0
INSP02307,2026-03-22,SCH0141,True,False,True,False,True,Maya Behl,Average,SCH0141,SCH0141,False,22-03-2026,2026-03-22,DASH_DD_MM_YYYY,False,False,Y,True,False,FALSE,False,False,Available,True,False,N,False,False,TRUE,True,False,3.0,2.0,60.0,40.0
INSP01654,2025-11-04,SCH0554,,True,False,True,False,Praneel Jani,Average,SCH0554,SCH0554,False,11-04-2025,2025-11-04,DASH_MM_DD_AMBIGUOUS,True,False,,,True,TRUE,True,False,na,False,False,TRUE,True,False,na,False,False,2.0,2.0,40.0,40.0
INSP01045,2026-02-15,SCH0366,False,True,False,True,True,Ekta Goel,Average,sch_0366,SCH0366,True,15-Feb-26,2026-02-15,TEXT_MONTH,False,False,FALSE,False,False,haan,True,False,FALSE,False,False,TRUE,True,False,TRUE,True,False,3.0,2.0,60.0,40.0
INSP01478,2026-01-16,SCH0502,False,True,True,,False,Abha Memon,No remarks,SCH-0502,SCH0502,True,16-Jan-26,2026-01-16,TEXT_MONTH,False,False,FALSE,False,False,Haan,True,False,Working,True,False,,,True,Under Repair,False,False,2.0,2.0,40.0,40.0
INSP00512,2026-02-03,SCH0467,,False,False,True,True,Udyati Koshy,,S0467,SCH0467,True,02-03-2026,2026-02-03,DASH_MM_DD_AMBIGUOUS,True,False,,,True,No,False,False,FALSE,False,False,Working,True,False,Working,True,False,2.0,2.0,40.0,40.0
INSP01361,2026-03-26,SCH0572,True,True,False,True,False,Bhavani Prabhakar,Needs repair,SCH0572,SCH0572,False,26-Mar-26,2026-03-26,TEXT_MONTH,False,False,Hai,True,False,TRUE,True,False,FALSE,False,False,H,True,False,FALSE,False,False,3.0,2.0,60.0,40.0
INSP02141,2025-10-15,SCH0513,False,True,True,True,True,Ekaja Bal,No remarks,SCH0513,SCH0513,False,15-Oct-25,2025-10-15,TEXT_MONTH,False,False,FALSE,False,False,TRUE,True,False,1,True,False,TRUE,True,False,haan,True,False,4.0,1.0,80.0,20.0
INSP00841,2026-03-08,SCH0044,True,True,True,True,False,,,44,SCH0044,True,03-08-2026,2026-03-08,DASH_MM_DD_AMBIGUOUS,True,False,Working,True,False,TRUE,True,False,Haan,True,False,Working,True,False,FALSE,False,False,4.0,1.0,80.0,20.0
INSP02176,2026-02-22,SCH0155,True,True,True,True,False,Netra Sule,No remarks,155,SCH0155,True,22.02.2026,2026-02-22,DOT_DD_MM_YYYY,False,False,TRUE,True,False,Available,True,False,1,True,False,1,True,False,FALSE,False,False,4.0,1.0,80.0,20.0
INSP01831,2025-12-10,SCH0181,,True,True,True,False,Vrinda Comar,Good condition,S0181,SCH0181,True,12-10-2025,2025-12-10,DASH_MM_DD_AMBIGUOUS,True,False,,,True,Yes,True,False,TRUE,True,False,TRUE,True,False,FALSE,False,False,3.0,1.0,60.0,20.0
INSP02769,2025-11-21,SCH0018,True,False,True,False,False,Qarin Dhingra,,SCH0018,SCH0018,False,21-11-2025,2025-11-21,DASH_DD_MM_YYYY,False,False,1,True,False,FALSE,False,False,TRUE,True,False,FALSE,False,False,FALSE,False,False,2.0,3.0,40.0,60.0
INSP00638,2025-09-23,SCH0120,True,True,True,True,True,Tanvi Gaba,Good condition,SCH-0120,SCH0120,True,23-09-2025,2025-09-23,DASH_DD_MM_YYYY,False,False,1,True,False,Haan,True,False,haan,True,False,TRUE,True,False,TRUE,True,False,5.0,0.0,100.0,0.0
INSP01950,2025-09-29,SCH0080,True,False,False,False,True,Zinal Buch,,SCH0080,SCH0080,False,29-09-2025,2025-09-29,DASH_DD_MM_YYYY,False,False,TRUE,True,False,FALSE,False,False,No,False,False,na,False,False,TRUE,True,False,2.0,3.0,40.0,60.0
INSP02954,2025-07-04,SCH0065,True,True,True,True,True,Nisha Manda,Needs repair,SCH0065,SCH0065,False,07-04-2025,2025-07-04,DASH_MM_DD_AMBIGUOUS,True,False,Yes,True,False,1,True,False,1,True,False,TRUE,True,False,Working,True,False,5.0,0.0,100.0,0.0
INSP01722,2026-02-07,SCH0268,True,True,True,True,True,Ridhi Ahuja,Good condition,SCH0268,SCH0268,False,07-Feb-26,2026-02-07,TEXT_MONTH,False,False,TRUE,True,False,TRUE,True,False,TRUE,True,False,TRUE,True,False,TRUE,True,False,5.0,0.0,100.0,0.0
INSP00600,2025-05-26,SCH0008,False,True,True,True,True,Zayyan Om,No remarks,sch_0008,SCH0008,True,26-05-2025,2025-05-26,DASH_DD_MM_YYYY,False,False,FALSE,False,False,TRUE,True,False,TRUE,True,False,TRUE,True,False,1,True,False,4.0,1.0,80.0,20.0
INSP01475,2025-12-21,SCH0235,True,True,,True,True,Anita Acharya,Good condition,sch_0235,SCH0235,True,12-21-2025,2025-12-21,DASH_MM_DD_YYYY,False,False,Available,True,False,Functional,True,False,,,True,1,True,False,TRUE,True,False,4.0,0.0,80.0,0.0
INSP02135,2026-03-17,SCH0131,True,False,True,True,True,Sneha Shanker,No remarks,131,SCH0131,True,03-17-2026,2026-03-17,DASH_MM_DD_YYYY,False,False,TRUE,True,False,na,False,False,Functional,True,False,Yes,True,False,Haan,True,False,4.0,1.0,80.0,20.0
INSP02602,2025-11-11,SCH0514,True,False,True,False,,,,sch0514,SCH0514,True,11-11-2025,2025-11-11,DASH_MM_DD_AMBIGUOUS,True,False,Yes,True,False,FALSE,False,False,TRUE,True,False,No,False,False,,,True,2.0,2.0,40.0,40.0
INSP00109,2025-01-09,SCH0002,True,True,True,True,False,Sai Sarma,Good condition,SCH0002,SCH0002,False,01-09-2025,2025-01-09,DASH_MM_DD_AMBIGUOUS,True,False,Haan,True,False,TRUE,True,False,TRUE,True,False,TRUE,True,False,FALSE,False,False,4.0,1.0,80.0,20.0
INSP02401,2025-02-07,SCH0117,True,False,True,False,False,,,SCH0117,SCH0117,False,02-07-2025,2025-02-07,DASH_MM_DD_AMBIGUOUS,True,False,Hai,True,False,FALSE,False,False,Haan,True,False,FALSE,False,False,Under Repair,False,False,2.0,3.0,40.0,60.0
INSP01583,2025-01-12,SCH0590,True,False,True,False,False,Guneet Pai,Average,sch0590,SCH0590,True,01-12-2025,2025-01-12,DASH_MM_DD_AMBIGUOUS,True,False,Working,True,False,FALSE,False,False,TRUE,True,False,N,False,False,FALSE,False,False,2.0,3.0,40.0,60.0
INSP00319,2026-01-22,SCH0477,False,True,True,True,False,Ladli Buch,Good condition,sch_0477,SCH0477,True,22-01-2026,2026-01-22,DASH_DD_MM_YYYY,False,False,Under Repair,False,False,haan,True,False,TRUE,True,False,Yes,True,False,Nahi hai,False,False,3.0,2.0,60.0,40.0
INSP02983,2026-03-20,SCH0229,True,True,True,False,False,,Good condition,sch_0229,SCH0229,True,20-03-2026,2026-03-20,DASH_DD_MM_YYYY,False,False,Haan,True,False,Working,True,False,TRUE,True,False,na,False,False,0,False,False,3.0,2.0,60.0,40.0
INSP02725,2026-03-23,SCH0281,True,True,True,True,True,,Needs repair,SCH0281,SCH0281,False,23-Mar-26,2026-03-23,TEXT_MONTH,False,False,TRUE,True,False,TRUE,True,False,TRUE,True,False,TRUE,True,False,Working,True,False,5.0,0.0,100.0,0.0
INSP01095,2025-04-17,SCH0469,True,True,True,True,True,Ronith Kakar,Needs repair,sch0469,SCH0469,True,04-17-2025,2025-04-17,DASH_MM_DD_YYYY,False,False,TRUE,True,False,Haan,True,False,TRUE,True,False,TRUE,True,False,Y,True,False,5.0,0.0,100.0,0.0
INSP00569,2025-06-15,SCH0449,False,True,False,False,False,Vasana Dugar,,sch_0449,SCH0449,True,15-06-2025,2025-06-15,DASH_DD_MM_YYYY,False,False,No,False,False,TRUE,True,False,N,False,False,0,False,False,FALSE,False,False,1.0,4.0,20.0,80.0
INSP02687,2025-12-26,SCH0202,True,True,True,False,True,Widisha Bhatti,Needs repair,SCH0202,SCH0202,False,26-12-2025,2025-12-26,DASH_DD_MM_YYYY,False,False,TRUE,True,False,haan,True,False,TRUE,True,False,FALSE,False,False,Haan,True,False,4.0,1.0,80.0,20.0
INSP02298,2025-11-27,SCH0085,True,True,True,True,,Madhavi Talwar,Needs repair,SCH0085,SCH0085,False,27-11-2025,2025-11-27,DASH_DD_MM_YYYY,False,False,1,True,False,haan,True,False,Y,True,False,TRUE,True,False,,,True,4.0,0.0,80.0,0.0
INSP02872,2025-01-10,SCH0148,True,True,True,True,True,Fiyaz Puri,No remarks,SCH0148,SCH0148,False,01-10-2025,2025-01-10,DASH_MM_DD_AMBIGUOUS,True,False,Y,True,False,TRUE,True,False,TRUE,True,False,TRUE,True,False,TRUE,True,False,5.0,0.0,100.0,0.0
INSP01546,2025-06-29,SCH0052,False,True,True,False,False,Hemang Dar,Needs repair,SCH0052,SCH0052,False,29-06-2025,2025-06-29,DASH_DD_MM_YYYY,False,False,Nahi,False,False,Haan,True,False,TRUE,True,False,FALSE,False,False,No,False,False,2.0,3.0,40.0,60.0
INSP02974,2026-02-19,SCH0569,True,True,True,True,False,Gunbir Khare,Good condition,569,SCH0569,True,19-02-2026,2026-02-19,DASH_DD_MM_YYYY,False,False,TRUE,True,False,1,True,False,Y,True,False,haan,True,False,Not Available,False,False,4.0,1.0,80.0,20.0
INSP01925,2026-02-06,SCH0393,True,True,False,True,False,Gaurang Pandey,Toilets locked,sch0393,SCH0393,True,06-Feb-26,2026-02-06,TEXT_MONTH,False,False,TRUE,True,False,Hai,True,False,FALSE,False,False,Y,True,False,FALSE,False,False,3.0,2.0,60.0,40.0
INSP02692,2025-04-06,SCH0189,,True,True,False,True,Watika Toor,Average,SCH0189,SCH0189,False,04-06-2025,2025-04-06,DASH_MM_DD_AMBIGUOUS,True,False,,,True,TRUE,True,False,Y,True,False,FALSE,False,False,Haan,True,False,3.0,1.0,60.0,20.0
INSP02805,2025-05-10,SCH0337,True,True,True,False,False,,Good condition,SCH-0337,SCH0337,True,10-May-25,2025-05-10,TEXT_MONTH,False,False,Hai,True,False,TRUE,True,False,TRUE,True,False,FALSE,False,False,Kharab,False,False,3.0,2.0,60.0,40.0
INSP01469,2025-09-21,SCH0230,True,True,True,True,True,Janya Baral,Average,sch0230,SCH0230,True,21-09-2025,2025-09-21,DASH_DD_MM_YYYY,False,False,Yes,True,False,TRUE,True,False,TRUE,True,False,TRUE,True,False,TRUE,True,False,5.0,0.0,100.0,0.0
INSP00057,2025-06-30,SCH0456,True,,False,True,False,Wriddhish Merchant,,SCH0456,SCH0456,False,30.06.2025,2025-06-30,DOT_DD_MM_YYYY,False,False,TRUE,True,False,,,True,N,False,False,Yes,True,False,No,False,False,2.0,2.0,40.0,40.0
INSP01789,2026-01-21,SCH0547,True,True,True,True,True,Quincy Thaker,No remarks,SCH0547,SCH0547,False,21-Jan-26,2026-01-21,TEXT_MONTH,False,False,TRUE,True,False,Y,True,False,TRUE,True,False,Haan,True,False,TRUE,True,False,5.0,0.0,100.0,0.0
INSP02275,2026-03-27,SCH0474,True,True,True,True,False,Zayan Vig,Toilets locked,sch0474,SCH0474,True,27.03.2026,2026-03-27,DOT_DD_MM_YYYY,False,False,TRUE,True,False,Working,True,False,Y,True,False,Y,True,False,FALSE,False,False,4.0,1.0,80.0,20.0
INSP02131,2025-05-26,SCH0354,True,True,True,False,False,Charles Prashad,,sch0354,SCH0354,True,26-05-2025,2025-05-26,DASH_DD_MM_YYYY,False,False,Available,True,False,H,True,False,Hai,True,False,FALSE,False,False,Nahi hai,False,False,3.0,2.0,60.0,40.0
INSP02197,2025-02-08,SCH0131,,True,True,True,False,Dhriti Kanda,Needs repair,S0131,SCH0131,True,02-08-2025,2025-02-08,DASH_MM_DD_AMBIGUOUS,True,False,,,True,haan,True,False,Haan,True,False,haan,True,False,FALSE,False,False,3.0,1.0,60.0,20.0
INSP00469,2025-05-19,SCH0416,True,True,False,False,True,Isha Solanki,Average,S0416,SCH0416,True,19-05-2025,2025-05-19,DASH_DD_MM_YYYY,False,False,TRUE,True,False,TRUE,True,False,N,False,False,FALSE,False,False,H,True,False,3.0,2.0,60.0,40.0
INSP01886,2026-02-17,SCH0564,True,True,True,False,True,Vinaya Nagar,No remarks,SCH-0564,SCH0564,True,17.02.2026,2026-02-17,DOT_DD_MM_YYYY,False,False,Yes,True,False,Yes,True,False,Y,True,False,0,False,False,TRUE,True,False,4.0,1.0,80.0,20.0
INSP00941,2025-10-24,SCH0310,True,True,True,False,False,Girik Butala,,310,SCH0310,True,24.10.2025,2025-10-24,DOT_DD_MM_YYYY,False,False,Y,True,False,Haan,True,False,Yes,True,False,na,False,False,FALSE,False,False,3.0,2.0,60.0,40.0
INSP00536,2025-06-24,SCH0141,True,True,True,False,True,Omisha Sankaran,Toilets locked,SCH0141,SCH0141,False,24-06-2025,2025-06-24,DASH_DD_MM_YYYY,False,False,1,True,False,TRUE,True,False,TRUE,True,False,FALSE,False,False,TRUE,True,False,4.0,1.0,80.0,20.0
INSP01428,2026-01-21,SCH0140,True,True,True,True,True,Kavya Lall,Average,SCH-0140,SCH0140,True,01-21-2026,2026-01-21,DASH_MM_DD_YYYY,False,False,Yes,True,False,TRUE,True,False,H,True,False,TRUE,True,False,TRUE,True,False,5.0,0.0,100.0,0.0
INSP00555,2025-08-16,SCH0197,True,True,False,False,False,Yashodhara Mammen,Needs repair,SCH0197,SCH0197,False,08-16-2025,2025-08-16,DASH_MM_DD_YYYY,False,False,TRUE,True,False,Functional,True,False,Nahi hai,False,False,na,False,False,Not Available,False,False,2.0,3.0,40.0,60.0
INSP02621,2025-04-26,SCH0101,True,True,True,False,False,Ekantika Oommen,Average,SCH0101,SCH0101,False,26-04-2025,2025-04-26,DASH_DD_MM_YYYY,False,False,H,True,False,TRUE,True,False,TRUE,True,False,0,False,False,Nahi hai,False,False,3.0,2.0,60.0,40.0
INSP02211,2025-06-02,SCH0566,True,True,True,False,False,Rajeshri Mohan,Toilets locked,SCH0566,SCH0566,False,02-Jun-25,2025-06-02,TEXT_MONTH,False,False,TRUE,True,False,TRUE,True,False,Available,True,False,FALSE,False,False,0,False,False,3.0,2.0,60.0,40.0
INSP02536,2026-02-14,SCH0466,True,True,False,,False,Forum Sachdev,,466,SCH0466,True,02-14-2026,2026-02-14,DASH_MM_DD_YYYY,False,False,Working,True,False,TRUE,True,False,FALSE,False,False,,,True,Nahi hai,False,False,2.0,2.0,40.0,40.0
INSP00692,2025-10-04,SCH0355,True,True,True,True,,Isaiah Bali,No remarks,SCH0355,SCH0355,False,04.10.2025,2025-10-04,DOT_DD_MM_AMBIGUOUS,True,False,TRUE,True,False,TRUE,True,False,1,True,False,TRUE,True,False,,,True,4.0,0.0,80.0,0.0
INSP00070,2026-02-15,SCH0496,False,True,True,False,True,Vasana Mahajan,Good condition,SCH0496,SCH0496,False,15-02-2026,2026-02-15,DASH_DD_MM_YYYY,False,False,FALSE,False,False,Haan,True,False,Yes,True,False,N,False,False,Y,True,False,3.0,2.0,60.0,40.0
INSP02764,2026-02-26,SCH0433,,False,True,False,True,Omya Karan,Average,sch_0433,SCH0433,True,26.02.2026,2026-02-26,DOT_DD_MM_YYYY,False,False,,,True,na,False,False,TRUE,True,False,FALSE,False,False,TRUE,True,False,2.0,2.0,40.0,40.0
INSP01740,2025-07-20,SCH0394,,True,True,False,False,Hema Khosla,,sch0394,SCH0394,True,20-07-2025,2025-07-20,DASH_DD_MM_YYYY,False,False,,,True,H,True,False,TRUE,True,False,FALSE,False,False,na,False,False,2.0,2.0,40.0,40.0
INSP00437,2026-03-18,SCH0438,True,,True,True,True,Jagat Sawhney,Good condition,S0438,SCH0438,True,18-03-2026,2026-03-18,DASH_DD_MM_YYYY,False,False,TRUE,True,False,,,True,TRUE,True,False,TRUE,True,False,TRUE,True,False,4.0,0.0,80.0,0.0
INSP02122,2025-08-12,SCH0553,False,False,True,True,False,Liam Tata,Needs repair,SCH0553,SCH0553,False,08-12-2025,2025-08-12,DASH_MM_DD_AMBIGUOUS,True,False,FALSE,False,False,na,False,False,Working,True,False,Yes,True,False,0,False,False,2.0,3.0,40.0,60.0
INSP01004,2026-03-29,SCH0145,True,True,True,True,True,Chatura Ben,Toilets locked,SCH-0145,SCH0145,True,29-03-2026,2026-03-29,DASH_DD_MM_YYYY,False,False,Available,True,False,TRUE,True,False,Haan,True,False,haan,True,False,1,True,False,5.0,0.0,100.0,0.0
INSP01254,2025-07-19,SCH0379,True,True,True,,True,Anmol Puri,Needs repair,sch_0379,SCH0379,True,07-19-2025,2025-07-19,DASH_MM_DD_YYYY,False,False,TRUE,True,False,1,True,False,H,True,False,,,True,Available,True,False,4.0,0.0,80.0,0.0
INSP00566,2025-04-04,SCH0304,False,True,False,False,True,Isaiah Nayar,Needs repair,SCH-0304,SCH0304,True,04-04-2025,2025-04-04,DASH_MM_DD_AMBIGUOUS,True,False,Broken,False,False,Y,True,False,FALSE,False,False,FALSE,False,False,TRUE,True,False,2.0,3.0,40.0,60.0
INSP00314,2025-07-27,SCH0189,True,True,False,True,True,,Good condition,sch0189,SCH0189,True,07-27-2025,2025-07-27,DASH_MM_DD_YYYY,False,False,TRUE,True,False,1,True,False,No,False,False,Working,True,False,TRUE,True,False,4.0,1.0,80.0,20.0
INSP00234,2025-11-24,SCH0340,True,True,True,True,False,,No remarks,340,SCH0340,True,24-Nov-25,2025-11-24,TEXT_MONTH,False,False,Y,True,False,TRUE,True,False,1,True,False,TRUE,True,False,Nahi hai,False,False,4.0,1.0,80.0,20.0
INSP02381,2025-07-12,SCH0273,True,True,True,,False,Samesh Bala,Good condition,sch_0273,SCH0273,True,07-12-2025,2025-07-12,DASH_MM_DD_AMBIGUOUS,True,False,TRUE,True,False,1,True,False,Y,True,False,,,True,FALSE,False,False,3.0,1.0,60.0,20.0
INSP00735,2025-08-06,SCH0481,True,True,True,True,False,Aryan Seth,,SCH0481,SCH0481,False,08-06-2025,2025-08-06,DASH_MM_DD_AMBIGUOUS,True,False,TRUE,True,False,TRUE,True,False,TRUE,True,False,Y,True,False,No,False,False,4.0,1.0,80.0,20.0
INSP01378,2025-10-04,SCH0030,True,True,True,False,False,Mahika Sarkar,Needs repair,SCH0030,SCH0030,False,10-04-2025,2025-10-04,DASH_MM_DD_AMBIGUOUS,True,False,TRUE,True,False,Working,True,False,1,True,False,No,False,False,FALSE,False,False,3.0,2.0,60.0,40.0
INSP00112,2025-06-30,SCH0399,True,True,False,True,False,Anusha Kalita,Needs repair,sch_0399,SCH0399,True,30.06.2025,2025-06-30,DOT_DD_MM_YYYY,False,False,TRUE,True,False,H,True,False,Kharab,False,False,TRUE,True,False,0,False,False,3.0,2.0,60.0,40.0
INSP01345,2025-11-05,SCH0236,True,True,True,True,False,Ishita Deep,,SCH0236,SCH0236,False,05-Nov-25,2025-11-05,TEXT_MONTH,False,False,TRUE,True,False,Y,True,False,TRUE,True,False,Functional,True,False,Kharab,False,False,4.0,1.0,80.0,20.0
INSP01506,2025-04-16,SCH0055,True,False,True,True,False,Advika Ahuja,No remarks,SCH-0055,SCH0055,True,16-04-2025,2025-04-16,DASH_DD_MM_YYYY,False,False,Yes,True,False,FALSE,False,False,TRUE,True,False,H,True,False,FALSE,False,False,3.0,2.0,60.0,40.0
INSP01053,2025-04-04,SCH0468,True,True,True,True,False,Chameli Gour,,SCH0468,SCH0468,False,04.04.2025,2025-04-04,DOT_DD_MM_AMBIGUOUS,True,False,TRUE,True,False,TRUE,True,False,TRUE,True,False,haan,True,False,FALSE,False,False,4.0,1.0,80.0,20.0
INSP02321,2025-07-11,SCH0528,True,True,False,,True,Balendra Saxena,Good condition,SCH-0528,SCH0528,True,11-Jul-25,2025-07-11,TEXT_MONTH,False,False,TRUE,True,False,Hai,True,False,Kharab,False,False,,,True,TRUE,True,False,3.0,1.0,60.0,20.0
INSP02043,2025-12-21,SCH0141,False,True,True,False,False,Alexander Sami,Toilets locked,SCH-0141,SCH0141,True,21-12-2025,2025-12-21,DASH_DD_MM_YYYY,False,False,FALSE,False,False,TRUE,True,False,TRUE,True,False,FALSE,False,False,FALSE,False,False,2.0,3.0,40.0,60.0
INSP00473,2025-08-14,SCH0183,True,True,True,False,False,Henry Hayre,Needs repair,SCH-0183,SCH0183,True,14-08-2025,2025-08-14,DASH_DD_MM_YYYY,False,False,1,True,False,Haan,True,False,TRUE,True,False,na,False,False,na,False,False,3.0,2.0,60.0,40.0
INSP01377,2025-12-11,SCH0389,False,True,True,True,False,Dalbir Keer,,SCH0389,SCH0389,False,12-11-2025,2025-12-11,DASH_MM_DD_AMBIGUOUS,True,False,FALSE,False,False,Hai,True,False,TRUE,True,False,Available,True,False,Not Available,False,False,3.0,2.0,60.0,40.0
INSP01614,2025-10-06,SCH0483,True,True,True,False,False,Ekta Kari,Good condition,SCH0483,SCH0483,False,10-06-2025,2025-10-06,DASH_MM_DD_AMBIGUOUS,True,False,Available,True,False,TRUE,True,False,Available,True,False,FALSE,False,False,FALSE,False,False,3.0,2.0,60.0,40.0
INSP01178,2025-07-13,SCH0211,True,True,True,True,False,Aishani Behl,,SCH0211,SCH0211,False,13-07-2025,2025-07-13,DASH_DD_MM_YYYY,False,False,Working,True,False,TRUE,True,False,TRUE,True,False,1,True,False,na,False,False,4.0,1.0,80.0,20.0
INSP01753,2025-06-25,SCH0344,True,,True,True,True,Dalbir Patel,Needs repair,SCH-0344,SCH0344,True,25-06-2025,2025-06-25,DASH_DD_MM_YYYY,False,False,Hai,True,False,,,True,Functional,True,False,TRUE,True,False,TRUE,True,False,4.0,0.0,80.0,0.0
INSP01374,2026-02-20,SCH0430,True,True,False,True,False,Qushi Bhandari,,SCH0430,SCH0430,False,20-02-2026,2026-02-20,DASH_DD_MM_YYYY,False,False,TRUE,True,False,H,True,False,na,False,False,TRUE,True,False,FALSE,False,False,3.0,2.0,60.0,40.0
INSP02210,2025-05-23,SCH0214,True,True,True,False,True,Oeshi Kuruvilla,Toilets locked,S0214,SCH0214,True,05-23-2025,2025-05-23,DASH_MM_DD_YYYY,False,False,Yes,True,False,TRUE,True,False,TRUE,True,False,Nahi,False,False,Working,True,False,4.0,1.0,80.0,20.0
INSP01341,2025-09-21,SCH0238,True,False,True,False,False,Qabil Dubey,Needs repair,sch_0238,SCH0238,True,21.09.2025,2025-09-21,DOT_DD_MM_YYYY,False,False,TRUE,True,False,FALSE,False,False,H,True,False,Nahi hai,False,False,Nahi hai,False,False,2.0,3.0,40.0,60.0
INSP00747,2025-11-27,SCH0027,True,True,True,True,True,Darsh Raja,No remarks,sch0027,SCH0027,True,27-Nov-25,2025-11-27,TEXT_MONTH,False,False,TRUE,True,False,TRUE,True,False,TRUE,True,False,TRUE,True,False,1,True,False,5.0,0.0,100.0,0.0
INSP02003,2025-10-18,SCH0009,True,True,True,False,,Aradhana Parmar,Toilets locked,S0009,SCH0009,True,18.10.2025,2025-10-18,DOT_DD_MM_YYYY,False,False,TRUE,True,False,Yes,True,False,TRUE,True,False,Nahi hai,False,False,,,True,3.0,1.0,60.0,20.0
INSP01300,2025-12-28,SCH0084,False,True,True,False,True,Upma Chander,Needs repair,SCH0084,SCH0084,False,12-28-2025,2025-12-28,DASH_MM_DD_YYYY,False,False,na,False,False,TRUE,True,False,H,True,False,Nahi hai,False,False,TRUE,True,False,3.0,2.0,60.0,40.0
INSP00362,2026-04-01,SCH0386,True,False,True,True,False,,No remarks,SCH-0386,SCH0386,True,04-01-2026,2026-04-01,DASH_MM_DD_AMBIGUOUS,True,False,Available,True,False,N,False,False,Yes,True,False,Haan,True,False,FALSE,False,False,3.0,2.0,60.0,40.0
INSP00136,2025-11-24,SCH0281,True,True,True,True,False,Banjeet Rajagopalan,Needs repair,SCH0281,SCH0281,False,24-11-2025,2025-11-24,DASH_DD_MM_YYYY,False,False,TRUE,True,False,TRUE,True,False,TRUE,True,False,Working,True,False,Nahi hai,False,False,4.0,1.0,80.0,20.0
INSP01591,2025-11-08,SCH0032,True,True,True,True,True,Manan Tripathi,No remarks,SCH-0032,SCH0032,True,11-08-2025,2025-11-08,DASH_MM_DD_AMBIGUOUS,True,False,TRUE,True,False,Y,True,False,Hai,True,False,Haan,True,False,TRUE,True,False,5.0,0.0,100.0,0.0
INSP02286,2025-05-28,SCH0150,True,True,False,True,True,,Average,SCH0150,SCH0150,False,28-May-25,2025-05-28,TEXT_MONTH,False,False,Yes,True,False,TRUE,True,False,N,False,False,Yes,True,False,Y,True,False,4.0,1.0,80.0,20.0
INSP00860,2026-01-10,SCH0343,False,True,False,True,False,Aadi Johal,Good condition,SCH0343,SCH0343,False,01-10-2026,2026-01-10,DASH_MM_DD_AMBIGUOUS,True,False,Nahi,False,False,TRUE,True,False,FALSE,False,False,TRUE,True,False,No,False,False,2.0,3.0,40.0,60.0
INSP02380,2026-06-01,SCH0332,True,True,True,True,False,Girik Narain,No remarks,SCH0332,SCH0332,False,06-01-2026,2026-06-01,DASH_MM_DD_AMBIGUOUS,True,False,Hai,True,False,haan,True,False,Hai,True,False,Yes,True,False,FALSE,False,False,4.0,1.0,80.0,20.0
INSP00367,2025-07-09,SCH0321,False,False,True,False,False,Udyati Garde,,SCH-0321,SCH0321,True,07-09-2025,2025-07-09,DASH_MM_DD_AMBIGUOUS,True,False,FALSE,False,False,FALSE,False,False,TRUE,True,False,FALSE,False,False,Not Available,False,False,1.0,4.0,20.0,80.0
INSP01867,2025-07-15,SCH0459,True,False,True,True,True,Osha Chaudhary,Needs repair,S0459,SCH0459,True,15.07.2025,2025-07-15,DOT_DD_MM_YYYY,False,False,1,True,False,FALSE,False,False,Yes,True,False,TRUE,True,False,TRUE,True,False,4.0,1.0,80.0,20.0
INSP00030,2026-01-08,SCH0484,True,True,True,True,,Panini Choudhary,Needs repair,484,SCH0484,True,08-Jan-26,2026-01-08,TEXT_MONTH,False,False,Y,True,False,TRUE,True,False,haan,True,False,haan,True,False,,,True,4.0,0.0,80.0,0.0
INSP02632,2026-02-18,SCH0051,True,False,True,False,False,Upma Bir,Toilets locked,SCH-0051,SCH0051,True,18.02.2026,2026-02-18,DOT_DD_MM_YYYY,False,False,TRUE,True,False,Nahi,False,False,TRUE,True,False,Nahi hai,False,False,0,False,False,2.0,3.0,40.0,60.0
INSP00023,2025-07-26,SCH0082,True,True,True,True,True,,Needs repair,SCH0082,SCH0082,False,26-07-2025,2025-07-26,DASH_DD_MM_YYYY,False,False,TRUE,True,False,TRUE,True,False,1,True,False,Working,True,False,TRUE,True,False,5.0,0.0,100.0,0.0
INSP02507,2025-04-19,SCH0501,True,True,True,False,True,Abeer Pingle,Average,S0501,SCH0501,True,19-04-2025,2025-04-19,DASH_DD_MM_YYYY,False,False,TRUE,True,False,TRUE,True,False,haan,True,False,0,False,False,TRUE,True,False,4.0,1.0,80.0,20.0
INSP01134,2025-01-07,SCH0284,True,True,True,False,True,,No remarks,sch0284,SCH0284,True,01-07-2025,2025-01-07,DASH_MM_DD_AMBIGUOUS,True,False,Working,True,False,TRUE,True,False,TRUE,True,False,FALSE,False,False,1,True,False,4.0,1.0,80.0,20.0
INSP01035,2026-02-27,SCH0442,True,True,True,False,True,Nirja Cherian,Average,S0442,SCH0442,True,27-02-2026,2026-02-27,DASH_DD_MM_YYYY,False,False,1,True,False,TRUE,True,False,haan,True,False,FALSE,False,False,H,True,False,4.0,1.0,80.0,20.0
INSP00421,2025-07-07,SCH0273,,True,True,True,False,Om Shah,Good condition,sch_0273,SCH0273,True,07-07-2025,2025-07-07,DASH_MM_DD_AMBIGUOUS,True,False,,,True,Y,True,False,haan,True,False,H,True,False,FALSE,False,False,3.0,1.0,60.0,20.0
INSP01538,2026-11-03,SCH0496,True,True,False,False,False,Lucky Prabhu,Good condition,sch0496,SCH0496,True,11-03-2026,2026-11-03,DASH_MM_DD_AMBIGUOUS,True,False,H,True,False,Hai,True,False,FALSE,False,False,FALSE,False,False,No,False,False,2.0,3.0,40.0,60.0
INSP00461,2025-12-10,SCH0399,False,True,False,False,True,Bhanumati Balasubramanian,No remarks,sch0399,SCH0399,True,10.12.2025,2025-12-10,DOT_DD_MM_AMBIGUOUS,True,False,No,False,False,TRUE,True,False,No,False,False,FALSE,False,False,TRUE,True,False,2.0,3.0,40.0,60.0
INSP00044,2025-09-28,SCH0456,True,True,True,False,False,Girindra Chana,Needs repair,SCH0456,SCH0456,False,09-28-2025,2025-09-28,DASH_MM_DD_YYYY,False,False,Yes,True,False,TRUE,True,False,H,True,False,N,False,False,FALSE,False,False,3.0,2.0,60.0,40.0
INSP00088,2025-11-23,SCH0282,False,False,True,,True,Yuvraj Bhargava,Good condition,SCH0282,SCH0282,False,23-Nov-25,2025-11-23,TEXT_MONTH,False,False,FALSE,False,False,Nahi,False,False,TRUE,True,False,,,True,Yes,True,False,2.0,2.0,40.0,40.0
INSP00930,2025-12-10,SCH0012,True,True,False,True,True,Watika Subramaniam,No remarks,SCH0012,SCH0012,False,10.12.2025,2025-12-10,DOT_DD_MM_AMBIGUOUS,True,False,TRUE,True,False,TRUE,True,False,Nahi,False,False,Y,True,False,TRUE,True,False,4.0,1.0,80.0,20.0
INSP01125,2026-01-18,SCH0530,True,True,True,True,True,Gauri Chaudry,,SCH-0530,SCH0530,True,18-01-2026,2026-01-18,DASH_DD_MM_YYYY,False,False,TRUE,True,False,TRUE,True,False,Yes,True,False,Yes,True,False,Yes,True,False,5.0,0.0,100.0,0.0
INSP01772,2025-04-11,SCH0231,True,False,True,True,True,Indira Wali,Toilets locked,SCH0231,SCH0231,False,04-11-2025,2025-04-11,DASH_MM_DD_AMBIGUOUS,True,False,TRUE,True,False,FALSE,False,False,1,True,False,TRUE,True,False,Y,True,False,4.0,1.0,80.0,20.0
INSP01018,2026-07-01,SCH0531,True,True,True,True,True,Udant Kumer,Needs repair,SCH-0531,SCH0531,True,07-01-2026,2026-07-01,DASH_MM_DD_AMBIGUOUS,True,False,Haan,True,False,haan,True,False,Hai,True,False,TRUE,True,False,TRUE,True,False,5.0,0.0,100.0,0.0
INSP00283,2026-02-28,SCH0486,True,True,False,False,,Abhiram Singh,,sch0486,SCH0486,True,28-02-2026,2026-02-28,DASH_DD_MM_YYYY,False,False,TRUE,True,False,TRUE,True,False,FALSE,False,False,FALSE,False,False,,,True,2.0,2.0,40.0,40.0
INSP00694,2025-05-14,SCH0341,True,True,True,True,False,Maya Saraf,Average,SCH0341,SCH0341,False,14-05-2025,2025-05-14,DASH_DD_MM_YYYY,False,False,TRUE,True,False,TRUE,True,False,TRUE,True,False,TRUE,True,False,FALSE,False,False,4.0,1.0,80.0,20.0
INSP01942,2026-12-02,SCH0137,True,True,True,True,False,Reyansh Kata,Average,sch0137,SCH0137,True,12-02-2026,2026-12-02,DASH_MM_DD_AMBIGUOUS,True,False,TRUE,True,False,1,True,False,Y,True,False,Working,True,False,N,False,False,4.0,1.0,80.0,20.0
INSP02910,2025-09-06,SCH0070,True,True,False,True,True,Krisha Tailor,Toilets locked,sch_0070,SCH0070,True,09-06-2025,2025-09-06,DASH_MM_DD_AMBIGUOUS,True,False,Haan,True,False,Hai,True,False,No,False,False,TRUE,True,False,TRUE,True,False,4.0,1.0,80.0,20.0
INSP02990,2026-08-03,SCH0521,True,True,False,True,False,Upma Soman,Needs repair,sch_0521,SCH0521,True,08-03-2026,2026-08-03,DASH_MM_DD_AMBIGUOUS,True,False,Available,True,False,Hai,True,False,Not Available,False,False,TRUE,True,False,Nahi hai,False,False,3.0,2.0,60.0,40.0
INSP02112,2025-09-28,SCH0265,False,True,True,True,True,Jhalak Vig,Toilets locked,sch_0265,SCH0265,True,28-Sep-25,2025-09-28,TEXT_MONTH,False,False,FALSE,False,False,1,True,False,Y,True,False,Hai,True,False,TRUE,True,False,4.0,1.0,80.0,20.0
INSP00534,2025-12-24,SCH0219,True,True,True,True,False,Aadi Mukhopadhyay,Toilets locked,SCH-0219,SCH0219,True,24-12-2025,2025-12-24,DASH_DD_MM_YYYY,False,False,TRUE,True,False,H,True,False,TRUE,True,False,Yes,True,False,Broken,False,False,4.0,1.0,80.0,20.0
INSP01179,2025-06-19,SCH0336,True,True,True,,False,Ekantika Char,,S0336,SCH0336,True,19-06-2025,2025-06-19,DASH_DD_MM_YYYY,False,False,Y,True,False,haan,True,False,Hai,True,False,,,True,Under Repair,False,False,3.0,1.0,60.0,20.0
INSP02581,2026-11-01,SCH0014,True,True,True,False,True,David Dyal,,SCH0014,SCH0014,False,11-01-2026,2026-11-01,DASH_MM_DD_AMBIGUOUS,True,False,TRUE,True,False,TRUE,True,False,H,True,False,Nahi hai,False,False,Y,True,False,4.0,1.0,80.0,20.0
INSP00790,2025-05-02,SCH0457,,True,True,True,False,,Average,SCH0457,SCH0457,False,02.05.2025,2025-05-02,DOT_DD_MM_AMBIGUOUS,True,False,,,True,TRUE,True,False,TRUE,True,False,TRUE,True,False,Kharab,False,False,3.0,1.0,60.0,20.0
INSP02482,2025-03-07,SCH0513,True,True,True,True,True,Leena Mohan,Toilets locked,sch_0513,SCH0513,True,03-07-2025,2025-03-07,DASH_MM_DD_AMBIGUOUS,True,False,TRUE,True,False,TRUE,True,False,Available,True,False,1,True,False,TRUE,True,False,5.0,0.0,100.0,0.0
INSP02516,2025-10-24,SCH0293,True,True,True,False,,Samaksh Thakkar,,S0293,SCH0293,True,24-Oct-25,2025-10-24,TEXT_MONTH,False,False,Yes,True,False,Functional,True,False,1,True,False,Nahi,False,False,,,True,3.0,1.0,60.0,20.0
INSP02228,2025-07-28,SCH0210,True,True,True,True,False,Dominic Salvi,Average,SCH0210,SCH0210,False,28-07-2025,2025-07-28,DASH_DD_MM_YYYY,False,False,Yes,True,False,TRUE,True,False,TRUE,True,False,1,True,False,na,False,False,4.0,1.0,80.0,20.0
INSP00875,2025-06-18,SCH0146,True,True,True,True,False,Diya Suresh,,S0146,SCH0146,True,18-06-2025,2025-06-18,DASH_DD_MM_YYYY,False,False,1,True,False,TRUE,True,False,Yes,True,False,Available,True,False,na,False,False,4.0,1.0,80.0,20.0
INSP00766,2026-02-20,SCH0268,True,True,True,True,True,Ayush Bakshi,Needs repair,268,SCH0268,True,20-Feb-26,2026-02-20,TEXT_MONTH,False,False,H,True,False,TRUE,True,False,TRUE,True,False,Haan,True,False,Available,True,False,5.0,0.0,100.0,0.0
INSP01042,2026-02-21,SCH0330,True,True,True,False,True,Gautami Ganguly,Good condition,SCH0330,SCH0330,False,21-02-2026,2026-02-21,DASH_DD_MM_YYYY,False,False,TRUE,True,False,TRUE,True,False,TRUE,True,False,FALSE,False,False,Haan,True,False,4.0,1.0,80.0,20.0
INSP00791,2025-07-28,SCH0466,False,True,True,False,,Ishanvi Khatri,No remarks,SCH0466,SCH0466,False,28-07-2025,2025-07-28,DASH_DD_MM_YYYY,False,False,FALSE,False,False,Available,True,False,TRUE,True,False,Kharab,False,False,,,True,2.0,2.0,40.0,40.0
INSP02816,2025-09-27,SCH0503,True,True,True,True,True,Warda Chander,No remarks,S0503,SCH0503,True,27-Sep-25,2025-09-27,TEXT_MONTH,False,False,TRUE,True,False,TRUE,True,False,Haan,True,False,Y,True,False,H,True,False,5.0,0.0,100.0,0.0
INSP01566,2025-06-14,SCH0298,True,True,True,True,False,Sathvik Mallick,Good condition,298,SCH0298,True,14-06-2025,2025-06-14,DASH_DD_MM_YYYY,False,False,TRUE,True,False,Y,True,False,TRUE,True,False,TRUE,True,False,N,False,False,4.0,1.0,80.0,20.0
INSP02311,2026-02-27,SCH0090,True,True,True,True,False,Abhimanyu Srinivasan,,SCH-0090,SCH0090,True,27-02-2026,2026-02-27,DASH_DD_MM_YYYY,False,False,TRUE,True,False,Available,True,False,Hai,True,False,TRUE,True,False,Under Repair,False,False,4.0,1.0,80.0,20.0
INSP02190,2025-11-17,SCH0600,True,True,True,False,False,Sanya Gokhale,Average,SCH0600,SCH0600,False,17-11-2025,2025-11-17,DASH_DD_MM_YYYY,False,False,Y,True,False,H,True,False,Yes,True,False,FALSE,False,False,0,False,False,3.0,2.0,60.0,40.0
INSP02305,2025-07-07,SCH0151,True,True,False,False,False,Nitara Devi,Good condition,SCH0151,SCH0151,False,07-07-2025,2025-07-07,DASH_MM_DD_AMBIGUOUS,True,False,TRUE,True,False,Yes,True,False,FALSE,False,False,FALSE,False,False,No,False,False,2.0,3.0,40.0,60.0
INSP02989,2025-04-20,SCH0380,False,True,True,True,False,Advika Mitra,,sch_0380,SCH0380,True,04-20-2025,2025-04-20,DASH_MM_DD_YYYY,False,False,FALSE,False,False,TRUE,True,False,1,True,False,TRUE,True,False,Nahi,False,False,3.0,2.0,60.0,40.0
INSP00222,2025-10-13,SCH0015,True,True,True,,True,Warjas Goda,,SCH0015,SCH0015,False,13.10.2025,2025-10-13,DOT_DD_MM_YYYY,False,False,TRUE,True,False,1,True,False,TRUE,True,False,,,True,1,True,False,4.0,0.0,80.0,0.0
INSP00544,2025-08-06,SCH0233,True,True,True,True,False,Amara Tiwari,,SCH0233,SCH0233,False,06-Aug-25,2025-08-06,TEXT_MONTH,False,False,Hai,True,False,TRUE,True,False,haan,True,False,TRUE,True,False,FALSE,False,False,4.0,1.0,80.0,20.0
INSP01424,2025-01-08,SCH0354,False,False,True,True,False,Nikita Sampath,,SCH-0354,SCH0354,True,01-08-2025,2025-01-08,DASH_MM_DD_AMBIGUOUS,True,False,FALSE,False,False,na,False,False,Y,True,False,TRUE,True,False,FALSE,False,False,2.0,3.0,40.0,60.0
INSP02259,2025-06-29,SCH0136,True,True,True,True,False,Vedant Prashad,Needs repair,SCH0136,SCH0136,False,29-06-2025,2025-06-29,DASH_DD_MM_YYYY,False,False,H,True,False,TRUE,True,False,TRUE,True,False,TRUE,True,False,FALSE,False,False,4.0,1.0,80.0,20.0
INSP00706,2025-10-02,SCH0307,True,True,True,False,,Vincent Singh,Average,S0307,SCH0307,True,10-02-2025,2025-10-02,DASH_MM_DD_AMBIGUOUS,True,False,TRUE,True,False,Hai,True,False,1,True,False,na,False,False,,,True,3.0,1.0,60.0,20.0
INSP02466,2025-10-09,SCH0421,True,True,True,False,False,Arya Pal,Needs repair,421,SCH0421,True,10-09-2025,2025-10-09,DASH_MM_DD_AMBIGUOUS,True,False,TRUE,True,False,TRUE,True,False,TRUE,True,False,FALSE,False,False,FALSE,False,False,3.0,2.0,60.0,40.0
INSP01007,2025-08-20,SCH0410,True,True,True,,False,Darsh Lala,,SCH0410,SCH0410,False,20-08-2025,2025-08-20,DASH_DD_MM_YYYY,False,False,TRUE,True,False,Y,True,False,TRUE,True,False,,,True,0,False,False,3.0,1.0,60.0,20.0
INSP01794,2025-08-12,SCH0208,True,True,True,False,True,Ekani Rajagopal,Average,sch0208,SCH0208,True,08-12-2025,2025-08-12,DASH_MM_DD_AMBIGUOUS,True,False,TRUE,True,False,TRUE,True,False,TRUE,True,False,FALSE,False,False,Y,True,False,4.0,1.0,80.0,20.0
INSP02782,2025-05-10,SCH0592,True,False,True,True,True,Anmol Palla,Needs repair,SCH0592,SCH0592,False,05-10-2025,2025-05-10,DASH_MM_DD_AMBIGUOUS,True,False,TRUE,True,False,na,False,False,haan,True,False,Haan,True,False,TRUE,True,False,4.0,1.0,80.0,20.0
INSP02930,2026-02-27,SCH0288,True,,True,False,True,Peter Lala,Needs repair,sch0288,SCH0288,True,27-02-2026,2026-02-27,DASH_DD_MM_YYYY,False,False,Yes,True,False,,,True,TRUE,True,False,Broken,False,False,TRUE,True,False,3.0,1.0,60.0,20.0
INSP00979,2025-04-08,SCH0488,True,True,True,False,False,Shaurya Krishnan,Needs repair,SCH0488,SCH0488,False,04-08-2025,2025-04-08,DASH_MM_DD_AMBIGUOUS,True,False,TRUE,True,False,Working,True,False,1,True,False,Nahi hai,False,False,FALSE,False,False,3.0,2.0,60.0,40.0
INSP01905,2025-09-22,SCH0562,True,True,True,False,False,Ganga Bahri,Needs repair,sch0562,SCH0562,True,22.09.2025,2025-09-22,DOT_DD_MM_YYYY,False,False,TRUE,True,False,TRUE,True,False,TRUE,True,False,FALSE,False,False,na,False,False,3.0,2.0,60.0,40.0
INSP00273,2025-08-09,SCH0413,True,False,True,False,True,Eiravati Gara,,SCH0413,SCH0413,False,08-09-2025,2025-08-09,DASH_MM_DD_AMBIGUOUS,True,False,haan,True,False,No,False,False,TRUE,True,False,No,False,False,Functional,True,False,3.0,2.0,60.0,40.0
INSP00522,2025-12-24,SCH0509,True,True,True,False,True,Jason Swamy,Needs repair,S0509,SCH0509,True,24-12-2025,2025-12-24,DASH_DD_MM_YYYY,False,False,1,True,False,TRUE,True,False,Yes,True,False,Nahi,False,False,TRUE,True,False,4.0,1.0,80.0,20.0
INSP00523,2025-10-15,SCH0419,True,True,False,True,False,Gagan Acharya,Good condition,SCH0419,SCH0419,False,15-10-2025,2025-10-15,DASH_DD_MM_YYYY,False,False,TRUE,True,False,haan,True,False,Nahi,False,False,Yes,True,False,FALSE,False,False,3.0,2.0,60.0,40.0
INSP01069,2025-08-30,SCH0439,True,True,True,True,True,Qadim Barad,Needs repair,SCH0439,SCH0439,False,30-08-2025,2025-08-30,DASH_DD_MM_YYYY,False,False,TRUE,True,False,1,True,False,TRUE,True,False,H,True,False,TRUE,True,False,5.0,0.0,100.0,0.0
INSP02068,2025-07-01,SCH0378,True,True,True,False,True,Tanay Vala,,SCH0378,SCH0378,False,01-Jul-25,2025-07-01,TEXT_MONTH,False,False,Yes,True,False,TRUE,True,False,H,True,False,FALSE,False,False,TRUE,True,False,4.0,1.0,80.0,20.0
INSP00351,2025-08-19,SCH0141,False,True,True,True,,Rachit Das,,SCH-0141,SCH0141,True,19.08.2025,2025-08-19,DOT_DD_MM_YYYY,False,False,FALSE,False,False,TRUE,True,False,Working,True,False,1,True,False,,,True,3.0,1.0,60.0,20.0
INSP02248,2025-12-18,SCH0306,True,True,False,False,False,Yatan Sandal,Good condition,SCH0306,SCH0306,False,18-Dec-25,2025-12-18,TEXT_MONTH,False,False,TRUE,True,False,1,True,False,FALSE,False,False,FALSE,False,False,FALSE,False,False,2.0,3.0,40.0,60.0
INSP01850,2025-07-24,SCH0161,True,False,True,False,False,Nisha Datta,Needs repair,sch0161,SCH0161,True,24-07-2025,2025-07-24,DASH_DD_MM_YYYY,False,False,TRUE,True,False,FALSE,False,False,TRUE,True,False,Nahi,False,False,FALSE,False,False,2.0,3.0,40.0,60.0
INSP02439,2025-10-31,SCH0212,True,True,True,False,True,Chakradhar Kohli,Good condition,SCH-0212,SCH0212,True,31-10-2025,2025-10-31,DASH_DD_MM_YYYY,False,False,TRUE,True,False,TRUE,True,False,TRUE,True,False,No,False,False,TRUE,True,False,4.0,1.0,80.0,20.0
INSP00652,2025-05-08,SCH0276,True,True,True,True,True,,,SCH0276,SCH0276,False,08-May-25,2025-05-08,TEXT_MONTH,False,False,H,True,False,TRUE,True,False,TRUE,True,False,Working,True,False,TRUE,True,False,5.0,0.0,100.0,0.0
INSP01808,2025-09-19,SCH0007,True,True,True,False,True,Mugdha Jayaraman,Toilets locked,SCH0007,SCH0007,False,09-19-2025,2025-09-19,DASH_MM_DD_YYYY,False,False,Haan,True,False,Yes,True,False,haan,True,False,Kharab,False,False,TRUE,True,False,4.0,1.0,80.0,20.0
INSP02726,2026-02-03,SCH0314,False,True,False,True,True,Warhi Shetty,Needs repair,SCH0314,SCH0314,False,03.02.2026,2026-02-03,DOT_DD_MM_AMBIGUOUS,True,False,FALSE,False,False,H,True,False,0,False,False,Available,True,False,TRUE,True,False,3.0,2.0,60.0,40.0
INSP02528,2025-10-27,SCH0096,False,True,True,True,True,Urvi Chaudhry,,SCH0096,SCH0096,False,10-27-2025,2025-10-27,DASH_MM_DD_YYYY,False,False,FALSE,False,False,1,True,False,Yes,True,False,TRUE,True,False,TRUE,True,False,4.0,1.0,80.0,20.0
INSP01346,2025-08-29,SCH0341,True,True,False,True,False,Samar Keer,Toilets locked,SCH-0341,SCH0341,True,29-08-2025,2025-08-29,DASH_DD_MM_YYYY,False,False,TRUE,True,False,TRUE,True,False,Nahi hai,False,False,TRUE,True,False,FALSE,False,False,3.0,2.0,60.0,40.0
INSP01079,2025-05-11,SCH0420,False,True,True,True,False,Rishi Mani,No remarks,sch_0420,SCH0420,True,11.05.2025,2025-05-11,DOT_DD_MM_AMBIGUOUS,True,False,N,False,False,H,True,False,Hai,True,False,H,True,False,0,False,False,3.0,2.0,60.0,40.0
INSP02745,2026-01-21,SCH0436,True,True,True,False,False,Janya Jayaraman,Toilets locked,sch_0436,SCH0436,True,21.01.2026,2026-01-21,DOT_DD_MM_YYYY,False,False,TRUE,True,False,TRUE,True,False,1,True,False,FALSE,False,False,FALSE,False,False,3.0,2.0,60.0,40.0
INSP00169,2025-04-11,SCH0373,True,True,True,True,False,Samuel Barad,Good condition,sch0373,SCH0373,True,04-11-2025,2025-04-11,DASH_MM_DD_AMBIGUOUS,True,False,Yes,True,False,Available,True,False,TRUE,True,False,TRUE,True,False,FALSE,False,False,4.0,1.0,80.0,20.0
INSP02636,2026-02-01,SCH0209,True,True,True,True,True,Fariq Samra,No remarks,209,SCH0209,True,01.02.2026,2026-02-01,DOT_DD_MM_AMBIGUOUS,True,False,TRUE,True,False,TRUE,True,False,TRUE,True,False,haan,True,False,Y,True,False,5.0,0.0,100.0,0.0
INSP02604,2025-04-14,SCH0411,True,True,True,True,True,Anay Karan,,SCH-0411,SCH0411,True,14.04.2025,2025-04-14,DOT_DD_MM_YYYY,False,False,TRUE,True,False,TRUE,True,False,Functional,True,False,Yes,True,False,Yes,True,False,5.0,0.0,100.0,0.0
INSP02924,2025-07-18,SCH0042,False,True,True,True,False,Manthan Bali,Good condition,SCH0042,SCH0042,False,07-18-2025,2025-07-18,DASH_MM_DD_YYYY,False,False,FALSE,False,False,TRUE,True,False,haan,True,False,TRUE,True,False,FALSE,False,False,3.0,2.0,60.0,40.0
INSP02070,2025-07-27,SCH0344,True,True,True,False,True,Reyansh Narayanan,Average,S0344,SCH0344,True,07-27-2025,2025-07-27,DASH_MM_DD_YYYY,False,False,TRUE,True,False,Haan,True,False,Hai,True,False,No,False,False,Yes,True,False,4.0,1.0,80.0,20.0
INSP02324,2025-08-13,SCH0493,True,False,False,False,True,Ati Wagle,Average,SCH0493,SCH0493,False,13-08-2025,2025-08-13,DASH_DD_MM_YYYY,False,False,TRUE,True,False,na,False,False,Nahi hai,False,False,FALSE,False,False,Y,True,False,2.0,3.0,40.0,60.0
INSP01934,2025-05-25,SCH0404,False,True,False,True,True,Wahab Chaudhry,Average,sch_0404,SCH0404,True,25-May-25,2025-05-25,TEXT_MONTH,False,False,FALSE,False,False,TRUE,True,False,Nahi hai,False,False,Yes,True,False,TRUE,True,False,3.0,2.0,60.0,40.0
INSP01638,2026-01-21,SCH0392,False,False,True,True,False,Keya Jain,Good condition,sch0392,SCH0392,True,21-01-2026,2026-01-21,DASH_DD_MM_YYYY,False,False,FALSE,False,False,No,False,False,Haan,True,False,Yes,True,False,FALSE,False,False,2.0,3.0,40.0,60.0
INSP01838,2025-08-30,SCH0579,True,True,True,False,True,Peter Varkey,Average,SCH0579,SCH0579,False,08-30-2025,2025-08-30,DASH_MM_DD_YYYY,False,False,TRUE,True,False,H,True,False,1,True,False,FALSE,False,False,Y,True,False,4.0,1.0,80.0,20.0
INSP01376,2025-07-23,SCH0513,True,True,True,True,True,Tejas Patla,Good condition,SCH0513,SCH0513,False,23-07-2025,2025-07-23,DASH_DD_MM_YYYY,False,False,TRUE,True,False,TRUE,True,False,TRUE,True,False,1,True,False,Y,True,False,5.0,0.0,100.0,0.0
INSP02354,2025-09-25,SCH0484,False,True,True,False,False,Charles Patla,No remarks,SCH0484,SCH0484,False,25-09-2025,2025-09-25,DASH_DD_MM_YYYY,False,False,FALSE,False,False,TRUE,True,False,TRUE,True,False,FALSE,False,False,Broken,False,False,2.0,3.0,40.0,60.0
INSP00220,2025-06-23,SCH0228,True,True,,True,False,Ayush Chada,No remarks,sch0228,SCH0228,True,23-06-2025,2025-06-23,DASH_DD_MM_YYYY,False,False,Y,True,False,1,True,False,,,True,Functional,True,False,FALSE,False,False,3.0,1.0,60.0,20.0
INSP00368,2025-06-04,SCH0445,True,True,True,True,False,,Toilets locked,SCH0445,SCH0445,False,06-04-2025,2025-06-04,DASH_MM_DD_AMBIGUOUS,True,False,Haan,True,False,TRUE,True,False,TRUE,True,False,TRUE,True,False,FALSE,False,False,4.0,1.0,80.0,20.0
INSP02804,2025-08-04,SCH0220,,True,True,True,True,Pushti Wagle,,SCH0220,SCH0220,False,04.08.2025,2025-08-04,DOT_DD_MM_AMBIGUOUS,True,False,,,True,TRUE,True,False,1,True,False,Haan,True,False,TRUE,True,False,4.0,0.0,80.0,0.0
INSP00950,2025-12-28,SCH0446,True,True,True,True,False,Varenya Ramaswamy,,S0446,SCH0446,True,28.12.2025,2025-12-28,DOT_DD_MM_YYYY,False,False,TRUE,True,False,haan,True,False,TRUE,True,False,TRUE,True,False,FALSE,False,False,4.0,1.0,80.0,20.0
INSP02399,2026-01-27,SCH0077,True,,True,False,False,Anamika Parekh,No remarks,S0077,SCH0077,True,27.01.2026,2026-01-27,DOT_DD_MM_YYYY,False,False,TRUE,True,False,,,True,Haan,True,False,FALSE,False,False,na,False,False,2.0,2.0,40.0,40.0
INSP02253,2026-02-13,SCH0533,False,True,True,True,False,,Needs repair,SCH0533,SCH0533,False,13-02-2026,2026-02-13,DASH_DD_MM_YYYY,False,False,FALSE,False,False,TRUE,True,False,1,True,False,Hai,True,False,Nahi hai,False,False,3.0,2.0,60.0,40.0
INSP01457,2025-10-17,SCH0334,False,True,False,True,False,Yauvani Gade,,SCH-0334,SCH0334,True,17.10.2025,2025-10-17,DOT_DD_MM_YYYY,False,False,0,False,False,TRUE,True,False,na,False,False,Yes,True,False,FALSE,False,False,2.0,3.0,40.0,60.0
INSP00352,2025-04-27,SCH0196,True,True,True,True,False,Charita Kant,Needs repair,SCH-0196,SCH0196,True,27.04.2025,2025-04-27,DOT_DD_MM_YYYY,False,False,1,True,False,TRUE,True,False,Haan,True,False,TRUE,True,False,FALSE,False,False,4.0,1.0,80.0,20.0
INSP01098,2026-01-29,SCH0340,False,True,,,False,Theodore Chaudhari,,SCH-0340,SCH0340,True,29-Jan-26,2026-01-29,TEXT_MONTH,False,False,Nahi hai,False,False,TRUE,True,False,,,True,,,True,No,False,False,1.0,2.0,20.0,40.0
INSP01264,2025-06-25,SCH0083,True,True,True,False,False,,,SCH0083,SCH0083,False,25-06-2025,2025-06-25,DASH_DD_MM_YYYY,False,False,haan,True,False,TRUE,True,False,TRUE,True,False,FALSE,False,False,FALSE,False,False,3.0,2.0,60.0,40.0
INSP02239,2025-06-19,SCH0190,False,True,True,True,True,Yatan Iyengar,Needs repair,sch0190,SCH0190,True,06-19-2025,2025-06-19,DASH_MM_DD_YYYY,False,False,Nahi hai,False,False,Yes,True,False,Yes,True,False,TRUE,True,False,Hai,True,False,4.0,1.0,80.0,20.0
INSP00491,2025-06-29,SCH0218,,True,True,False,True,Zashil Narang,,SCH0218,SCH0218,False,29.06.2025,2025-06-29,DOT_DD_MM_YYYY,False,False,,,True,TRUE,True,False,Yes,True,False,FALSE,False,False,Y,True,False,3.0,1.0,60.0,20.0
INSP02827,2025-10-16,SCH0196,True,True,False,True,False,Mekhala Wadhwa,Good condition,SCH0196,SCH0196,False,16-10-2025,2025-10-16,DASH_DD_MM_YYYY,False,False,Y,True,False,1,True,False,FALSE,False,False,TRUE,True,False,Nahi hai,False,False,3.0,2.0,60.0,40.0
INSP02494,2026-03-09,SCH0516,True,True,True,False,True,Nathaniel Das,Toilets locked,SCH-0516,SCH0516,True,09.03.2026,2026-03-09,DOT_DD_MM_AMBIGUOUS,True,False,Haan,True,False,TRUE,True,False,Functional,True,False,N,False,False,Y,True,False,4.0,1.0,80.0,20.0
INSP00499,2025-04-24,SCH0447,False,True,True,True,False,Qabil Varty,No remarks,sch0447,SCH0447,True,24-04-2025,2025-04-24,DASH_DD_MM_YYYY,False,False,FALSE,False,False,Y,True,False,Working,True,False,TRUE,True,False,Not Available,False,False,3.0,2.0,60.0,40.0
INSP02789,2025-01-09,SCH0100,True,True,True,True,False,Alka Prabhu,,SCH0100,SCH0100,False,01-09-2025,2025-01-09,DASH_MM_DD_AMBIGUOUS,True,False,TRUE,True,False,TRUE,True,False,Haan,True,False,Y,True,False,na,False,False,4.0,1.0,80.0,20.0
INSP00211,2026-09-02,SCH0164,True,True,False,False,False,Ekapad Kulkarni,Needs repair,sch_0164,SCH0164,True,09-02-2026,2026-09-02,DASH_MM_DD_AMBIGUOUS,True,False,haan,True,False,TRUE,True,False,No,False,False,N,False,False,FALSE,False,False,2.0,3.0,40.0,60.0
INSP00898,2025-03-07,SCH0006,False,False,False,True,True,Warda Basak,Needs repair,sch0006,SCH0006,True,03-07-2025,2025-03-07,DASH_MM_DD_AMBIGUOUS,True,False,FALSE,False,False,FALSE,False,False,FALSE,False,False,TRUE,True,False,TRUE,True,False,2.0,3.0,40.0,60.0
INSP01205,2026-12-02,SCH0352,True,True,True,True,False,Wakeeta Dar,No remarks,SCH0352,SCH0352,False,12-02-2026,2026-12-02,DASH_MM_DD_AMBIGUOUS,True,False,Functional,True,False,Haan,True,False,TRUE,True,False,haan,True,False,Not Available,False,False,4.0,1.0,80.0,20.0
INSP00651,2025-12-31,SCH0206,True,True,False,True,False,Henry Om,Needs repair,SCH0206,SCH0206,False,31.12.2025,2025-12-31,DOT_DD_MM_YYYY,False,False,TRUE,True,False,Yes,True,False,N,False,False,TRUE,True,False,Nahi hai,False,False,3.0,2.0,60.0,40.0
INSP00228,2026-03-23,SCH0168,True,True,True,True,True,,,SCH0168,SCH0168,False,03-23-2026,2026-03-23,DASH_MM_DD_YYYY,False,False,Hai,True,False,TRUE,True,False,Haan,True,False,TRUE,True,False,TRUE,True,False,5.0,0.0,100.0,0.0
INSP00366,2026-02-20,SCH0238,True,True,True,True,False,Ira Bhagat,,sch0238,SCH0238,True,02-20-2026,2026-02-20,DASH_MM_DD_YYYY,False,False,Y,True,False,Available,True,False,Y,True,False,TRUE,True,False,Nahi hai,False,False,4.0,1.0,80.0,20.0
INSP02223,2025-10-06,SCH0369,False,True,False,True,False,,,SCH0369,SCH0369,False,10-06-2025,2025-10-06,DASH_MM_DD_AMBIGUOUS,True,False,0,False,False,TRUE,True,False,0,False,False,TRUE,True,False,FALSE,False,False,2.0,3.0,40.0,60.0
INSP00277,2026-02-17,SCH0318,True,True,True,True,True,Robert Tandon,Good condition,SCH-0318,SCH0318,True,17-02-2026,2026-02-17,DASH_DD_MM_YYYY,False,False,TRUE,True,False,Hai,True,False,TRUE,True,False,TRUE,True,False,TRUE,True,False,5.0,0.0,100.0,0.0
INSP02099,2025-05-14,SCH0073,True,True,True,True,False,Janaki Kulkarni,Average,73,SCH0073,True,14-05-2025,2025-05-14,DASH_DD_MM_YYYY,False,False,TRUE,True,False,TRUE,True,False,TRUE,True,False,TRUE,True,False,na,False,False,4.0,1.0,80.0,20.0
INSP01114,2025-11-19,SCH0431,True,False,True,False,True,Mitesh Bains,Toilets locked,sch_0431,SCH0431,True,19-Nov-25,2025-11-19,TEXT_MONTH,False,False,Y,True,False,FALSE,False,False,H,True,False,N,False,False,1,True,False,3.0,2.0,60.0,40.0
INSP00737,2026-01-12,SCH0465,True,True,True,True,True,Siddharth Kakar,No remarks,SCH0465,SCH0465,False,12-Jan-26,2026-01-12,TEXT_MONTH,False,False,haan,True,False,haan,True,False,TRUE,True,False,TRUE,True,False,Yes,True,False,5.0,0.0,100.0,0.0
INSP02575,2026-01-07,SCH0335,True,True,True,False,False,Laksh Nayak,Average,sch0335,SCH0335,True,01-07-2026,2026-01-07,DASH_MM_DD_AMBIGUOUS,True,False,TRUE,True,False,Hai,True,False,Available,True,False,No,False,False,FALSE,False,False,3.0,2.0,60.0,40.0
INSP01994,2025-08-12,SCH0017,False,True,True,False,False,,No remarks,sch_0017,SCH0017,True,08-12-2025,2025-08-12,DASH_MM_DD_AMBIGUOUS,True,False,na,False,False,TRUE,True,False,Yes,True,False,N,False,False,Nahi hai,False,False,2.0,3.0,40.0,60.0
INSP00408,2025-06-09,SCH0411,False,True,True,False,True,Eesha Khalsa,Needs repair,S0411,SCH0411,True,09.06.2025,2025-06-09,DOT_DD_MM_AMBIGUOUS,True,False,na,False,False,TRUE,True,False,TRUE,True,False,FALSE,False,False,1,True,False,3.0,2.0,60.0,40.0
INSP02417,2025-03-04,SCH0482,True,False,True,True,True,Devansh Sathe,Needs repair,SCH0482,SCH0482,False,03-04-2025,2025-03-04,DASH_MM_DD_AMBIGUOUS,True,False,TRUE,True,False,No,False,False,Y,True,False,Y,True,False,Functional,True,False,4.0,1.0,80.0,20.0
INSP02506,2025-01-05,SCH0521,True,True,True,True,False,Xalak Dixit,Average,SCH0521,SCH0521,False,01-05-2025,2025-01-05,DASH_MM_DD_AMBIGUOUS,True,False,TRUE,True,False,Y,True,False,Available,True,False,1,True,False,No,False,False,4.0,1.0,80.0,20.0
INSP02458,2026-01-17,SCH0411,True,True,False,,False,Alexander Varughese,Average,sch0411,SCH0411,True,17-01-2026,2026-01-17,DASH_DD_MM_YYYY,False,False,TRUE,True,False,Y,True,False,na,False,False,,,True,N,False,False,2.0,2.0,40.0,40.0
INSP02247,2025-03-06,SCH0378,,True,False,False,False,Jackson Sinha,No remarks,sch0378,SCH0378,True,03-06-2025,2025-03-06,DASH_MM_DD_AMBIGUOUS,True,False,,,True,Yes,True,False,FALSE,False,False,Nahi,False,False,FALSE,False,False,1.0,3.0,20.0,60.0
INSP02531,2025-06-07,SCH0580,True,True,True,True,False,Azad Sengupta,No remarks,SCH0580,SCH0580,False,06-07-2025,2025-06-07,DASH_MM_DD_AMBIGUOUS,True,False,TRUE,True,False,Available,True,False,1,True,False,H,True,False,FALSE,False,False,4.0,1.0,80.0,20.0
INSP01771,2025-11-08,SCH0085,True,False,,True,False,Azaan Ramanathan,Toilets locked,SCH0085,SCH0085,False,11-08-2025,2025-11-08,DASH_MM_DD_AMBIGUOUS,True,False,Haan,True,False,Not Available,False,False,,,True,TRUE,True,False,N,False,False,2.0,2.0,40.0,40.0
INSP00008,2025-04-06,SCH0059,True,True,True,True,False,Falak Karpe,Good condition,SCH0059,SCH0059,False,04-06-2025,2025-04-06,DASH_MM_DD_AMBIGUOUS,True,False,TRUE,True,False,TRUE,True,False,TRUE,True,False,haan,True,False,FALSE,False,False,4.0,1.0,80.0,20.0
INSP01492,2025-12-12,SCH0268,False,False,True,True,,,,sch_0268,SCH0268,True,12-12-2025,2025-12-12,DASH_MM_DD_AMBIGUOUS,True,False,FALSE,False,False,FALSE,False,False,Haan,True,False,1,True,False,,,True,2.0,2.0,40.0,40.0
INSP01533,2025-05-30,SCH0032,True,True,True,True,False,Charles Sagar,Average,SCH0032,SCH0032,False,30-05-2025,2025-05-30,DASH_DD_MM_YYYY,False,False,Y,True,False,TRUE,True,False,haan,True,False,Y,True,False,FALSE,False,False,4.0,1.0,80.0,20.0
INSP01801,2025-09-26,SCH0417,True,True,True,True,False,Barkha Upadhyay,Needs repair,417,SCH0417,True,26-Sep-25,2025-09-26,TEXT_MONTH,False,False,haan,True,False,TRUE,True,False,1,True,False,TRUE,True,False,FALSE,False,False,4.0,1.0,80.0,20.0
INSP00416,2025-07-22,SCH0024,False,True,True,True,False,Jason Kannan,Needs repair,SCH0024,SCH0024,False,22-07-2025,2025-07-22,DASH_DD_MM_YYYY,False,False,Under Repair,False,False,TRUE,True,False,TRUE,True,False,TRUE,True,False,No,False,False,3.0,2.0,60.0,40.0
INSP01607,2026-01-21,SCH0064,True,,True,True,True,Jasmit Kurian,Average,SCH0064,SCH0064,False,21-01-2026,2026-01-21,DASH_DD_MM_YYYY,False,False,TRUE,True,False,,,True,TRUE,True,False,Yes,True,False,Haan,True,False,4.0,0.0,80.0,0.0
INSP00840,2025-08-30,SCH0226,True,True,True,,True,Omisha Dua,Toilets locked,sch0226,SCH0226,True,30-Aug-25,2025-08-30,TEXT_MONTH,False,False,Haan,True,False,Haan,True,False,TRUE,True,False,,,True,Hai,True,False,4.0,0.0,80.0,0.0
INSP01763,2025-07-02,SCH0420,True,True,False,False,True,,Good condition,420,SCH0420,True,07-02-2025,2025-07-02,DASH_MM_DD_AMBIGUOUS,True,False,TRUE,True,False,TRUE,True,False,No,False,False,FALSE,False,False,TRUE,True,False,3.0,2.0,60.0,40.0
INSP00865,2026-01-11,SCH0583,False,True,False,False,True,Atharv Dara,Average,S0583,SCH0583,True,01-11-2026,2026-01-11,DASH_MM_DD_AMBIGUOUS,True,False,FALSE,False,False,TRUE,True,False,Kharab,False,False,N,False,False,TRUE,True,False,2.0,3.0,40.0,60.0
INSP00200,2025-11-26,SCH0193,True,True,True,True,False,Oviya Keer,Average,193,SCH0193,True,26-11-2025,2025-11-26,DASH_DD_MM_YYYY,False,False,TRUE,True,False,Yes,True,False,TRUE,True,False,Y,True,False,No,False,False,4.0,1.0,80.0,20.0
INSP01117,2025-09-23,SCH0413,True,True,True,False,False,Varsha Mohanty,,SCH0413,SCH0413,False,23-09-2025,2025-09-23,DASH_DD_MM_YYYY,False,False,Y,True,False,Working,True,False,TRUE,True,False,Nahi hai,False,False,N,False,False,3.0,2.0,60.0,40.0
INSP00284,2025-04-24,SCH0493,False,True,False,False,True,Bhavani Tak,,SCH-0493,SCH0493,True,24-04-2025,2025-04-24,DASH_DD_MM_YYYY,False,False,FALSE,False,False,TRUE,True,False,FALSE,False,False,N,False,False,Working,True,False,2.0,3.0,40.0,60.0
INSP00232,2026-10-01,SCH0433,True,True,False,True,False,Jairaj D’Alia,Average,SCH-0433,SCH0433,True,10-01-2026,2026-10-01,DASH_MM_DD_AMBIGUOUS,True,False,TRUE,True,False,TRUE,True,False,Nahi hai,False,False,TRUE,True,False,FALSE,False,False,3.0,2.0,60.0,40.0
INSP02992,2026-03-22,SCH0015,False,True,True,False,False,Megha Keer,No remarks,SCH0015,SCH0015,False,22-03-2026,2026-03-22,DASH_DD_MM_YYYY,False,False,FALSE,False,False,TRUE,True,False,TRUE,True,False,FALSE,False,False,FALSE,False,False,2.0,3.0,40.0,60.0
INSP01081,2025-10-04,SCH0226,True,True,True,True,False,Vritti Bhalla,Toilets locked,SCH-0226,SCH0226,True,10-04-2025,2025-10-04,DASH_MM_DD_AMBIGUOUS,True,False,haan,True,False,TRUE,True,False,H,True,False,TRUE,True,False,na,False,False,4.0,1.0,80.0,20.0
INSP00097,2025-11-07,SCH0429,True,True,True,True,True,Abhiram Kapadia,Average,sch_0429,SCH0429,True,11-07-2025,2025-11-07,DASH_MM_DD_AMBIGUOUS,True,False,TRUE,True,False,Hai,True,False,TRUE,True,False,TRUE,True,False,Hai,True,False,5.0,0.0,100.0,0.0
INSP01508,2025-07-29,SCH0310,True,True,True,False,True,Vidhi Butala,Good condition,SCH-0310,SCH0310,True,29-07-2025,2025-07-29,DASH_DD_MM_YYYY,False,False,Yes,True,False,H,True,False,Functional,True,False,Nahi,False,False,Yes,True,False,4.0,1.0,80.0,20.0
INSP02760,2025-10-09,SCH0170,True,True,True,True,True,Anmol Venkataraman,No remarks,SCH0170,SCH0170,False,10-09-2025,2025-10-09,DASH_MM_DD_AMBIGUOUS,True,False,Working,True,False,TRUE,True,False,TRUE,True,False,TRUE,True,False,TRUE,True,False,5.0,0.0,100.0,0.0
INSP01813,2025-12-14,SCH0532,True,True,True,False,True,Hemani Lad,,SCH0532,SCH0532,False,14-12-2025,2025-12-14,DASH_DD_MM_YYYY,False,False,haan,True,False,TRUE,True,False,TRUE,True,False,FALSE,False,False,TRUE,True,False,4.0,1.0,80.0,20.0
INSP02936,2025-08-14,SCH0151,True,True,True,False,False,Ojas Gola,Toilets locked,SCH0151,SCH0151,False,08-14-2025,2025-08-14,DASH_MM_DD_YYYY,False,False,Functional,True,False,Yes,True,False,TRUE,True,False,FALSE,False,False,FALSE,False,False,3.0,2.0,60.0,40.0
INSP01201,2025-12-06,SCH0297,True,False,True,False,False,Samar Bhatt,,SCH0297,SCH0297,False,06-Dec-25,2025-12-06,TEXT_MONTH,False,False,Hai,True,False,FALSE,False,False,Hai,True,False,FALSE,False,False,0,False,False,2.0,3.0,40.0,60.0
INSP02587,2025-04-24,SCH0338,True,True,False,True,True,David Shanker,No remarks,sch0338,SCH0338,True,24-04-2025,2025-04-24,DASH_DD_MM_YYYY,False,False,TRUE,True,False,TRUE,True,False,FALSE,False,False,TRUE,True,False,TRUE,True,False,4.0,1.0,80.0,20.0
INSP02720,2026-03-12,SCH0294,True,True,True,True,True,Janani Keer,Average,sch0294,SCH0294,True,12.03.2026,2026-03-12,DOT_DD_MM_AMBIGUOUS,True,False,Haan,True,False,TRUE,True,False,TRUE,True,False,H,True,False,Haan,True,False,5.0,0.0,100.0,0.0
INSP02556,2025-11-17,SCH0524,True,True,True,False,True,Jagat Kade,No remarks,SCH-0524,SCH0524,True,17-11-2025,2025-11-17,DASH_DD_MM_YYYY,False,False,TRUE,True,False,Y,True,False,Functional,True,False,No,False,False,TRUE,True,False,4.0,1.0,80.0,20.0
INSP01890,2025-09-21,SCH0312,True,True,True,False,False,Samaksh Kant,No remarks,SCH-0312,SCH0312,True,09-21-2025,2025-09-21,DASH_MM_DD_YYYY,False,False,TRUE,True,False,Hai,True,False,Hai,True,False,FALSE,False,False,Kharab,False,False,3.0,2.0,60.0,40.0
INSP00105,2025-07-28,SCH0086,,True,True,True,True,Maya Tella,,SCH0086,SCH0086,False,28-Jul-25,2025-07-28,TEXT_MONTH,False,False,,,True,Yes,True,False,TRUE,True,False,Working,True,False,1,True,False,4.0,0.0,80.0,0.0
INSP02350,2025-09-29,SCH0094,True,True,True,True,True,,Needs repair,SCH0094,SCH0094,False,29-09-2025,2025-09-29,DASH_DD_MM_YYYY,False,False,haan,True,False,TRUE,True,False,haan,True,False,1,True,False,H,True,False,5.0,0.0,100.0,0.0
INSP01928,2025-07-19,SCH0096,True,True,True,True,True,Sai Karan,No remarks,SCH-0096,SCH0096,True,19-Jul-25,2025-07-19,TEXT_MONTH,False,False,Available,True,False,TRUE,True,False,Y,True,False,TRUE,True,False,TRUE,True,False,5.0,0.0,100.0,0.0
INSP02715,2025-10-05,SCH0239,False,True,True,True,True,Anvi Gara,Needs repair,SCH0239,SCH0239,False,10-05-2025,2025-10-05,DASH_MM_DD_AMBIGUOUS,True,False,0,False,False,TRUE,True,False,1,True,False,Yes,True,False,Y,True,False,4.0,1.0,80.0,20.0
INSP01124,2026-01-31,SCH0364,False,True,False,True,True,Gavin Mall,,SCH0364,SCH0364,False,31-Jan-26,2026-01-31,TEXT_MONTH,False,False,Under Repair,False,False,H,True,False,FALSE,False,False,Available,True,False,Working,True,False,3.0,2.0,60.0,40.0
INSP02009,2025-11-12,SCH0146,True,True,True,True,True,Vrinda Ratta,,SCH0146,SCH0146,False,11-12-2025,2025-11-12,DASH_MM_DD_AMBIGUOUS,True,False,TRUE,True,False,Functional,True,False,H,True,False,haan,True,False,TRUE,True,False,5.0,0.0,100.0,0.0
INSP00806,2025-12-28,SCH0231,False,True,True,False,False,,Good condition,sch_0231,SCH0231,True,28-12-2025,2025-12-28,DASH_DD_MM_YYYY,False,False,FALSE,False,False,TRUE,True,False,TRUE,True,False,Nahi hai,False,False,FALSE,False,False,2.0,3.0,40.0,60.0
INSP02409,2026-03-15,SCH0182,True,True,True,True,False,Riya Dewan,No remarks,SCH0182,SCH0182,False,15.03.2026,2026-03-15,DOT_DD_MM_YYYY,False,False,TRUE,True,False,TRUE,True,False,Haan,True,False,TRUE,True,False,Nahi,False,False,4.0,1.0,80.0,20.0
INSP02582,2026-03-23,SCH0500,True,True,True,False,,Maya Mammen,No remarks,sch_0500,SCH0500,True,23-03-2026,2026-03-23,DASH_DD_MM_YYYY,False,False,TRUE,True,False,TRUE,True,False,TRUE,True,False,FALSE,False,False,,,True,3.0,1.0,60.0,20.0
INSP00745,2025-09-20,SCH0264,True,True,True,True,True,Ijaya Ramesh,No remarks,sch_0264,SCH0264,True,20-09-2025,2025-09-20,DASH_DD_MM_YYYY,False,False,Available,True,False,haan,True,False,TRUE,True,False,TRUE,True,False,Haan,True,False,5.0,0.0,100.0,0.0
INSP00227,2025-07-12,SCH0420,True,True,True,False,True,Bhavika Gandhi,Needs repair,420,SCH0420,True,07-12-2025,2025-07-12,DASH_MM_DD_AMBIGUOUS,True,False,Y,True,False,Working,True,False,Y,True,False,FALSE,False,False,TRUE,True,False,4.0,1.0,80.0,20.0
INSP01222,2025-10-11,SCH0556,False,True,False,True,False,,No remarks,SCH-0556,SCH0556,True,10-11-2025,2025-10-11,DASH_MM_DD_AMBIGUOUS,True,False,FALSE,False,False,Hai,True,False,FALSE,False,False,TRUE,True,False,FALSE,False,False,2.0,3.0,40.0,60.0
INSP01293,2025-11-20,SCH0385,True,True,True,True,False,Wyatt Doctor,Toilets locked,sch_0385,SCH0385,True,20-11-2025,2025-11-20,DASH_DD_MM_YYYY,False,False,TRUE,True,False,TRUE,True,False,TRUE,True,False,Haan,True,False,FALSE,False,False,4.0,1.0,80.0,20.0
INSP02421,2025-11-20,SCH0110,False,True,False,True,False,Yash Sagar,Needs repair,sch_0110,SCH0110,True,11-20-2025,2025-11-20,DASH_MM_DD_YYYY,False,False,N,False,False,H,True,False,FALSE,False,False,TRUE,True,False,N,False,False,2.0,3.0,40.0,60.0
INSP02092,2026-03-30,SCH0466,True,True,True,False,False,Maanav Gour,Needs repair,SCH-0466,SCH0466,True,30-03-2026,2026-03-30,DASH_DD_MM_YYYY,False,False,Y,True,False,Hai,True,False,H,True,False,FALSE,False,False,FALSE,False,False,3.0,2.0,60.0,40.0
INSP01030,2026-11-03,SCH0547,True,True,True,False,False,Vedhika Saha,Average,SCH0547,SCH0547,False,11-03-2026,2026-11-03,DASH_MM_DD_AMBIGUOUS,True,False,TRUE,True,False,TRUE,True,False,Hai,True,False,Kharab,False,False,FALSE,False,False,3.0,2.0,60.0,40.0
INSP00890,2025-09-20,SCH0423,False,True,True,False,True,,No remarks,SCH-0423,SCH0423,True,20-09-2025,2025-09-20,DASH_DD_MM_YYYY,False,False,FALSE,False,False,TRUE,True,False,Y,True,False,FALSE,False,False,1,True,False,3.0,2.0,60.0,40.0
INSP01617,2026-02-28,SCH0432,True,True,True,False,True,Chanchal Bhardwaj,Average,sch_0432,SCH0432,True,28.02.2026,2026-02-28,DOT_DD_MM_YYYY,False,False,haan,True,False,Working,True,False,TRUE,True,False,FALSE,False,False,Working,True,False,4.0,1.0,80.0,20.0
INSP01111,2026-04-01,SCH0438,True,True,True,False,False,Avni Kuruvilla,,SCH0438,SCH0438,False,04-01-2026,2026-04-01,DASH_MM_DD_AMBIGUOUS,True,False,Hai,True,False,haan,True,False,Y,True,False,FALSE,False,False,Nahi,False,False,3.0,2.0,60.0,40.0
INSP02116,2025-07-14,SCH0215,True,True,True,False,False,Pavani Saini,Needs repair,sch_0215,SCH0215,True,14.07.2025,2025-07-14,DOT_DD_MM_YYYY,False,False,Functional,True,False,Available,True,False,Functional,True,False,FALSE,False,False,FALSE,False,False,3.0,2.0,60.0,40.0
INSP02763,2025-05-11,SCH0330,False,True,True,True,False,Isha Walia,No remarks,sch0330,SCH0330,True,05-11-2025,2025-05-11,DASH_MM_DD_AMBIGUOUS,True,False,FALSE,False,False,TRUE,True,False,haan,True,False,TRUE,True,False,FALSE,False,False,3.0,2.0,60.0,40.0
INSP01043,2025-10-28,SCH0379,True,True,True,True,True,,,SCH0379,SCH0379,False,28-Oct-25,2025-10-28,TEXT_MONTH,False,False,Y,True,False,TRUE,True,False,Hai,True,False,H,True,False,TRUE,True,False,5.0,0.0,100.0,0.0
INSP01777,2025-04-06,SCH0080,True,True,True,True,True,Zaitra Keer,Needs repair,SCH0080,SCH0080,False,04-06-2025,2025-04-06,DASH_MM_DD_AMBIGUOUS,True,False,haan,True,False,TRUE,True,False,TRUE,True,False,TRUE,True,False,TRUE,True,False,5.0,0.0,100.0,0.0
INSP00465,2025-07-09,SCH0211,True,False,True,True,False,,Needs repair,SCH0211,SCH0211,False,07-09-2025,2025-07-09,DASH_MM_DD_AMBIGUOUS,True,False,TRUE,True,False,No,False,False,1,True,False,TRUE,True,False,FALSE,False,False,3.0,2.0,60.0,40.0
INSP00882,2025-04-02,SCH0313,True,,True,True,,Hardik Guha,No remarks,sch_0313,SCH0313,True,02.04.2025,2025-04-02,DOT_DD_MM_AMBIGUOUS,True,False,Yes,True,False,,,True,haan,True,False,TRUE,True,False,,,True,3.0,0.0,60.0,0.0
INSP02156,2025-04-28,SCH0302,,True,True,False,False,Aadhya Baral,Good condition,S0302,SCH0302,True,28-04-2025,2025-04-28,DASH_DD_MM_YYYY,False,False,,,True,Haan,True,False,TRUE,True,False,No,False,False,0,False,False,2.0,2.0,40.0,40.0
INSP01423,2025-04-07,SCH0416,True,True,True,False,False,Geetika Garde,Average,SCH0416,SCH0416,False,04-07-2025,2025-04-07,DASH_MM_DD_AMBIGUOUS,True,False,TRUE,True,False,Hai,True,False,TRUE,True,False,FALSE,False,False,FALSE,False,False,3.0,2.0,60.0,40.0
INSP00773,2025-09-09,SCH0413,True,True,True,False,True,Vidhi Karpe,Toilets locked,SCH0413,SCH0413,False,09-09-2025,2025-09-09,DASH_MM_DD_AMBIGUOUS,True,False,TRUE,True,False,TRUE,True,False,TRUE,True,False,FALSE,False,False,1,True,False,4.0,1.0,80.0,20.0
INSP01768,2025-11-26,SCH0544,True,True,True,False,False,Pranit Deep,Needs repair,SCH0544,SCH0544,False,26.11.2025,2025-11-26,DOT_DD_MM_YYYY,False,False,TRUE,True,False,TRUE,True,False,TRUE,True,False,Not Available,False,False,FALSE,False,False,3.0,2.0,60.0,40.0
INSP01065,2025-06-27,SCH0074,True,True,False,True,False,Jalsa Gokhale,Good condition,SCH-0074,SCH0074,True,27-Jun-25,2025-06-27,TEXT_MONTH,False,False,Haan,True,False,TRUE,True,False,FALSE,False,False,Haan,True,False,N,False,False,3.0,2.0,60.0,40.0
INSP00213,2025-05-23,SCH0284,True,True,True,False,False,Vasudha Bal,No remarks,SCH0284,SCH0284,False,05-23-2025,2025-05-23,DASH_MM_DD_YYYY,False,False,TRUE,True,False,TRUE,True,False,Y,True,False,No,False,False,FALSE,False,False,3.0,2.0,60.0,40.0
INSP00013,2026-05-01,SCH0345,False,True,True,True,False,Advik Edwin,No remarks,SCH0345,SCH0345,False,05-01-2026,2026-05-01,DASH_MM_DD_AMBIGUOUS,True,False,Not Available,False,False,TRUE,True,False,TRUE,True,False,TRUE,True,False,FALSE,False,False,3.0,2.0,60.0,40.0
INSP00423,2025-10-17,SCH0321,False,True,,False,True,Sathvik Balasubramanian,Average,SCH0321,SCH0321,False,17.10.2025,2025-10-17,DOT_DD_MM_YYYY,False,False,na,False,False,TRUE,True,False,,,True,N,False,False,TRUE,True,False,2.0,2.0,40.0,40.0
INSP02368,2025-09-05,SCH0384,True,True,True,True,True,Zinal Chaudhary,Toilets locked,SCH0384,SCH0384,False,05.09.2025,2025-09-05,DOT_DD_MM_AMBIGUOUS,True,False,1,True,False,Functional,True,False,TRUE,True,False,Functional,True,False,Y,True,False,5.0,0.0,100.0,0.0
INSP01054,2025-06-22,SCH0476,True,,False,True,,Varenya Ramakrishnan,Needs repair,SCH-0476,SCH0476,True,22-Jun-25,2025-06-22,TEXT_MONTH,False,False,Yes,True,False,,,True,FALSE,False,False,TRUE,True,False,,,True,2.0,1.0,40.0,20.0
INSP01230,2025-07-10,SCH0456,True,True,False,True,True,Lila Contractor,No remarks,SCH0456,SCH0456,False,07-10-2025,2025-07-10,DASH_MM_DD_AMBIGUOUS,True,False,Available,True,False,H,True,False,0,False,False,H,True,False,Available,True,False,4.0,1.0,80.0,20.0
INSP01456,2026-03-11,SCH0323,True,True,True,True,False,,Toilets locked,SCH0323,SCH0323,False,03-11-2026,2026-03-11,DASH_MM_DD_AMBIGUOUS,True,False,haan,True,False,1,True,False,Hai,True,False,1,True,False,Nahi hai,False,False,4.0,1.0,80.0,20.0
INSP00742,2025-06-11,SCH0455,False,,True,False,True,Oviya Panchal,Needs repair,sch0455,SCH0455,True,06-11-2025,2025-06-11,DASH_MM_DD_AMBIGUOUS,True,False,FALSE,False,False,,,True,Haan,True,False,na,False,False,TRUE,True,False,2.0,2.0,40.0,40.0
INSP02776,2025-09-07,SCH0139,True,True,True,False,True,Lakshit Sur,,SCH0139,SCH0139,False,09-07-2025,2025-09-07,DASH_MM_DD_AMBIGUOUS,True,False,TRUE,True,False,haan,True,False,Y,True,False,FALSE,False,False,TRUE,True,False,4.0,1.0,80.0,20.0
INSP02700,2026-03-17,SCH0252,True,True,True,True,False,Rachita Rana,Needs repair,SCH-0252,SCH0252,True,17-03-2026,2026-03-17,DASH_DD_MM_YYYY,False,False,TRUE,True,False,TRUE,True,False,Y,True,False,Hai,True,False,FALSE,False,False,4.0,1.0,80.0,20.0
INSP02329,2026-03-13,SCH0596,True,False,True,True,False,Baljiwan Mani,,SCH0596,SCH0596,False,13.03.2026,2026-03-13,DOT_DD_MM_YYYY,False,False,Yes,True,False,N,False,False,H,True,False,Hai,True,False,Nahi hai,False,False,3.0,2.0,60.0,40.0
INSP00799,2026-01-19,SCH0035,False,True,False,True,False,Megha Sanghvi,Average,SCH-0035,SCH0035,True,19-01-2026,2026-01-19,DASH_DD_MM_YYYY,False,False,FALSE,False,False,Working,True,False,Under Repair,False,False,Haan,True,False,N,False,False,2.0,3.0,40.0,60.0
INSP01432,2025-05-20,SCH0057,True,False,True,True,True,Hamsini Dugar,Toilets locked,57,SCH0057,True,20-05-2025,2025-05-20,DASH_DD_MM_YYYY,False,False,1,True,False,Nahi hai,False,False,TRUE,True,False,Available,True,False,haan,True,False,4.0,1.0,80.0,20.0
INSP02427,2025-09-11,SCH0074,False,True,False,True,False,Pooja Kunda,Needs repair,SCH0074,SCH0074,False,11-Sep-25,2025-09-11,TEXT_MONTH,False,False,FALSE,False,False,Yes,True,False,FALSE,False,False,TRUE,True,False,0,False,False,2.0,3.0,40.0,60.0
INSP00510,2025-08-05,SCH0101,False,True,True,True,True,Radha Sunder,Average,sch_0101,SCH0101,True,08-05-2025,2025-08-05,DASH_MM_DD_AMBIGUOUS,True,False,FALSE,False,False,TRUE,True,False,Working,True,False,TRUE,True,False,Yes,True,False,4.0,1.0,80.0,20.0
INSP00645,2025-10-18,SCH0589,True,True,False,True,False,Amaira Padmanabhan,Average,SCH-0589,SCH0589,True,18-10-2025,2025-10-18,DASH_DD_MM_YYYY,False,False,Available,True,False,TRUE,True,False,Nahi,False,False,Functional,True,False,FALSE,False,False,3.0,2.0,60.0,40.0
INSP00598,2025-06-10,SCH0276,True,True,True,,False,Niharika Pillai,Needs repair,S0276,SCH0276,True,06-10-2025,2025-06-10,DASH_MM_DD_AMBIGUOUS,True,False,Working,True,False,TRUE,True,False,TRUE,True,False,,,True,FALSE,False,False,3.0,1.0,60.0,20.0
INSP02714,2025-10-07,SCH0592,False,True,False,False,False,Andrew Batta,Good condition,S0592,SCH0592,True,10-07-2025,2025-10-07,DASH_MM_DD_AMBIGUOUS,True,False,FALSE,False,False,TRUE,True,False,FALSE,False,False,FALSE,False,False,Under Repair,False,False,1.0,4.0,20.0,80.0
INSP01162,2025-05-28,SCH0527,True,True,True,True,False,Sathvik Lala,Average,sch_0527,SCH0527,True,28-May-25,2025-05-28,TEXT_MONTH,False,False,Working,True,False,haan,True,False,TRUE,True,False,TRUE,True,False,FALSE,False,False,4.0,1.0,80.0,20.0
INSP01362,2025-07-13,SCH0206,False,False,True,False,,Vritti Som,No remarks,SCH0206,SCH0206,False,13.07.2025,2025-07-13,DOT_DD_MM_YYYY,False,False,FALSE,False,False,FALSE,False,False,TRUE,True,False,FALSE,False,False,,,True,1.0,3.0,20.0,60.0
INSP00858,2025-07-05,SCH0189,False,True,True,True,True,Imaran Mohan,No remarks,SCH-0189,SCH0189,True,05-Jul-25,2025-07-05,TEXT_MONTH,False,False,Not Available,False,False,haan,True,False,TRUE,True,False,TRUE,True,False,TRUE,True,False,4.0,1.0,80.0,20.0
INSP02780,2025-12-12,SCH0072,True,True,,False,False,Charita Mangat,No remarks,SCH0072,SCH0072,False,12-Dec-25,2025-12-12,TEXT_MONTH,False,False,TRUE,True,False,Available,True,False,,,True,Nahi hai,False,False,FALSE,False,False,2.0,2.0,40.0,40.0
INSP00519,2025-07-27,SCH0309,True,False,True,False,True,,No remarks,sch0309,SCH0309,True,07-27-2025,2025-07-27,DASH_MM_DD_YYYY,False,False,Y,True,False,Broken,False,False,TRUE,True,False,na,False,False,TRUE,True,False,3.0,2.0,60.0,40.0
INSP00965,2025-07-02,SCH0287,True,True,True,True,True,Kashish Sankaran,Toilets locked,S0287,SCH0287,True,07-02-2025,2025-07-02,DASH_MM_DD_AMBIGUOUS,True,False,Functional,True,False,Yes,True,False,haan,True,False,1,True,False,haan,True,False,5.0,0.0,100.0,0.0
INSP02968,2025-04-10,SCH0074,True,False,False,False,True,Kavya Shan,,SCH0074,SCH0074,False,04-10-2025,2025-04-10,DASH_MM_DD_AMBIGUOUS,True,False,Hai,True,False,FALSE,False,False,Nahi hai,False,False,FALSE,False,False,haan,True,False,2.0,3.0,40.0,60.0
INSP00574,2025-08-17,SCH0434,True,True,False,True,True,Yashasvi More,No remarks,sch0434,SCH0434,True,08-17-2025,2025-08-17,DASH_MM_DD_YYYY,False,False,Yes,True,False,Y,True,False,Broken,False,False,Yes,True,False,TRUE,True,False,4.0,1.0,80.0,20.0
INSP02865,2025-04-27,SCH0095,False,True,False,True,True,Isaiah Rastogi,Average,SCH0095,SCH0095,False,27-04-2025,2025-04-27,DASH_DD_MM_YYYY,False,False,FALSE,False,False,TRUE,True,False,0,False,False,TRUE,True,False,Functional,True,False,3.0,2.0,60.0,40.0
INSP02544,2025-10-05,SCH0046,True,True,True,True,True,,,sch_0046,SCH0046,True,10-05-2025,2025-10-05,DASH_MM_DD_AMBIGUOUS,True,False,TRUE,True,False,1,True,False,1,True,False,Hai,True,False,Hai,True,False,5.0,0.0,100.0,0.0
INSP02107,2025-12-27,SCH0459,True,True,True,False,True,Fitan Devan,Needs repair,SCH-0459,SCH0459,True,27-12-2025,2025-12-27,DASH_DD_MM_YYYY,False,False,Haan,True,False,1,True,False,TRUE,True,False,FALSE,False,False,TRUE,True,False,4.0,1.0,80.0,20.0
INSP02754,2025-10-12,SCH0363,False,True,True,True,False,Vansha Buch,Good condition,SCH0363,SCH0363,False,12.10.2025,2025-10-12,DOT_DD_MM_AMBIGUOUS,True,False,N,False,False,Y,True,False,H,True,False,TRUE,True,False,FALSE,False,False,3.0,2.0,60.0,40.0
INSP01308,2025-07-15,SCH0173,True,True,False,True,True,Jack Subramanian,,sch0173,SCH0173,True,15-Jul-25,2025-07-15,TEXT_MONTH,False,False,TRUE,True,False,Y,True,False,Nahi,False,False,1,True,False,1,True,False,4.0,1.0,80.0,20.0
INSP01587,2025-04-18,SCH0254,True,True,True,False,True,Ryan Srinivasan,Needs repair,SCH0254,SCH0254,False,18-04-2025,2025-04-18,DASH_DD_MM_YYYY,False,False,TRUE,True,False,haan,True,False,1,True,False,Broken,False,False,TRUE,True,False,4.0,1.0,80.0,20.0
INSP00124,2025-12-18,SCH0515,False,False,True,True,False,Deepa Parmar,Average,SCH0515,SCH0515,False,18-12-2025,2025-12-18,DASH_DD_MM_YYYY,False,False,0,False,False,na,False,False,Haan,True,False,H,True,False,FALSE,False,False,2.0,3.0,40.0,60.0
INSP01498,2025-10-26,SCH0324,True,True,True,False,False,Advik Lata,No remarks,SCH-0324,SCH0324,True,26-10-2025,2025-10-26,DASH_DD_MM_YYYY,False,False,Available,True,False,TRUE,True,False,Yes,True,False,FALSE,False,False,FALSE,False,False,3.0,2.0,60.0,40.0
INSP00221,2025-07-19,SCH0090,True,True,True,False,True,Finn Ranganathan,Needs repair,sch0090,SCH0090,True,19-07-2025,2025-07-19,DASH_DD_MM_YYYY,False,False,Y,True,False,Available,True,False,TRUE,True,False,FALSE,False,False,Working,True,False,4.0,1.0,80.0,20.0
INSP00359,2025-09-02,SCH0288,False,True,True,False,True,Irya Bhatnagar,No remarks,SCH0288,SCH0288,False,02.09.2025,2025-09-02,DOT_DD_MM_AMBIGUOUS,True,False,FALSE,False,False,TRUE,True,False,Hai,True,False,FALSE,False,False,TRUE,True,False,3.0,2.0,60.0,40.0
INSP02530,2025-04-13,SCH0084,True,True,True,False,True,Amaira Upadhyay,Needs repair,S0084,SCH0084,True,13-04-2025,2025-04-13,DASH_DD_MM_YYYY,False,False,Y,True,False,Functional,True,False,haan,True,False,FALSE,False,False,Yes,True,False,4.0,1.0,80.0,20.0
INSP02777,2025-10-22,SCH0270,True,True,False,True,False,Advika Chacko,,SCH0270,SCH0270,False,22.10.2025,2025-10-22,DOT_DD_MM_YYYY,False,False,TRUE,True,False,TRUE,True,False,FALSE,False,False,TRUE,True,False,FALSE,False,False,3.0,2.0,60.0,40.0
INSP02113,2025-05-14,SCH0325,True,True,True,True,False,Kiaan Wable,Toilets locked,SCH0325,SCH0325,False,05-14-2025,2025-05-14,DASH_MM_DD_YYYY,False,False,TRUE,True,False,TRUE,True,False,TRUE,True,False,Hai,True,False,FALSE,False,False,4.0,1.0,80.0,20.0
INSP01796,2026-03-26,SCH0041,True,True,True,False,False,Hitesh Atwal,Good condition,sch0041,SCH0041,True,26-03-2026,2026-03-26,DASH_DD_MM_YYYY,False,False,Y,True,False,1,True,False,TRUE,True,False,Nahi hai,False,False,FALSE,False,False,3.0,2.0,60.0,40.0
INSP01698,2025-12-29,SCH0552,True,True,False,True,False,Chakradev Sengupta,Average,SCH0552,SCH0552,False,29-Dec-25,2025-12-29,TEXT_MONTH,False,False,H,True,False,H,True,False,FALSE,False,False,TRUE,True,False,Nahi hai,False,False,3.0,2.0,60.0,40.0
INSP00260,2025-12-14,SCH0057,True,True,False,False,True,Zayyan Solanki,No remarks,SCH0057,SCH0057,False,14-12-2025,2025-12-14,DASH_DD_MM_YYYY,False,False,haan,True,False,TRUE,True,False,FALSE,False,False,Under Repair,False,False,haan,True,False,3.0,2.0,60.0,40.0
INSP02913,2025-10-21,SCH0015,True,False,True,True,False,Atharv Varty,Good condition,SCH0015,SCH0015,False,21.10.2025,2025-10-21,DOT_DD_MM_YYYY,False,False,Functional,True,False,FALSE,False,False,TRUE,True,False,H,True,False,FALSE,False,False,3.0,2.0,60.0,40.0
INSP02415,2025-10-23,SCH0259,True,True,True,False,False,Akshay Bahri,No remarks,SCH0259,SCH0259,False,23-10-2025,2025-10-23,DASH_DD_MM_YYYY,False,False,Y,True,False,Yes,True,False,Yes,True,False,FALSE,False,False,FALSE,False,False,3.0,2.0,60.0,40.0
INSP01351,2025-01-11,SCH0462,True,True,True,True,True,Ekantika Nazareth,Average,SCH0462,SCH0462,False,01-11-2025,2025-01-11,DASH_MM_DD_AMBIGUOUS,True,False,Hai,True,False,1,True,False,TRUE,True,False,Y,True,False,TRUE,True,False,5.0,0.0,100.0,0.0
INSP02517,2025-05-23,SCH0266,False,False,True,False,False,Pranit Tata,,sch0266,SCH0266,True,05-23-2025,2025-05-23,DASH_MM_DD_YYYY,False,False,FALSE,False,False,Not Available,False,False,Y,True,False,Nahi hai,False,False,FALSE,False,False,1.0,4.0,20.0,80.0
INSP01107,2025-04-12,SCH0179,True,False,True,False,True,Devika Kari,Good condition,SCH0179,SCH0179,False,04-12-2025,2025-04-12,DASH_MM_DD_AMBIGUOUS,True,False,TRUE,True,False,FALSE,False,False,haan,True,False,FALSE,False,False,Y,True,False,3.0,2.0,60.0,40.0
INSP02532,2025-09-26,SCH0116,True,True,False,True,True,William Biswas,Needs repair,S0116,SCH0116,True,26-09-2025,2025-09-26,DASH_DD_MM_YYYY,False,False,TRUE,True,False,TRUE,True,False,Not Available,False,False,TRUE,True,False,TRUE,True,False,4.0,1.0,80.0,20.0
INSP01878,2026-03-20,SCH0053,True,True,True,True,True,Onkar Din,Good condition,53,SCH0053,True,20.03.2026,2026-03-20,DOT_DD_MM_YYYY,False,False,TRUE,True,False,TRUE,True,False,H,True,False,TRUE,True,False,TRUE,True,False,5.0,0.0,100.0,0.0
INSP01657,2025-05-15,SCH0163,True,False,True,False,True,Vidhi Mall,No remarks,sch_0163,SCH0163,True,15-05-2025,2025-05-15,DASH_DD_MM_YYYY,False,False,TRUE,True,False,FALSE,False,False,TRUE,True,False,FALSE,False,False,Haan,True,False,3.0,2.0,60.0,40.0
INSP01094,2025-02-11,SCH0489,True,True,True,True,True,Advika Munshi,,sch_0489,SCH0489,True,02-11-2025,2025-02-11,DASH_MM_DD_AMBIGUOUS,True,False,Y,True,False,Yes,True,False,TRUE,True,False,Working,True,False,1,True,False,5.0,0.0,100.0,0.0
INSP02856,2026-07-01,SCH0547,True,True,True,False,False,Wishi Narang,,sch_0547,SCH0547,True,07-01-2026,2026-07-01,DASH_MM_DD_AMBIGUOUS,True,False,Hai,True,False,Y,True,False,TRUE,True,False,FALSE,False,False,FALSE,False,False,3.0,2.0,60.0,40.0
INSP02449,2025-11-20,SCH0486,True,,False,False,False,George Om,,sch_0486,SCH0486,True,20-11-2025,2025-11-20,DASH_DD_MM_YYYY,False,False,Available,True,False,,,True,na,False,False,na,False,False,FALSE,False,False,1.0,3.0,20.0,60.0
INSP00457,2025-12-18,SCH0232,True,True,True,True,True,Zehaan Guha,,232,SCH0232,True,18.12.2025,2025-12-18,DOT_DD_MM_YYYY,False,False,TRUE,True,False,TRUE,True,False,TRUE,True,False,Yes,True,False,TRUE,True,False,5.0,0.0,100.0,0.0
INSP00463,2025-10-26,SCH0078,True,False,True,False,True,Oeshi Krishna,Average,SCH-0078,SCH0078,True,26-10-2025,2025-10-26,DASH_DD_MM_YYYY,False,False,TRUE,True,False,FALSE,False,False,Y,True,False,na,False,False,Haan,True,False,3.0,2.0,60.0,40.0
INSP01692,2025-07-01,SCH0156,True,True,True,True,False,Aditya Mukhopadhyay,Needs repair,SCH-0156,SCH0156,True,07-01-2025,2025-07-01,DASH_MM_DD_AMBIGUOUS,True,False,TRUE,True,False,Yes,True,False,Yes,True,False,haan,True,False,Kharab,False,False,4.0,1.0,80.0,20.0
INSP01668,2025-10-04,SCH0339,True,False,True,False,True,,Average,SCH-0339,SCH0339,True,10-04-2025,2025-10-04,DASH_MM_DD_AMBIGUOUS,True,False,TRUE,True,False,0,False,False,TRUE,True,False,FALSE,False,False,H,True,False,3.0,2.0,60.0,40.0
INSP01414,2025-05-15,SCH0096,False,True,True,True,True,Nirja Chawla,Toilets locked,96,SCH0096,True,15-05-2025,2025-05-15,DASH_DD_MM_YYYY,False,False,FALSE,False,False,TRUE,True,False,TRUE,True,False,TRUE,True,False,haan,True,False,4.0,1.0,80.0,20.0
INSP00382,2026-01-19,SCH0242,True,True,False,False,True,Harsh Chadha,No remarks,sch_0242,SCH0242,True,01-19-2026,2026-01-19,DASH_MM_DD_YYYY,False,False,Hai,True,False,1,True,False,FALSE,False,False,Nahi hai,False,False,TRUE,True,False,3.0,2.0,60.0,40.0
INSP02939,2025-09-22,SCH0433,True,True,True,False,True,Varsha Tandon,Average,sch0433,SCH0433,True,22-09-2025,2025-09-22,DASH_DD_MM_YYYY,False,False,Hai,True,False,Yes,True,False,TRUE,True,False,N,False,False,TRUE,True,False,4.0,1.0,80.0,20.0
INSP01534,2025-10-07,SCH0208,False,False,True,True,True,Libni Deol,,S0208,SCH0208,True,07.10.2025,2025-10-07,DOT_DD_MM_AMBIGUOUS,True,False,Nahi,False,False,FALSE,False,False,TRUE,True,False,TRUE,True,False,haan,True,False,3.0,2.0,60.0,40.0
INSP02473,2025-11-03,SCH0205,True,,True,,True,Upadhriti Rai,,SCH-0205,SCH0205,True,03-Nov-25,2025-11-03,TEXT_MONTH,False,False,TRUE,True,False,,,True,Hai,True,False,,,True,Hai,True,False,3.0,0.0,60.0,0.0
INSP02442,2026-02-21,SCH0512,False,False,True,True,True,Krish Sinha,Good condition,sch_0512,SCH0512,True,21-02-2026,2026-02-21,DASH_DD_MM_YYYY,False,False,N,False,False,na,False,False,TRUE,True,False,Yes,True,False,Hai,True,False,3.0,2.0,60.0,40.0
INSP00966,2025-06-19,SCH0426,False,True,True,True,True,Aishani Kara,No remarks,sch_0426,SCH0426,True,19-Jun-25,2025-06-19,TEXT_MONTH,False,False,FALSE,False,False,TRUE,True,False,Available,True,False,TRUE,True,False,Working,True,False,4.0,1.0,80.0,20.0
INSP02842,2025-07-18,SCH0113,True,True,False,False,True,Chakrika Kata,Good condition,SCH0113,SCH0113,False,18-07-2025,2025-07-18,DASH_DD_MM_YYYY,False,False,Y,True,False,TRUE,True,False,FALSE,False,False,FALSE,False,False,haan,True,False,3.0,2.0,60.0,40.0
INSP01778,2026-03-12,SCH0556,True,True,True,False,False,Urvashi Batra,Toilets locked,sch0556,SCH0556,True,12-Mar-26,2026-03-12,TEXT_MONTH,False,False,TRUE,True,False,TRUE,True,False,TRUE,True,False,FALSE,False,False,FALSE,False,False,3.0,2.0,60.0,40.0
INSP00943,2025-05-05,SCH0356,False,True,True,False,False,Anmol Deshmukh,Good condition,S0356,SCH0356,True,05-05-2025,2025-05-05,DASH_MM_DD_AMBIGUOUS,True,False,FALSE,False,False,Yes,True,False,Haan,True,False,FALSE,False,False,na,False,False,2.0,3.0,40.0,60.0
INSP00060,2025-05-31,SCH0564,True,,True,True,True,Geetika Kapoor,Average,sch_0564,SCH0564,True,31-May-25,2025-05-31,TEXT_MONTH,False,False,Available,True,False,,,True,TRUE,True,False,H,True,False,TRUE,True,False,4.0,0.0,80.0,0.0
INSP02391,2026-07-01,SCH0301,False,True,True,True,False,Irya Mittal,,sch_0301,SCH0301,True,07-01-2026,2026-07-01,DASH_MM_DD_AMBIGUOUS,True,False,FALSE,False,False,Hai,True,False,TRUE,True,False,Functional,True,False,na,False,False,3.0,2.0,60.0,40.0
INSP02859,2026-03-12,SCH0279,False,True,False,True,True,,Average,SCH0279,SCH0279,False,12-Mar-26,2026-03-12,TEXT_MONTH,False,False,FALSE,False,False,H,True,False,N,False,False,Y,True,False,Working,True,False,3.0,2.0,60.0,40.0
INSP01766,2026-05-01,SCH0360,True,True,False,False,False,Ayush Mann,Needs repair,360,SCH0360,True,05-01-2026,2026-05-01,DASH_MM_DD_AMBIGUOUS,True,False,H,True,False,Yes,True,False,FALSE,False,False,FALSE,False,False,na,False,False,2.0,3.0,40.0,60.0
INSP01576,2025-08-11,SCH0099,True,True,True,True,False,Omya Swaminathan,Toilets locked,SCH0099,SCH0099,False,11-Aug-25,2025-08-11,TEXT_MONTH,False,False,Hai,True,False,TRUE,True,False,TRUE,True,False,Available,True,False,Broken,False,False,4.0,1.0,80.0,20.0
INSP02484,2026-03-19,SCH0510,True,True,True,False,False,Panini Nayar,Good condition,SCH-0510,SCH0510,True,19-03-2026,2026-03-19,DASH_DD_MM_YYYY,False,False,TRUE,True,False,1,True,False,H,True,False,FALSE,False,False,FALSE,False,False,3.0,2.0,60.0,40.0
INSP02411,2025-12-22,SCH0105,False,False,True,True,True,Andrew Chahal,Toilets locked,SCH-0105,SCH0105,True,22.12.2025,2025-12-22,DOT_DD_MM_YYYY,False,False,FALSE,False,False,FALSE,False,False,Available,True,False,TRUE,True,False,Y,True,False,3.0,2.0,60.0,40.0
INSP01028,2026-01-22,SCH0107,False,True,True,False,True,Isha Vohra,Good condition,SCH0107,SCH0107,False,22-01-2026,2026-01-22,DASH_DD_MM_YYYY,False,False,na,False,False,TRUE,True,False,Hai,True,False,Nahi,False,False,1,True,False,3.0,2.0,60.0,40.0
INSP00658,2026-03-21,SCH0117,,True,True,False,True,Peter Rao,Good condition,sch_0117,SCH0117,True,21.03.2026,2026-03-21,DOT_DD_MM_YYYY,False,False,,,True,TRUE,True,False,TRUE,True,False,Nahi,False,False,Y,True,False,3.0,1.0,60.0,20.0
INSP01314,2025-08-11,SCH0351,False,True,False,True,False,Siya Sahni,Toilets locked,sch_0351,SCH0351,True,11-Aug-25,2025-08-11,TEXT_MONTH,False,False,FALSE,False,False,TRUE,True,False,na,False,False,Yes,True,False,Nahi hai,False,False,2.0,3.0,40.0,60.0
INSP00846,2025-06-28,SCH0190,True,,True,False,True,,Needs repair,SCH-0190,SCH0190,True,28-Jun-25,2025-06-28,TEXT_MONTH,False,False,Y,True,False,,,True,haan,True,False,Nahi,False,False,Y,True,False,3.0,1.0,60.0,20.0
INSP00543,2026-01-24,SCH0327,True,True,True,,True,Advaith Rajagopal,Toilets locked,sch_0327,SCH0327,True,24.01.2026,2026-01-24,DOT_DD_MM_YYYY,False,False,TRUE,True,False,Haan,True,False,Functional,True,False,,,True,TRUE,True,False,4.0,0.0,80.0,0.0
INSP00870,2025-08-20,SCH0454,True,True,True,True,False,Rachana Mani,No remarks,S0454,SCH0454,True,20.08.2025,2025-08-20,DOT_DD_MM_YYYY,False,False,TRUE,True,False,TRUE,True,False,Working,True,False,Yes,True,False,FALSE,False,False,4.0,1.0,80.0,20.0
INSP01710,2025-05-15,SCH0016,True,True,True,False,False,Harrison Bera,Toilets locked,SCH0016,SCH0016,False,15-May-25,2025-05-15,TEXT_MONTH,False,False,TRUE,True,False,Y,True,False,Hai,True,False,N,False,False,FALSE,False,False,3.0,2.0,60.0,40.0
INSP01310,2025-08-09,SCH0249,True,True,True,True,False,,Needs repair,SCH0249,SCH0249,False,08-09-2025,2025-08-09,DASH_MM_DD_AMBIGUOUS,True,False,haan,True,False,TRUE,True,False,TRUE,True,False,TRUE,True,False,FALSE,False,False,4.0,1.0,80.0,20.0
INSP02227,2025-08-11,SCH0097,True,True,True,,False,Xiti Walla,Needs repair,sch_0097,SCH0097,True,11-Aug-25,2025-08-11,TEXT_MONTH,False,False,Y,True,False,1,True,False,Available,True,False,,,True,FALSE,False,False,3.0,1.0,60.0,20.0
INSP02579,2025-12-12,SCH0008,True,True,True,True,False,Frederick Mistry,Good condition,sch_0008,SCH0008,True,12-Dec-25,2025-12-12,TEXT_MONTH,False,False,TRUE,True,False,Haan,True,False,Available,True,False,1,True,False,na,False,False,4.0,1.0,80.0,20.0
INSP01447,2026-03-24,SCH0035,True,True,True,True,False,Advay Rege,,SCH0035,SCH0035,False,24-03-2026,2026-03-24,DASH_DD_MM_YYYY,False,False,Available,True,False,TRUE,True,False,TRUE,True,False,Hai,True,False,N,False,False,4.0,1.0,80.0,20.0
INSP02644,2025-11-12,SCH0130,True,True,True,True,False,Madhavi Dey,Average,sch_0130,SCH0130,True,11-12-2025,2025-11-12,DASH_MM_DD_AMBIGUOUS,True,False,TRUE,True,False,TRUE,True,False,TRUE,True,False,1,True,False,N,False,False,4.0,1.0,80.0,20.0
INSP01656,2025-12-03,SCH0543,False,True,True,True,True,Maanas Basu,No remarks,SCH0543,SCH0543,False,03.12.2025,2025-12-03,DOT_DD_MM_AMBIGUOUS,True,False,FALSE,False,False,Working,True,False,TRUE,True,False,H,True,False,Y,True,False,4.0,1.0,80.0,20.0
INSP01504,2025-10-29,SCH0236,True,True,True,False,False,Akshay Iyengar,No remarks,sch_0236,SCH0236,True,29-10-2025,2025-10-29,DASH_DD_MM_YYYY,False,False,Y,True,False,TRUE,True,False,Yes,True,False,na,False,False,Not Available,False,False,3.0,2.0,60.0,40.0
INSP01085,2026-07-02,SCH0262,True,True,True,False,,Yashasvi Amble,Average,SCH-0262,SCH0262,True,07-02-2026,2026-07-02,DASH_MM_DD_AMBIGUOUS,True,False,Y,True,False,TRUE,True,False,TRUE,True,False,FALSE,False,False,,,True,3.0,1.0,60.0,20.0
INSP02379,2026-03-30,SCH0284,True,,True,True,True,Oscar Basak,No remarks,SCH-0284,SCH0284,True,30-03-2026,2026-03-30,DASH_DD_MM_YYYY,False,False,TRUE,True,False,,,True,TRUE,True,False,1,True,False,TRUE,True,False,4.0,0.0,80.0,0.0
INSP01433,2025-05-30,SCH0590,True,True,False,True,False,Akshay Narayan,Average,590,SCH0590,True,30-05-2025,2025-05-30,DASH_DD_MM_YYYY,False,False,Y,True,False,Yes,True,False,FALSE,False,False,Y,True,False,Nahi,False,False,3.0,2.0,60.0,40.0
INSP02546,2025-06-11,SCH0182,True,False,True,True,True,Anjali Magar,Needs repair,SCH0182,SCH0182,False,06-11-2025,2025-06-11,DASH_MM_DD_AMBIGUOUS,True,False,TRUE,True,False,na,False,False,1,True,False,TRUE,True,False,Yes,True,False,4.0,1.0,80.0,20.0
INSP01892,2025-08-31,SCH0238,True,True,True,True,False,Jairaj Hegde,Good condition,SCH-0238,SCH0238,True,31.08.2025,2025-08-31,DOT_DD_MM_YYYY,False,False,TRUE,True,False,TRUE,True,False,TRUE,True,False,H,True,False,FALSE,False,False,4.0,1.0,80.0,20.0
INSP01062,2025-05-13,SCH0009,False,True,False,True,True,Lipika Cherian,Average,SCH0009,SCH0009,False,13-May-25,2025-05-13,TEXT_MONTH,False,False,FALSE,False,False,Hai,True,False,N,False,False,Haan,True,False,Available,True,False,3.0,2.0,60.0,40.0
INSP00436,2025-12-23,SCH0581,True,True,True,True,False,Aachal Pai,Good condition,SCH0581,SCH0581,False,12-23-2025,2025-12-23,DASH_MM_DD_YYYY,False,False,TRUE,True,False,TRUE,True,False,TRUE,True,False,TRUE,True,False,Broken,False,False,4.0,1.0,80.0,20.0
INSP02474,2026-10-01,SCH0352,True,True,True,True,True,Abeer Toor,No remarks,sch0352,SCH0352,True,10-01-2026,2026-10-01,DASH_MM_DD_AMBIGUOUS,True,False,TRUE,True,False,TRUE,True,False,TRUE,True,False,TRUE,True,False,H,True,False,5.0,0.0,100.0,0.0
INSP00238,2025-09-08,SCH0166,False,True,True,True,,Hiral Goda,Toilets locked,sch_0166,SCH0166,True,09-08-2025,2025-09-08,DASH_MM_DD_AMBIGUOUS,True,False,No,False,False,Available,True,False,Y,True,False,TRUE,True,False,,,True,3.0,1.0,60.0,20.0
INSP01488,2025-08-17,SCH0242,True,True,True,True,True,Irya Prabhu,Toilets locked,SCH-0242,SCH0242,True,17-08-2025,2025-08-17,DASH_DD_MM_YYYY,False,False,TRUE,True,False,TRUE,True,False,Yes,True,False,TRUE,True,False,haan,True,False,5.0,0.0,100.0,0.0
INSP02728,2025-06-30,SCH0282,False,True,True,True,True,Hiral Morar,,SCH0282,SCH0282,False,30-06-2025,2025-06-30,DASH_DD_MM_YYYY,False,False,FALSE,False,False,Hai,True,False,Y,True,False,Hai,True,False,TRUE,True,False,4.0,1.0,80.0,20.0
INSP00110,2025-04-23,SCH0119,False,True,True,False,False,Eiravati Chaudhuri,Toilets locked,SCH0119,SCH0119,False,23-Apr-25,2025-04-23,TEXT_MONTH,False,False,No,False,False,Functional,True,False,TRUE,True,False,FALSE,False,False,FALSE,False,False,2.0,3.0,40.0,60.0
INSP02084,2025-11-09,SCH0283,,False,True,True,False,Naveen Bhandari,Good condition,SCH0283,SCH0283,False,11-09-2025,2025-11-09,DASH_MM_DD_AMBIGUOUS,True,False,,,True,No,False,False,1,True,False,Yes,True,False,0,False,False,2.0,2.0,40.0,40.0
INSP00782,2026-10-01,SCH0162,True,True,True,True,True,Tanveer Dyal,Toilets locked,SCH0162,SCH0162,False,10-01-2026,2026-10-01,DASH_MM_DD_AMBIGUOUS,True,False,TRUE,True,False,TRUE,True,False,Working,True,False,1,True,False,TRUE,True,False,5.0,0.0,100.0,0.0
INSP00164,2026-02-05,SCH0163,False,False,True,True,False,Vedhika Bora,Good condition,sch0163,SCH0163,True,02-05-2026,2026-02-05,DASH_MM_DD_AMBIGUOUS,True,False,0,False,False,na,False,False,Haan,True,False,1,True,False,Broken,False,False,2.0,3.0,40.0,60.0
INSP00289,2025-12-27,SCH0457,True,True,True,True,False,Parth Bhatnagar,,SCH0457,SCH0457,False,27.12.2025,2025-12-27,DOT_DD_MM_YYYY,False,False,TRUE,True,False,TRUE,True,False,TRUE,True,False,TRUE,True,False,FALSE,False,False,4.0,1.0,80.0,20.0
INSP00253,2025-07-07,SCH0006,,True,False,True,True,Nicholas Agate,Toilets locked,SCH-0006,SCH0006,True,07-07-2025,2025-07-07,DASH_MM_DD_AMBIGUOUS,True,False,,,True,TRUE,True,False,FALSE,False,False,TRUE,True,False,Hai,True,False,3.0,1.0,60.0,20.0
INSP01118,2025-08-07,SCH0382,True,True,False,False,True,Aishani Keer,Needs repair,SCH-0382,SCH0382,True,07.08.2025,2025-08-07,DOT_DD_MM_AMBIGUOUS,True,False,Working,True,False,Yes,True,False,FALSE,False,False,Nahi,False,False,Haan,True,False,3.0,2.0,60.0,40.0
INSP02127,2025-12-15,SCH0350,True,True,True,True,False,Tara Oza,Good condition,sch_0350,SCH0350,True,15.12.2025,2025-12-15,DOT_DD_MM_YYYY,False,False,Working,True,False,TRUE,True,False,Yes,True,False,1,True,False,Nahi,False,False,4.0,1.0,80.0,20.0
INSP01739,2025-06-06,SCH0436,,True,False,True,True,Zilmil Kumar,,SCH0436,SCH0436,False,06.06.2025,2025-06-06,DOT_DD_MM_AMBIGUOUS,True,False,,,True,Y,True,False,FALSE,False,False,TRUE,True,False,Yes,True,False,3.0,1.0,60.0,20.0
INSP00768,2026-02-19,SCH0172,False,False,True,False,False,Chatura Pradhan,Good condition,sch_0172,SCH0172,True,19-02-2026,2026-02-19,DASH_DD_MM_YYYY,False,False,FALSE,False,False,FALSE,False,False,TRUE,True,False,FALSE,False,False,0,False,False,1.0,4.0,20.0,80.0
INSP00788,2025-06-07,SCH0421,True,True,True,False,True,Jeet Roy,Average,SCH0421,SCH0421,False,07.06.2025,2025-06-07,DOT_DD_MM_AMBIGUOUS,True,False,TRUE,True,False,TRUE,True,False,TRUE,True,False,FALSE,False,False,TRUE,True,False,4.0,1.0,80.0,20.0
INSP01443,2025-09-30,SCH0463,True,True,True,True,True,Jairaj Chaudhary,Good condition,sch_0463,SCH0463,True,09-30-2025,2025-09-30,DASH_MM_DD_YYYY,False,False,TRUE,True,False,TRUE,True,False,TRUE,True,False,TRUE,True,False,TRUE,True,False,5.0,0.0,100.0,0.0
INSP00927,2025-04-03,SCH0420,False,True,False,True,True,,Good condition,sch0420,SCH0420,True,04-03-2025,2025-04-03,DASH_MM_DD_AMBIGUOUS,True,False,na,False,False,TRUE,True,False,FALSE,False,False,TRUE,True,False,TRUE,True,False,3.0,2.0,60.0,40.0
INSP01836,2025-07-19,SCH0134,True,False,True,False,True,Lavanya Seshadri,Average,SCH-0134,SCH0134,True,19-07-2025,2025-07-19,DASH_DD_MM_YYYY,False,False,Haan,True,False,na,False,False,Y,True,False,N,False,False,Yes,True,False,3.0,2.0,60.0,40.0
INSP01287,2025-05-29,SCH0119,True,True,,True,True,Qarin Bhavsar,No remarks,SCH0119,SCH0119,False,29-05-2025,2025-05-29,DASH_DD_MM_YYYY,False,False,H,True,False,Yes,True,False,,,True,Y,True,False,Y,True,False,4.0,0.0,80.0,0.0
INSP01554,2026-01-21,SCH0575,True,True,True,False,,Urvashi Mann,Average,SCH-0575,SCH0575,True,21-01-2026,2026-01-21,DASH_DD_MM_YYYY,False,False,Functional,True,False,TRUE,True,False,Yes,True,False,Nahi,False,False,,,True,3.0,1.0,60.0,20.0
INSP02457,2025-02-08,SCH0475,True,False,True,True,False,Liam Munshi,Good condition,sch0475,SCH0475,True,02-08-2025,2025-02-08,DASH_MM_DD_AMBIGUOUS,True,False,Working,True,False,Nahi hai,False,False,TRUE,True,False,Y,True,False,Nahi hai,False,False,3.0,2.0,60.0,40.0
INSP02230,2025-05-20,SCH0207,True,True,True,True,False,Nachiket Gara,Good condition,SCH-0207,SCH0207,True,20-05-2025,2025-05-20,DASH_DD_MM_YYYY,False,False,TRUE,True,False,TRUE,True,False,Working,True,False,TRUE,True,False,FALSE,False,False,4.0,1.0,80.0,20.0
INSP02752,2025-11-21,SCH0255,True,True,True,True,True,Urmi Shetty,No remarks,sch_0255,SCH0255,True,21.11.2025,2025-11-21,DOT_DD_MM_YYYY,False,False,Y,True,False,haan,True,False,Yes,True,False,Y,True,False,Functional,True,False,5.0,0.0,100.0,0.0
INSP02313,2025-08-17,SCH0542,True,True,True,True,True,Gunbir Pingle,Average,sch_0542,SCH0542,True,08-17-2025,2025-08-17,DASH_MM_DD_YYYY,False,False,Yes,True,False,Hai,True,False,Yes,True,False,TRUE,True,False,Working,True,False,5.0,0.0,100.0,0.0
INSP02563,2026-01-23,SCH0049,True,True,True,False,False,,Average,49,SCH0049,True,23.01.2026,2026-01-23,DOT_DD_MM_YYYY,False,False,TRUE,True,False,TRUE,True,False,Yes,True,False,FALSE,False,False,Kharab,False,False,3.0,2.0,60.0,40.0
INSP00848,2025-02-07,SCH0009,True,True,False,False,True,Vasatika Khanna,Good condition,SCH0009,SCH0009,False,02-07-2025,2025-02-07,DASH_MM_DD_AMBIGUOUS,True,False,1,True,False,TRUE,True,False,N,False,False,0,False,False,Yes,True,False,3.0,2.0,60.0,40.0
INSP01438,2026-01-01,SCH0081,True,False,True,True,False,Diya Anand,Toilets locked,SCH-0081,SCH0081,True,01-01-2026,2026-01-01,DASH_MM_DD_AMBIGUOUS,True,False,Working,True,False,Nahi,False,False,TRUE,True,False,TRUE,True,False,Nahi,False,False,3.0,2.0,60.0,40.0
INSP02541,2025-07-27,SCH0566,,True,True,False,False,Vamakshi Sura,Good condition,SCH0566,SCH0566,False,27.07.2025,2025-07-27,DOT_DD_MM_YYYY,False,False,,,True,1,True,False,Haan,True,False,Nahi hai,False,False,Nahi hai,False,False,2.0,2.0,40.0,40.0
INSP00462,2025-04-01,SCH0277,False,True,True,True,False,Tanmayi Vasa,Toilets locked,SCH0277,SCH0277,False,01.04.2025,2025-04-01,DOT_DD_MM_AMBIGUOUS,True,False,Nahi,False,False,1,True,False,TRUE,True,False,TRUE,True,False,FALSE,False,False,3.0,2.0,60.0,40.0
INSP02357,2025-06-29,SCH0059,True,True,,False,True,Robert Rattan,,SCH0059,SCH0059,False,29-06-2025,2025-06-29,DASH_DD_MM_YYYY,False,False,Working,True,False,TRUE,True,False,,,True,FALSE,False,False,Y,True,False,3.0,1.0,60.0,20.0
INSP01603,2025-10-04,SCH0473,True,True,True,True,True,,Toilets locked,sch_0473,SCH0473,True,10-04-2025,2025-10-04,DASH_MM_DD_AMBIGUOUS,True,False,Y,True,False,Functional,True,False,Hai,True,False,TRUE,True,False,Functional,True,False,5.0,0.0,100.0,0.0
INSP00158,2025-07-17,SCH0331,True,True,True,True,True,Umang Pai,Toilets locked,sch0331,SCH0331,True,07-17-2025,2025-07-17,DASH_MM_DD_YYYY,False,False,Y,True,False,H,True,False,Yes,True,False,TRUE,True,False,TRUE,True,False,5.0,0.0,100.0,0.0
INSP02523,2025-07-30,SCH0256,True,True,False,False,False,Anita Dhingra,Good condition,SCH-0256,SCH0256,True,30-07-2025,2025-07-30,DASH_DD_MM_YYYY,False,False,Available,True,False,TRUE,True,False,FALSE,False,False,FALSE,False,False,FALSE,False,False,2.0,3.0,40.0,60.0
INSP02087,2025-11-06,SCH0140,True,True,True,True,False,Noah Narayanan,Good condition,sch_0140,SCH0140,True,11-06-2025,2025-11-06,DASH_MM_DD_AMBIGUOUS,True,False,TRUE,True,False,Y,True,False,Functional,True,False,TRUE,True,False,Kharab,False,False,4.0,1.0,80.0,20.0
INSP01805,2025-05-12,SCH0594,True,True,True,True,True,Gavin Chahal,Needs repair,sch0594,SCH0594,True,12.05.2025,2025-05-12,DOT_DD_MM_AMBIGUOUS,True,False,H,True,False,Y,True,False,TRUE,True,False,Available,True,False,Y,True,False,5.0,0.0,100.0,0.0
INSP00678,2026-02-17,SCH0230,True,True,True,,False,Praneel Borde,Average,SCH0230,SCH0230,False,02-17-2026,2026-02-17,DASH_MM_DD_YYYY,False,False,TRUE,True,False,TRUE,True,False,Y,True,False,,,True,N,False,False,3.0,1.0,60.0,20.0
INSP01874,2025-10-17,SCH0304,False,True,False,False,False,Luke Pingle,Toilets locked,S0304,SCH0304,True,10-17-2025,2025-10-17,DASH_MM_DD_YYYY,False,False,FALSE,False,False,TRUE,True,False,Not Available,False,False,FALSE,False,False,FALSE,False,False,1.0,4.0,20.0,80.0
INSP02373,2026-02-22,SCH0532,False,True,True,False,True,,Toilets locked,SCH-0532,SCH0532,True,22-02-2026,2026-02-22,DASH_DD_MM_YYYY,False,False,Nahi,False,False,Yes,True,False,Available,True,False,No,False,False,TRUE,True,False,3.0,2.0,60.0,40.0
INSP00239,2026-03-04,SCH0449,True,False,True,False,True,,,SCH-0449,SCH0449,True,04.03.2026,2026-03-04,DOT_DD_MM_AMBIGUOUS,True,False,Hai,True,False,0,False,False,TRUE,True,False,FALSE,False,False,1,True,False,3.0,2.0,60.0,40.0
INSP00980,2025-07-20,SCH0600,True,True,True,True,False,Geetika Srinivasan,Needs repair,SCH-0600,SCH0600,True,20-07-2025,2025-07-20,DASH_DD_MM_YYYY,False,False,TRUE,True,False,TRUE,True,False,TRUE,True,False,TRUE,True,False,FALSE,False,False,4.0,1.0,80.0,20.0
INSP01221,2025-05-27,SCH0542,True,True,False,False,False,Chanchal Narula,Toilets locked,S0542,SCH0542,True,27-05-2025,2025-05-27,DASH_DD_MM_YYYY,False,False,TRUE,True,False,TRUE,True,False,Nahi hai,False,False,FALSE,False,False,na,False,False,2.0,3.0,40.0,60.0
INSP00244,2025-11-09,SCH0353,True,True,True,True,True,Samaksh Barad,Toilets locked,SCH-0353,SCH0353,True,11-09-2025,2025-11-09,DASH_MM_DD_AMBIGUOUS,True,False,TRUE,True,False,TRUE,True,False,TRUE,True,False,1,True,False,TRUE,True,False,5.0,0.0,100.0,0.0
INSP00101,2025-09-16,SCH0478,True,True,False,True,True,Jalsa Chaudry,Good condition,SCH0478,SCH0478,False,16-Sep-25,2025-09-16,TEXT_MONTH,False,False,Yes,True,False,TRUE,True,False,Nahi,False,False,Hai,True,False,Functional,True,False,4.0,1.0,80.0,20.0
INSP00316,2025-07-14,SCH0212,True,True,True,True,False,,Average,SCH0212,SCH0212,False,14-07-2025,2025-07-14,DASH_DD_MM_YYYY,False,False,Haan,True,False,TRUE,True,False,TRUE,True,False,H,True,False,N,False,False,4.0,1.0,80.0,20.0
INSP01011,2026-03-03,SCH0556,False,True,True,True,True,Umang Sahota,No remarks,sch0556,SCH0556,True,03-03-2026,2026-03-03,DASH_MM_DD_AMBIGUOUS,True,False,Nahi hai,False,False,Haan,True,False,TRUE,True,False,Working,True,False,TRUE,True,False,4.0,1.0,80.0,20.0
INSP02584,2026-10-02,SCH0380,False,True,True,True,True,Jacob Jha,Toilets locked,SCH0380,SCH0380,False,10-02-2026,2026-10-02,DASH_MM_DD_AMBIGUOUS,True,False,FALSE,False,False,Haan,True,False,TRUE,True,False,TRUE,True,False,TRUE,True,False,4.0,1.0,80.0,20.0
INSP02583,2025-10-20,SCH0116,False,True,True,True,True,Nirja Rama,,116,SCH0116,True,20-Oct-25,2025-10-20,TEXT_MONTH,False,False,FALSE,False,False,TRUE,True,False,Functional,True,False,H,True,False,TRUE,True,False,4.0,1.0,80.0,20.0
INSP01056,2025-03-09,SCH0467,True,True,True,,False,Alka Gopal,No remarks,SCH-0467,SCH0467,True,03-09-2025,2025-03-09,DASH_MM_DD_AMBIGUOUS,True,False,TRUE,True,False,TRUE,True,False,TRUE,True,False,,,True,FALSE,False,False,3.0,1.0,60.0,20.0
INSP00262,2025-06-25,SCH0232,True,True,True,True,True,Utkarsh Oak,No remarks,SCH0232,SCH0232,False,25.06.2025,2025-06-25,DOT_DD_MM_YYYY,False,False,TRUE,True,False,Y,True,False,Working,True,False,Functional,True,False,Yes,True,False,5.0,0.0,100.0,0.0
INSP01834,2025-09-11,SCH0295,True,True,True,False,True,,Good condition,SCH-0295,SCH0295,True,11.09.2025,2025-09-11,DOT_DD_MM_AMBIGUOUS,True,False,Y,True,False,TRUE,True,False,Y,True,False,0,False,False,TRUE,True,False,4.0,1.0,80.0,20.0
INSP00196,2025-11-02,SCH0465,False,False,,True,False,Om Issac,,sch_0465,SCH0465,True,02-Nov-25,2025-11-02,TEXT_MONTH,False,False,FALSE,False,False,Under Repair,False,False,,,True,Haan,True,False,FALSE,False,False,1.0,3.0,20.0,60.0
INSP01980,2025-07-06,SCH0115,True,,True,True,False,,Average,sch0115,SCH0115,True,06-Jul-25,2025-07-06,TEXT_MONTH,False,False,Y,True,False,,,True,TRUE,True,False,TRUE,True,False,FALSE,False,False,3.0,1.0,60.0,20.0
INSP02950,2026-02-26,SCH0314,False,True,True,True,True,Mahika Sankaran,Average,SCH0314,SCH0314,False,26-02-2026,2026-02-26,DASH_DD_MM_YYYY,False,False,FALSE,False,False,TRUE,True,False,1,True,False,Y,True,False,1,True,False,4.0,1.0,80.0,20.0
INSP02384,2025-10-28,SCH0346,False,False,True,False,False,Zehaan Dugar,Toilets locked,SCH-0346,SCH0346,True,28-10-2025,2025-10-28,DASH_DD_MM_YYYY,False,False,Nahi,False,False,Not Available,False,False,Working,True,False,Broken,False,False,FALSE,False,False,1.0,4.0,20.0,80.0
INSP00180,2025-09-09,SCH0417,False,True,True,False,True,Urishilla Shere,Good condition,SCH0417,SCH0417,False,09.09.2025,2025-09-09,DOT_DD_MM_AMBIGUOUS,True,False,Kharab,False,False,Hai,True,False,TRUE,True,False,FALSE,False,False,TRUE,True,False,3.0,2.0,60.0,40.0
INSP00835,2026-02-24,SCH0572,False,False,True,False,False,Krishna Sama,No remarks,SCH-0572,SCH0572,True,24.02.2026,2026-02-24,DOT_DD_MM_YYYY,False,False,FALSE,False,False,FALSE,False,False,TRUE,True,False,FALSE,False,False,Nahi,False,False,1.0,4.0,20.0,80.0
INSP00843,2026-10-02,SCH0229,False,,True,True,False,Vaishnavi Salvi,No remarks,SCH0229,SCH0229,False,10-02-2026,2026-10-02,DASH_MM_DD_AMBIGUOUS,True,False,No,False,False,,,True,TRUE,True,False,Yes,True,False,FALSE,False,False,2.0,2.0,40.0,40.0
INSP02441,2026-07-02,SCH0485,True,,True,True,True,Nirja Khurana,No remarks,SCH0485,SCH0485,False,07-02-2026,2026-07-02,DASH_MM_DD_AMBIGUOUS,True,False,H,True,False,,,True,TRUE,True,False,Working,True,False,TRUE,True,False,4.0,0.0,80.0,0.0
INSP01581,2025-08-01,SCH0205,True,True,True,False,False,Anirudh Purohit,Toilets locked,SCH0205,SCH0205,False,01.08.2025,2025-08-01,DOT_DD_MM_AMBIGUOUS,True,False,TRUE,True,False,TRUE,True,False,TRUE,True,False,Nahi hai,False,False,FALSE,False,False,3.0,2.0,60.0,40.0
INSP01038,2026-01-23,SCH0465,True,,True,True,False,Vrishti Balakrishnan,Good condition,sch_0465,SCH0465,True,01-23-2026,2026-01-23,DASH_MM_DD_YYYY,False,False,Functional,True,False,,,True,Yes,True,False,Functional,True,False,Under Repair,False,False,3.0,1.0,60.0,20.0
INSP00341,2025-07-05,SCH0098,True,True,False,True,False,Lohit Bala,Needs repair,SCH0098,SCH0098,False,07-05-2025,2025-07-05,DASH_MM_DD_AMBIGUOUS,True,False,TRUE,True,False,Y,True,False,FALSE,False,False,TRUE,True,False,Nahi,False,False,3.0,2.0,60.0,40.0
INSP01180,2025-02-10,SCH0451,,False,,False,False,Rachana Chander,Needs repair,SCH0451,SCH0451,False,02-10-2025,2025-02-10,DASH_MM_DD_AMBIGUOUS,True,False,,,True,0,False,False,,,True,N,False,False,Nahi,False,False,0.0,3.0,0.0,60.0
INSP01988,2025-12-26,SCH0188,True,False,False,True,False,Veda Rao,Average,SCH0188,SCH0188,False,26.12.2025,2025-12-26,DOT_DD_MM_YYYY,False,False,Functional,True,False,Nahi hai,False,False,FALSE,False,False,TRUE,True,False,FALSE,False,False,2.0,3.0,40.0,60.0
INSP00749,2026-03-09,SCH0065,True,False,False,,False,Kala Kale,No remarks,SCH0065,SCH0065,False,03-09-2026,2026-03-09,DASH_MM_DD_AMBIGUOUS,True,False,TRUE,True,False,0,False,False,FALSE,False,False,,,True,FALSE,False,False,1.0,3.0,20.0,60.0
INSP01193,2025-04-30,SCH0137,True,True,True,False,True,Faraj Sura,Average,SCH0137,SCH0137,False,30-Apr-25,2025-04-30,TEXT_MONTH,False,False,TRUE,True,False,1,True,False,haan,True,False,N,False,False,Yes,True,False,4.0,1.0,80.0,20.0
INSP00663,2025-11-30,SCH0424,True,False,True,True,False,Manan Bhattacharyya,,S0424,SCH0424,True,30-11-2025,2025-11-30,DASH_DD_MM_YYYY,False,False,TRUE,True,False,Nahi hai,False,False,TRUE,True,False,TRUE,True,False,No,False,False,3.0,2.0,60.0,40.0
INSP00481,2025-05-29,SCH0019,True,True,,False,True,Amaira Balakrishnan,No remarks,sch_0019,SCH0019,True,29-05-2025,2025-05-29,DASH_DD_MM_YYYY,False,False,Working,True,False,TRUE,True,False,,,True,0,False,False,TRUE,True,False,3.0,1.0,60.0,20.0
INSP00804,2025-12-03,SCH0524,True,True,True,False,False,Waida Handa,Good condition,SCH-0524,SCH0524,True,12-03-2025,2025-12-03,DASH_MM_DD_AMBIGUOUS,True,False,TRUE,True,False,Hai,True,False,TRUE,True,False,Nahi,False,False,FALSE,False,False,3.0,2.0,60.0,40.0
INSP01455,2025-12-26,SCH0322,True,True,True,True,False,Nihal Dasgupta,,SCH0322,SCH0322,False,26-Dec-25,2025-12-26,TEXT_MONTH,False,False,TRUE,True,False,Y,True,False,TRUE,True,False,Available,True,False,na,False,False,4.0,1.0,80.0,20.0
INSP01499,2025-01-08,SCH0512,True,False,,False,True,Urvi Warrior,Good condition,512,SCH0512,True,01-08-2025,2025-01-08,DASH_MM_DD_AMBIGUOUS,True,False,Haan,True,False,Nahi hai,False,False,,,True,0,False,False,Yes,True,False,2.0,2.0,40.0,40.0
INSP02562,2026-03-25,SCH0118,False,True,True,True,True,,Toilets locked,sch_0118,SCH0118,True,25-03-2026,2026-03-25,DASH_DD_MM_YYYY,False,False,FALSE,False,False,TRUE,True,False,H,True,False,TRUE,True,False,TRUE,True,False,4.0,1.0,80.0,20.0
INSP00550,2025-10-17,SCH0554,True,True,False,False,False,Unnati Chacko,Toilets locked,sch_0554,SCH0554,True,17-Oct-25,2025-10-17,TEXT_MONTH,False,False,haan,True,False,haan,True,False,na,False,False,FALSE,False,False,FALSE,False,False,2.0,3.0,40.0,60.0
INSP01741,2025-09-06,SCH0125,True,,True,True,True,Yochana Dhillon,Needs repair,sch0125,SCH0125,True,09-06-2025,2025-09-06,DASH_MM_DD_AMBIGUOUS,True,False,TRUE,True,False,,,True,Y,True,False,TRUE,True,False,TRUE,True,False,4.0,0.0,80.0,0.0
INSP00784,2025-06-06,SCH0334,False,True,False,False,False,Daksh Sachdev,No remarks,SCH0334,SCH0334,False,06-06-2025,2025-06-06,DASH_MM_DD_AMBIGUOUS,True,False,Nahi hai,False,False,TRUE,True,False,FALSE,False,False,Nahi,False,False,Nahi,False,False,1.0,4.0,20.0,80.0
INSP02848,2025-04-18,SCH0146,True,False,False,False,True,Lajita Mohanty,Average,SCH0146,SCH0146,False,04-18-2025,2025-04-18,DASH_MM_DD_YYYY,False,False,Yes,True,False,FALSE,False,False,Not Available,False,False,Not Available,False,False,TRUE,True,False,2.0,3.0,40.0,60.0
INSP02314,2025-04-22,SCH0159,False,True,True,True,True,Lila Sundaram,Average,SCH0159,SCH0159,False,22-04-2025,2025-04-22,DASH_DD_MM_YYYY,False,False,N,False,False,TRUE,True,False,Hai,True,False,TRUE,True,False,Working,True,False,4.0,1.0,80.0,20.0
INSP00743,2025-04-24,SCH0420,True,True,True,False,True,Tanay Borde,Needs repair,SCH-0420,SCH0420,True,24-04-2025,2025-04-24,DASH_DD_MM_YYYY,False,False,H,True,False,Available,True,False,Available,True,False,No,False,False,H,True,False,4.0,1.0,80.0,20.0
INSP02578,2025-11-21,SCH0514,True,True,True,True,True,Manan Kapur,Toilets locked,SCH0514,SCH0514,False,21-11-2025,2025-11-21,DASH_DD_MM_YYYY,False,False,Y,True,False,Hai,True,False,TRUE,True,False,TRUE,True,False,TRUE,True,False,5.0,0.0,100.0,0.0
INSP02611,2025-05-19,SCH0097,True,True,False,False,True,,Average,S0097,SCH0097,True,05-19-2025,2025-05-19,DASH_MM_DD_YYYY,False,False,Working,True,False,Working,True,False,FALSE,False,False,na,False,False,TRUE,True,False,3.0,2.0,60.0,40.0
INSP01764,2026-01-31,SCH0019,True,True,True,,True,,Good condition,sch_0019,SCH0019,True,31-01-2026,2026-01-31,DASH_DD_MM_YYYY,False,False,Yes,True,False,TRUE,True,False,haan,True,False,,,True,Yes,True,False,4.0,0.0,80.0,0.0
INSP02273,2025-05-25,SCH0483,True,,True,True,False,Wishi Sachdeva,No remarks,SCH0483,SCH0483,False,25.05.2025,2025-05-25,DOT_DD_MM_YYYY,False,False,TRUE,True,False,,,True,Available,True,False,TRUE,True,False,FALSE,False,False,3.0,1.0,60.0,20.0
INSP02085,2025-09-12,SCH0286,,True,True,True,True,Ekta Gala,Good condition,SCH0286,SCH0286,False,12-Sep-25,2025-09-12,TEXT_MONTH,False,False,,,True,TRUE,True,False,TRUE,True,False,Functional,True,False,TRUE,True,False,4.0,0.0,80.0,0.0
INSP01781,2025-09-19,SCH0492,True,True,True,True,False,Divya Chaudhuri,Needs repair,SCH0492,SCH0492,False,19-09-2025,2025-09-19,DASH_DD_MM_YYYY,False,False,TRUE,True,False,TRUE,True,False,Available,True,False,TRUE,True,False,FALSE,False,False,4.0,1.0,80.0,20.0
INSP02419,2026-01-08,SCH0221,True,True,True,True,False,Kamala Sampath,No remarks,sch_0221,SCH0221,True,01-08-2026,2026-01-08,DASH_MM_DD_AMBIGUOUS,True,False,Yes,True,False,TRUE,True,False,TRUE,True,False,Yes,True,False,FALSE,False,False,4.0,1.0,80.0,20.0
INSP01128,2026-03-18,SCH0022,True,True,True,False,True,Neel Singhal,Toilets locked,SCH0022,SCH0022,False,18-Mar-26,2026-03-18,TEXT_MONTH,False,False,TRUE,True,False,Y,True,False,Haan,True,False,Nahi,False,False,1,True,False,4.0,1.0,80.0,20.0
INSP00248,2026-03-24,SCH0286,True,True,True,True,False,Wyatt Parmar,Toilets locked,SCH-0286,SCH0286,True,24-Mar-26,2026-03-24,TEXT_MONTH,False,False,Working,True,False,TRUE,True,False,Working,True,False,Available,True,False,Kharab,False,False,4.0,1.0,80.0,20.0
INSP00872,2025-12-06,SCH0577,True,True,True,True,True,Chavvi Upadhyay,Average,SCH0577,SCH0577,False,12-06-2025,2025-12-06,DASH_MM_DD_AMBIGUOUS,True,False,TRUE,True,False,Working,True,False,1,True,False,TRUE,True,False,Working,True,False,5.0,0.0,100.0,0.0
INSP01026,2026-03-02,SCH0592,,True,True,True,False,Veer Biswas,Toilets locked,sch_0592,SCH0592,True,02-Mar-26,2026-03-02,TEXT_MONTH,False,False,,,True,Y,True,False,haan,True,False,TRUE,True,False,FALSE,False,False,3.0,1.0,60.0,20.0
INSP02955,2025-12-21,SCH0306,False,True,True,False,True,Faris Dave,No remarks,sch_0306,SCH0306,True,21-Dec-25,2025-12-21,TEXT_MONTH,False,False,FALSE,False,False,TRUE,True,False,Yes,True,False,FALSE,False,False,H,True,False,3.0,2.0,60.0,40.0
INSP02860,2025-05-21,SCH0335,True,True,True,True,True,Jeevika Rama,Toilets locked,SCH0335,SCH0335,False,21-05-2025,2025-05-21,DASH_DD_MM_YYYY,False,False,TRUE,True,False,Haan,True,False,Yes,True,False,Yes,True,False,TRUE,True,False,5.0,0.0,100.0,0.0
INSP00627,2026-02-14,SCH0256,False,True,True,,False,,Average,256,SCH0256,True,14-02-2026,2026-02-14,DASH_DD_MM_YYYY,False,False,FALSE,False,False,Yes,True,False,TRUE,True,False,,,True,No,False,False,2.0,2.0,40.0,40.0
INSP00348,2026-01-18,SCH0025,True,True,True,True,False,,,SCH0025,SCH0025,False,18-Jan-26,2026-01-18,TEXT_MONTH,False,False,TRUE,True,False,TRUE,True,False,TRUE,True,False,TRUE,True,False,No,False,False,4.0,1.0,80.0,20.0
INSP00279,2025-04-26,SCH0174,True,True,True,,True,Hemal Lalla,Good condition,sch_0174,SCH0174,True,26-04-2025,2025-04-26,DASH_DD_MM_YYYY,False,False,1,True,False,Haan,True,False,TRUE,True,False,,,True,Yes,True,False,4.0,0.0,80.0,0.0
INSP01989,2025-08-29,SCH0436,True,True,,True,True,Damyanti Kashyap,Good condition,SCH0436,SCH0436,False,29-08-2025,2025-08-29,DASH_DD_MM_YYYY,False,False,TRUE,True,False,TRUE,True,False,,,True,TRUE,True,False,Working,True,False,4.0,0.0,80.0,0.0
INSP02404,2026-06-03,SCH0011,True,True,True,True,False,Warjas Deol,No remarks,11,SCH0011,True,06-03-2026,2026-06-03,DASH_MM_DD_AMBIGUOUS,True,False,TRUE,True,False,1,True,False,Hai,True,False,TRUE,True,False,N,False,False,4.0,1.0,80.0,20.0
INSP00656,2025-05-03,SCH0143,True,True,False,False,False,Ati Sandhu,,SCH-0143,SCH0143,True,03-May-25,2025-05-03,TEXT_MONTH,False,False,Hai,True,False,TRUE,True,False,FALSE,False,False,FALSE,False,False,No,False,False,2.0,3.0,40.0,60.0
INSP01357,2025-11-11,SCH0106,True,True,False,True,False,Lajita Saha,Toilets locked,SCH0106,SCH0106,False,11-11-2025,2025-11-11,DASH_MM_DD_AMBIGUOUS,True,False,1,True,False,TRUE,True,False,No,False,False,Y,True,False,Under Repair,False,False,3.0,2.0,60.0,40.0
INSP01033,2025-08-16,SCH0150,False,True,True,True,True,Kiaan Raval,No remarks,SCH0150,SCH0150,False,16-08-2025,2025-08-16,DASH_DD_MM_YYYY,False,False,Under Repair,False,False,TRUE,True,False,Haan,True,False,1,True,False,Functional,True,False,4.0,1.0,80.0,20.0
INSP00908,2025-11-25,SCH0572,True,True,True,False,True,Ojasvi Thaman,No remarks,S0572,SCH0572,True,25-11-2025,2025-11-25,DASH_DD_MM_YYYY,False,False,Functional,True,False,Haan,True,False,TRUE,True,False,FALSE,False,False,Y,True,False,4.0,1.0,80.0,20.0
INSP02761,2025-04-08,SCH0334,,True,True,True,False,Champak Upadhyay,Good condition,SCH0334,SCH0334,False,08-Apr-25,2025-04-08,TEXT_MONTH,False,False,,,True,TRUE,True,False,TRUE,True,False,TRUE,True,False,FALSE,False,False,3.0,1.0,60.0,20.0
INSP02721,2025-10-11,SCH0164,True,True,True,True,False,Harita Saran,Good condition,sch_0164,SCH0164,True,10-11-2025,2025-10-11,DASH_MM_DD_AMBIGUOUS,True,False,TRUE,True,False,haan,True,False,TRUE,True,False,1,True,False,FALSE,False,False,4.0,1.0,80.0,20.0
INSP01136,2025-07-14,SCH0461,True,False,True,False,,Hitesh Dixit,No remarks,SCH0461,SCH0461,False,14-07-2025,2025-07-14,DASH_DD_MM_YYYY,False,False,TRUE,True,False,0,False,False,TRUE,True,False,Nahi,False,False,,,True,2.0,2.0,40.0,40.0
INSP00912,2025-10-07,SCH0493,True,False,True,True,False,Yashawini Lalla,Needs repair,SCH0493,SCH0493,False,10-07-2025,2025-10-07,DASH_MM_DD_AMBIGUOUS,True,False,TRUE,True,False,N,False,False,TRUE,True,False,H,True,False,No,False,False,3.0,2.0,60.0,40.0
INSP01908,2025-07-29,SCH0101,True,True,True,False,True,Ekaja Yohannan,Good condition,sch0101,SCH0101,True,29.07.2025,2025-07-29,DOT_DD_MM_YYYY,False,False,1,True,False,Working,True,False,TRUE,True,False,FALSE,False,False,TRUE,True,False,4.0,1.0,80.0,20.0
INSP00633,2026-02-24,SCH0376,False,,True,False,False,Leela Deshmukh,,SCH0376,SCH0376,False,24-02-2026,2026-02-24,DASH_DD_MM_YYYY,False,False,FALSE,False,False,,,True,TRUE,True,False,FALSE,False,False,FALSE,False,False,1.0,3.0,20.0,60.0
INSP01103,2025-08-09,SCH0389,False,True,True,False,True,Varsha Shankar,,389,SCH0389,True,08-09-2025,2025-08-09,DASH_MM_DD_AMBIGUOUS,True,False,Broken,False,False,TRUE,True,False,Haan,True,False,0,False,False,H,True,False,3.0,2.0,60.0,40.0
INSP00446,2026-10-03,SCH0059,False,True,True,False,False,Tanish Sunder,Toilets locked,SCH-0059,SCH0059,True,10-03-2026,2026-10-03,DASH_MM_DD_AMBIGUOUS,True,False,FALSE,False,False,TRUE,True,False,1,True,False,Not Available,False,False,FALSE,False,False,2.0,3.0,40.0,60.0
INSP00618,2026-03-18,SCH0185,True,True,True,True,True,Adweta Divan,Needs repair,sch_0185,SCH0185,True,18.03.2026,2026-03-18,DOT_DD_MM_YYYY,False,False,TRUE,True,False,Working,True,False,TRUE,True,False,TRUE,True,False,Y,True,False,5.0,0.0,100.0,0.0
INSP01363,2025-05-06,SCH0108,True,True,True,,False,,Needs repair,S0108,SCH0108,True,06-May-25,2025-05-06,TEXT_MONTH,False,False,Working,True,False,H,True,False,TRUE,True,False,,,True,FALSE,False,False,3.0,1.0,60.0,20.0
INSP01196,2025-07-27,SCH0553,False,True,False,False,True,Gaurika Narasimhan,Average,sch0553,SCH0553,True,27-07-2025,2025-07-27,DASH_DD_MM_YYYY,False,False,Not Available,False,False,TRUE,True,False,No,False,False,0,False,False,TRUE,True,False,2.0,3.0,40.0,60.0
INSP01191,2025-09-20,SCH0272,True,True,False,True,True,Vihaan Ramaswamy,Toilets locked,SCH-0272,SCH0272,True,20.09.2025,2025-09-20,DOT_DD_MM_YYYY,False,False,haan,True,False,TRUE,True,False,Broken,False,False,Yes,True,False,Haan,True,False,4.0,1.0,80.0,20.0
INSP02292,2025-10-29,SCH0013,True,True,True,True,False,Niharika Gara,Good condition,SCH0013,SCH0013,False,29.10.2025,2025-10-29,DOT_DD_MM_YYYY,False,False,Working,True,False,Haan,True,False,Y,True,False,TRUE,True,False,na,False,False,4.0,1.0,80.0,20.0
INSP01748,2025-08-30,SCH0488,True,,True,True,True,Abhimanyu Bansal,Good condition,SCH-0488,SCH0488,True,08-30-2025,2025-08-30,DASH_MM_DD_YYYY,False,False,Functional,True,False,,,True,TRUE,True,False,haan,True,False,haan,True,False,4.0,0.0,80.0,0.0
INSP00845,2026-03-16,SCH0131,False,True,True,True,True,,No remarks,SCH-0131,SCH0131,True,16.03.2026,2026-03-16,DOT_DD_MM_YYYY,False,False,No,False,False,TRUE,True,False,TRUE,True,False,haan,True,False,TRUE,True,False,4.0,1.0,80.0,20.0
INSP02685,2025-10-10,SCH0512,,False,False,False,True,Ekanta Nagar,Toilets locked,SCH0512,SCH0512,False,10-10-2025,2025-10-10,DASH_MM_DD_AMBIGUOUS,True,False,,,True,0,False,False,Nahi hai,False,False,Nahi,False,False,Yes,True,False,1.0,3.0,20.0,60.0
INSP00548,2026-03-07,SCH0455,True,,True,True,,Yauvani Nagar,Average,SCH0455,SCH0455,False,07-Mar-26,2026-03-07,TEXT_MONTH,False,False,TRUE,True,False,,,True,TRUE,True,False,TRUE,True,False,,,True,3.0,0.0,60.0,0.0
INSP01979,2026-02-28,SCH0041,True,True,True,False,False,,Needs repair,SCH0041,SCH0041,False,28-Feb-26,2026-02-28,TEXT_MONTH,False,False,Working,True,False,Working,True,False,Working,True,False,FALSE,False,False,FALSE,False,False,3.0,2.0,60.0,40.0
INSP02179,2025-08-07,SCH0213,True,True,False,True,False,Wriddhish Grewal,,213,SCH0213,True,07.08.2025,2025-08-07,DOT_DD_MM_AMBIGUOUS,True,False,TRUE,True,False,TRUE,True,False,Broken,False,False,haan,True,False,FALSE,False,False,3.0,2.0,60.0,40.0
INSP01058,2026-03-06,SCH0262,False,True,True,False,True,Gayathri Baria,No remarks,sch_0262,SCH0262,True,06-Mar-26,2026-03-06,TEXT_MONTH,False,False,FALSE,False,False,TRUE,True,False,Hai,True,False,Not Available,False,False,TRUE,True,False,3.0,2.0,60.0,40.0
INSP00264,2025-12-15,SCH0139,True,True,True,True,True,Veer Gera,Toilets locked,SCH0139,SCH0139,False,15-12-2025,2025-12-15,DASH_DD_MM_YYYY,False,False,H,True,False,Yes,True,False,TRUE,True,False,Working,True,False,TRUE,True,False,5.0,0.0,100.0,0.0
INSP02996,2025-04-05,SCH0492,True,True,True,False,True,Naveen Swamy,No remarks,SCH0492,SCH0492,False,05-Apr-25,2025-04-05,TEXT_MONTH,False,False,TRUE,True,False,Haan,True,False,TRUE,True,False,FALSE,False,False,TRUE,True,False,4.0,1.0,80.0,20.0
INSP02477,2026-03-18,SCH0280,True,,True,True,,,No remarks,SCH0280,SCH0280,False,18-03-2026,2026-03-18,DASH_DD_MM_YYYY,False,False,1,True,False,,,True,TRUE,True,False,haan,True,False,,,True,3.0,0.0,60.0,0.0
INSP02024,2025-06-15,SCH0583,True,True,True,False,False,Hamsini Majumdar,Needs repair,SCH-0583,SCH0583,True,15-06-2025,2025-06-15,DASH_DD_MM_YYYY,False,False,TRUE,True,False,Yes,True,False,Y,True,False,FALSE,False,False,na,False,False,3.0,2.0,60.0,40.0
INSP00354,2025-08-21,SCH0301,True,True,True,False,True,Veer Chana,Average,sch0301,SCH0301,True,21-08-2025,2025-08-21,DASH_DD_MM_YYYY,False,False,TRUE,True,False,1,True,False,TRUE,True,False,Nahi,False,False,TRUE,True,False,4.0,1.0,80.0,20.0
INSP00803,2026-03-22,SCH0180,True,False,False,True,False,Qushi Zachariah,Average,180,SCH0180,True,22-03-2026,2026-03-22,DASH_DD_MM_YYYY,False,False,TRUE,True,False,Broken,False,False,Under Repair,False,False,TRUE,True,False,N,False,False,2.0,3.0,40.0,60.0
INSP00209,2025-04-24,SCH0294,True,True,False,True,False,Naksh Andra,Good condition,sch_0294,SCH0294,True,24-04-2025,2025-04-24,DASH_DD_MM_YYYY,False,False,Y,True,False,TRUE,True,False,Nahi hai,False,False,TRUE,True,False,0,False,False,3.0,2.0,60.0,40.0
INSP00614,2026-03-23,SCH0027,True,True,True,False,,Jasmit Rama,Good condition,SCH-0027,SCH0027,True,23.03.2026,2026-03-23,DOT_DD_MM_YYYY,False,False,H,True,False,TRUE,True,False,TRUE,True,False,FALSE,False,False,,,True,3.0,1.0,60.0,20.0
INSP01048,2025-03-07,SCH0133,True,False,True,True,False,Ethan Sarkar,Toilets locked,SCH0133,SCH0133,False,03-07-2025,2025-03-07,DASH_MM_DD_AMBIGUOUS,True,False,Working,True,False,FALSE,False,False,TRUE,True,False,Yes,True,False,No,False,False,3.0,2.0,60.0,40.0
INSP02158,2026-02-21,SCH0593,True,True,False,False,True,Faras Grewal,Average,SCH0593,SCH0593,False,21-02-2026,2026-02-21,DASH_DD_MM_YYYY,False,False,haan,True,False,TRUE,True,False,FALSE,False,False,FALSE,False,False,TRUE,True,False,3.0,2.0,60.0,40.0
INSP01676,2025-12-11,SCH0381,True,False,False,True,True,Yashawini Sem,,S0381,SCH0381,True,11.12.2025,2025-12-11,DOT_DD_MM_AMBIGUOUS,True,False,TRUE,True,False,N,False,False,FALSE,False,False,Haan,True,False,TRUE,True,False,3.0,2.0,60.0,40.0
INSP01272,2025-07-17,SCH0020,True,True,True,False,False,Maanas Chaudhry,Good condition,SCH0020,SCH0020,False,17-07-2025,2025-07-17,DASH_DD_MM_YYYY,False,False,TRUE,True,False,TRUE,True,False,TRUE,True,False,FALSE,False,False,Under Repair,False,False,3.0,2.0,60.0,40.0
INSP01271,2025-12-29,SCH0557,True,True,False,True,False,Onkar Behl,Toilets locked,SCH0557,SCH0557,False,12-29-2025,2025-12-29,DASH_MM_DD_YYYY,False,False,TRUE,True,False,TRUE,True,False,N,False,False,TRUE,True,False,FALSE,False,False,3.0,2.0,60.0,40.0
INSP01954,2025-05-01,SCH0029,True,False,True,True,True,Osha Loyal,Toilets locked,SCH0029,SCH0029,False,01.05.2025,2025-05-01,DOT_DD_MM_AMBIGUOUS,True,False,TRUE,True,False,N,False,False,Working,True,False,TRUE,True,False,1,True,False,4.0,1.0,80.0,20.0
INSP02693,2025-01-06,SCH0526,False,False,True,True,False,Warinder Vora,Average,SCH-0526,SCH0526,True,01-06-2025,2025-01-06,DASH_MM_DD_AMBIGUOUS,True,False,FALSE,False,False,FALSE,False,False,TRUE,True,False,TRUE,True,False,Nahi,False,False,2.0,3.0,40.0,60.0
INSP00058,2026-03-14,SCH0064,True,True,True,True,False,,Needs repair,SCH0064,SCH0064,False,14-03-2026,2026-03-14,DASH_DD_MM_YYYY,False,False,H,True,False,Y,True,False,TRUE,True,False,1,True,False,Nahi,False,False,4.0,1.0,80.0,20.0
INSP02348,2026-09-01,SCH0424,False,True,,True,False,Isaac Natarajan,Needs repair,sch_0424,SCH0424,True,09-01-2026,2026-09-01,DASH_MM_DD_AMBIGUOUS,True,False,FALSE,False,False,Working,True,False,,,True,haan,True,False,0,False,False,2.0,2.0,40.0,40.0
INSP00812,2026-03-07,SCH0548,False,True,True,False,False,Varsha Pingle,Good condition,SCH0548,SCH0548,False,07-Mar-26,2026-03-07,TEXT_MONTH,False,False,0,False,False,TRUE,True,False,H,True,False,FALSE,False,False,Nahi hai,False,False,2.0,3.0,40.0,60.0
INSP01552,2025-07-25,SCH0089,True,False,True,False,True,Amaira Gandhi,No remarks,SCH-0089,SCH0089,True,25-07-2025,2025-07-25,DASH_DD_MM_YYYY,False,False,Y,True,False,FALSE,False,False,TRUE,True,False,N,False,False,Available,True,False,3.0,2.0,60.0,40.0
INSP02737,2025-03-04,SCH0348,True,True,True,True,True,Hardik Borde,Average,SCH0348,SCH0348,False,03-04-2025,2025-03-04,DASH_MM_DD_AMBIGUOUS,True,False,Functional,True,False,H,True,False,TRUE,True,False,TRUE,True,False,Working,True,False,5.0,0.0,100.0,0.0
INSP00562,2025-03-05,SCH0072,True,True,True,True,True,Lakshmi Ganesh,No remarks,S0072,SCH0072,True,03-05-2025,2025-03-05,DASH_MM_DD_AMBIGUOUS,True,False,TRUE,True,False,TRUE,True,False,TRUE,True,False,Functional,True,False,TRUE,True,False,5.0,0.0,100.0,0.0
INSP02310,2025-06-05,SCH0452,True,True,True,False,True,Indali Bhatt,No remarks,SCH0452,SCH0452,False,05.06.2025,2025-06-05,DOT_DD_MM_AMBIGUOUS,True,False,TRUE,True,False,H,True,False,TRUE,True,False,FALSE,False,False,Working,True,False,4.0,1.0,80.0,20.0
INSP00230,2025-12-07,SCH0124,False,True,True,False,True,Mason Hari,,SCH0124,SCH0124,False,12-07-2025,2025-12-07,DASH_MM_DD_AMBIGUOUS,True,False,Not Available,False,False,TRUE,True,False,TRUE,True,False,na,False,False,TRUE,True,False,3.0,2.0,60.0,40.0
INSP02640,2025-08-20,SCH0169,True,True,True,True,False,Gaurav Bobal,Toilets locked,SCH0169,SCH0169,False,20.08.2025,2025-08-20,DOT_DD_MM_YYYY,False,False,Haan,True,False,Y,True,False,Yes,True,False,haan,True,False,No,False,False,4.0,1.0,80.0,20.0
INSP02033,2025-09-06,SCH0099,True,True,True,True,True,Ryan Trivedi,,SCH0099,SCH0099,False,09-06-2025,2025-09-06,DASH_MM_DD_AMBIGUOUS,True,False,TRUE,True,False,TRUE,True,False,Working,True,False,TRUE,True,False,H,True,False,5.0,0.0,100.0,0.0
INSP02933,2025-09-24,SCH0177,True,True,,False,True,Anusha Parekh,Good condition,sch0177,SCH0177,True,24-09-2025,2025-09-24,DASH_DD_MM_YYYY,False,False,Y,True,False,haan,True,False,,,True,FALSE,False,False,Hai,True,False,3.0,1.0,60.0,20.0
INSP00539,2025-06-15,SCH0302,,True,True,True,True,Vamakshi Shroff,Needs repair,SCH0302,SCH0302,False,06-15-2025,2025-06-15,DASH_MM_DD_YYYY,False,False,,,True,TRUE,True,False,TRUE,True,False,TRUE,True,False,TRUE,True,False,4.0,0.0,80.0,0.0
INSP01736,2026-02-17,SCH0259,True,False,False,True,,Janaki Upadhyay,Average,SCH-0259,SCH0259,True,17-02-2026,2026-02-17,DASH_DD_MM_YYYY,False,False,TRUE,True,False,FALSE,False,False,N,False,False,Available,True,False,,,True,2.0,2.0,40.0,40.0
INSP02576,2026-03-17,SCH0249,True,True,True,False,True,Sarthak Warrior,Good condition,S0249,SCH0249,True,17-03-2026,2026-03-17,DASH_DD_MM_YYYY,False,False,Yes,True,False,TRUE,True,False,haan,True,False,N,False,False,Haan,True,False,4.0,1.0,80.0,20.0
INSP02229,2026-03-14,SCH0307,True,True,True,False,True,Eiravati Baral,Needs repair,SCH0307,SCH0307,False,14-03-2026,2026-03-14,DASH_DD_MM_YYYY,False,False,H,True,False,Functional,True,False,haan,True,False,N,False,False,TRUE,True,False,4.0,1.0,80.0,20.0
INSP02870,2025-12-04,SCH0402,True,True,True,True,False,Anmol Chawla,Average,SCH-0402,SCH0402,True,12-04-2025,2025-12-04,DASH_MM_DD_AMBIGUOUS,True,False,Yes,True,False,TRUE,True,False,Functional,True,False,TRUE,True,False,FALSE,False,False,4.0,1.0,80.0,20.0
INSP00561,2026-01-16,SCH0113,True,True,True,True,True,Mitali Setty,,SCH0113,SCH0113,False,01-16-2026,2026-01-16,DASH_MM_DD_YYYY,False,False,TRUE,True,False,TRUE,True,False,TRUE,True,False,Y,True,False,TRUE,True,False,5.0,0.0,100.0,0.0
INSP00708,2026-01-01,SCH0121,True,True,False,True,False,Aayush Krish,No remarks,S0121,SCH0121,True,01-01-2026,2026-01-01,DASH_MM_DD_AMBIGUOUS,True,False,Y,True,False,TRUE,True,False,FALSE,False,False,TRUE,True,False,Kharab,False,False,3.0,2.0,60.0,40.0
INSP01235,2025-12-06,SCH0486,True,False,False,False,True,Ishanvi Gera,Needs repair,SCH0486,SCH0486,False,12-06-2025,2025-12-06,DASH_MM_DD_AMBIGUOUS,True,False,TRUE,True,False,FALSE,False,False,Nahi hai,False,False,N,False,False,TRUE,True,False,2.0,3.0,40.0,60.0
INSP00425,2025-05-06,SCH0068,True,False,True,False,True,Aahana Ravi,Average,S0068,SCH0068,True,06-May-25,2025-05-06,TEXT_MONTH,False,False,Yes,True,False,na,False,False,haan,True,False,FALSE,False,False,Yes,True,False,3.0,2.0,60.0,40.0
INSP00648,2025-10-04,SCH0425,False,False,True,True,True,Lajita Radhakrishnan,Average,SCH-0425,SCH0425,True,10-04-2025,2025-10-04,DASH_MM_DD_AMBIGUOUS,True,False,FALSE,False,False,Nahi,False,False,haan,True,False,1,True,False,TRUE,True,False,3.0,2.0,60.0,40.0
INSP01883,2025-10-08,SCH0185,True,True,True,False,True,Shivansh Bir,Good condition,SCH0185,SCH0185,False,10-08-2025,2025-10-08,DASH_MM_DD_AMBIGUOUS,True,False,Haan,True,False,TRUE,True,False,TRUE,True,False,FALSE,False,False,Available,True,False,4.0,1.0,80.0,20.0
INSP01324,2025-07-17,SCH0553,True,True,False,True,True,,Good condition,553,SCH0553,True,17-Jul-25,2025-07-17,TEXT_MONTH,False,False,TRUE,True,False,TRUE,True,False,FALSE,False,False,Haan,True,False,haan,True,False,4.0,1.0,80.0,20.0
INSP02596,2025-05-14,SCH0031,True,True,True,False,False,Anay Atwal,,SCH0031,SCH0031,False,14-05-2025,2025-05-14,DASH_DD_MM_YYYY,False,False,Y,True,False,TRUE,True,False,haan,True,False,FALSE,False,False,FALSE,False,False,3.0,2.0,60.0,40.0
INSP01160,2025-12-30,SCH0388,,True,False,True,False,Samuel Sankaran,Good condition,SCH0388,SCH0388,False,30-Dec-25,2025-12-30,TEXT_MONTH,False,False,,,True,Functional,True,False,FALSE,False,False,TRUE,True,False,0,False,False,2.0,2.0,40.0,40.0
INSP01006,2025-11-29,SCH0053,False,True,True,False,False,Irya Bawa,Toilets locked,sch0053,SCH0053,True,29-11-2025,2025-11-29,DASH_DD_MM_YYYY,False,False,FALSE,False,False,TRUE,True,False,H,True,False,FALSE,False,False,FALSE,False,False,2.0,3.0,40.0,60.0
INSP00621,2025-08-06,SCH0451,True,True,True,,False,Neel Dugal,No remarks,sch0451,SCH0451,True,06.08.2025,2025-08-06,DOT_DD_MM_AMBIGUOUS,True,False,TRUE,True,False,1,True,False,TRUE,True,False,,,True,na,False,False,3.0,1.0,60.0,20.0
INSP00554,2025-08-08,SCH0124,,True,True,True,False,,Average,sch_0124,SCH0124,True,08-08-2025,2025-08-08,DASH_MM_DD_AMBIGUOUS,True,False,,,True,TRUE,True,False,TRUE,True,False,Hai,True,False,na,False,False,3.0,1.0,60.0,20.0
INSP02802,2026-02-01,SCH0505,True,True,True,True,True,Onkar Chadha,No remarks,sch_0505,SCH0505,True,02-01-2026,2026-02-01,DASH_MM_DD_AMBIGUOUS,True,False,TRUE,True,False,Working,True,False,1,True,False,TRUE,True,False,TRUE,True,False,5.0,0.0,100.0,0.0
INSP01558,2026-01-11,SCH0220,True,True,True,True,False,,,SCH-0220,SCH0220,True,11.01.2026,2026-01-11,DOT_DD_MM_AMBIGUOUS,True,False,TRUE,True,False,1,True,False,H,True,False,Functional,True,False,FALSE,False,False,4.0,1.0,80.0,20.0
INSP00999,2025-07-17,SCH0557,False,True,True,True,True,Amol Brahmbhatt,Needs repair,SCH0557,SCH0557,False,17-Jul-25,2025-07-17,TEXT_MONTH,False,False,FALSE,False,False,Functional,True,False,Y,True,False,TRUE,True,False,TRUE,True,False,4.0,1.0,80.0,20.0
INSP01365,2026-01-16,SCH0239,True,True,True,,True,Dhruv Lad,,SCH0239,SCH0239,False,16-01-2026,2026-01-16,DASH_DD_MM_YYYY,False,False,TRUE,True,False,TRUE,True,False,Available,True,False,,,True,TRUE,True,False,4.0,0.0,80.0,0.0
INSP01755,2026-09-02,SCH0039,True,True,False,True,True,Nachiket Varty,No remarks,SCH0039,SCH0039,False,09-02-2026,2026-09-02,DASH_MM_DD_AMBIGUOUS,True,False,Haan,True,False,Yes,True,False,Nahi,False,False,H,True,False,TRUE,True,False,4.0,1.0,80.0,20.0
INSP02886,2025-12-27,SCH0063,False,True,,False,False,Alexander Hayre,Good condition,sch0063,SCH0063,True,12-27-2025,2025-12-27,DASH_MM_DD_YYYY,False,False,FALSE,False,False,TRUE,True,False,,,True,FALSE,False,False,FALSE,False,False,1.0,3.0,20.0,60.0
INSP01645,2025-06-14,SCH0280,True,True,True,False,True,Sanaya Ramakrishnan,Needs repair,SCH0280,SCH0280,False,14-06-2025,2025-06-14,DASH_DD_MM_YYYY,False,False,1,True,False,Y,True,False,Available,True,False,FALSE,False,False,Haan,True,False,4.0,1.0,80.0,20.0
INSP00441,2026-09-02,SCH0356,True,True,True,True,True,Niharika Bansal,Toilets locked,SCH-0356,SCH0356,True,09-02-2026,2026-09-02,DASH_MM_DD_AMBIGUOUS,True,False,Working,True,False,1,True,False,Functional,True,False,TRUE,True,False,Functional,True,False,5.0,0.0,100.0,0.0
INSP00509,2025-05-10,SCH0322,False,True,True,False,False,Abdul Dugar,Good condition,SCH0322,SCH0322,False,05-10-2025,2025-05-10,DASH_MM_DD_AMBIGUOUS,True,False,FALSE,False,False,TRUE,True,False,H,True,False,FALSE,False,False,Kharab,False,False,2.0,3.0,40.0,60.0
INSP00590,2026-12-03,SCH0487,,True,True,True,False,Yashica Tiwari,Average,S0487,SCH0487,True,12-03-2026,2026-12-03,DASH_MM_DD_AMBIGUOUS,True,False,,,True,haan,True,False,TRUE,True,False,TRUE,True,False,Nahi,False,False,3.0,1.0,60.0,20.0
INSP01237,2025-12-17,SCH0448,True,True,True,False,False,Aarush Bassi,Good condition,SCH-0448,SCH0448,True,12-17-2025,2025-12-17,DASH_MM_DD_YYYY,False,False,1,True,False,1,True,False,Yes,True,False,na,False,False,FALSE,False,False,3.0,2.0,60.0,40.0
INSP00650,2025-12-23,SCH0534,True,False,False,False,False,Vedika Kohli,Needs repair,sch_0534,SCH0534,True,23-12-2025,2025-12-23,DASH_DD_MM_YYYY,False,False,TRUE,True,False,FALSE,False,False,na,False,False,FALSE,False,False,No,False,False,1.0,4.0,20.0,80.0
INSP02041,2025-12-07,SCH0236,,True,True,False,False,Yashawini Ganesan,,sch0236,SCH0236,True,12-07-2025,2025-12-07,DASH_MM_DD_AMBIGUOUS,True,False,,,True,TRUE,True,False,Y,True,False,FALSE,False,False,FALSE,False,False,2.0,2.0,40.0,40.0
INSP02683,2025-04-23,SCH0186,True,True,True,True,False,Vihaan Saini,Good condition,SCH0186,SCH0186,False,04-23-2025,2025-04-23,DASH_MM_DD_YYYY,False,False,TRUE,True,False,TRUE,True,False,H,True,False,haan,True,False,FALSE,False,False,4.0,1.0,80.0,20.0
INSP01317,2025-07-14,SCH0315,True,True,True,True,True,Harita Chatterjee,,SCH0315,SCH0315,False,14.07.2025,2025-07-14,DOT_DD_MM_YYYY,False,False,1,True,False,TRUE,True,False,1,True,False,Working,True,False,TRUE,True,False,5.0,0.0,100.0,0.0
INSP01335,2026-11-01,SCH0210,True,True,True,True,False,Mitali Lad,Good condition,SCH0210,SCH0210,False,11-01-2026,2026-11-01,DASH_MM_DD_AMBIGUOUS,True,False,Available,True,False,1,True,False,TRUE,True,False,TRUE,True,False,FALSE,False,False,4.0,1.0,80.0,20.0
INSP01843,2026-03-15,SCH0032,True,True,False,True,False,Meera Sampath,,SCH-0032,SCH0032,True,15-03-2026,2026-03-15,DASH_DD_MM_YYYY,False,False,TRUE,True,False,Y,True,False,FALSE,False,False,TRUE,True,False,N,False,False,3.0,2.0,60.0,40.0
INSP00631,2026-11-01,SCH0292,False,True,True,True,True,Vasatika Grewal,,SCH0292,SCH0292,False,11-01-2026,2026-11-01,DASH_MM_DD_AMBIGUOUS,True,False,Nahi hai,False,False,Functional,True,False,TRUE,True,False,Available,True,False,Haan,True,False,4.0,1.0,80.0,20.0
INSP01403,2025-11-13,SCH0469,False,True,True,True,True,Kabir Cheema,No remarks,sch_0469,SCH0469,True,13-11-2025,2025-11-13,DASH_DD_MM_YYYY,False,False,Under Repair,False,False,Yes,True,False,TRUE,True,False,TRUE,True,False,Haan,True,False,4.0,1.0,80.0,20.0
INSP00483,2025-06-07,SCH0389,True,True,True,False,,,Average,389,SCH0389,True,06-07-2025,2025-06-07,DASH_MM_DD_AMBIGUOUS,True,False,TRUE,True,False,Yes,True,False,haan,True,False,Broken,False,False,,,True,3.0,1.0,60.0,20.0
INSP01245,2025-12-29,SCH0463,False,True,False,True,True,Ekanta Bahri,Toilets locked,sch_0463,SCH0463,True,29-Dec-25,2025-12-29,TEXT_MONTH,False,False,Broken,False,False,Yes,True,False,FALSE,False,False,TRUE,True,False,TRUE,True,False,3.0,2.0,60.0,40.0
INSP02571,2025-05-11,SCH0079,True,True,,True,True,Wridesh Soni,Needs repair,SCH0079,SCH0079,False,05-11-2025,2025-05-11,DASH_MM_DD_AMBIGUOUS,True,False,TRUE,True,False,TRUE,True,False,,,True,TRUE,True,False,Yes,True,False,4.0,0.0,80.0,0.0
INSP02231,2025-08-29,SCH0263,True,True,True,False,True,Aayush Ratti,No remarks,sch0263,SCH0263,True,29.08.2025,2025-08-29,DOT_DD_MM_YYYY,False,False,haan,True,False,Working,True,False,Y,True,False,FALSE,False,False,TRUE,True,False,4.0,1.0,80.0,20.0
INSP02096,2025-10-29,SCH0362,True,True,True,False,,Reva Sidhu,No remarks,SCH0362,SCH0362,False,29-Oct-25,2025-10-29,TEXT_MONTH,False,False,TRUE,True,False,TRUE,True,False,1,True,False,Nahi hai,False,False,,,True,3.0,1.0,60.0,20.0
INSP00857,2025-07-11,SCH0368,False,True,True,True,True,Fitan De,Good condition,S0368,SCH0368,True,07-11-2025,2025-07-11,DASH_MM_DD_AMBIGUOUS,True,False,No,False,False,TRUE,True,False,Hai,True,False,TRUE,True,False,TRUE,True,False,4.0,1.0,80.0,20.0
INSP00531,2026-03-15,SCH0594,,True,True,True,False,Ranveer Tank,,S0594,SCH0594,True,15.03.2026,2026-03-15,DOT_DD_MM_YYYY,False,False,,,True,TRUE,True,False,Y,True,False,1,True,False,FALSE,False,False,3.0,1.0,60.0,20.0
INSP01996,2025-11-04,SCH0188,True,True,True,True,True,Yagnesh Borra,No remarks,sch_0188,SCH0188,True,04.11.2025,2025-11-04,DOT_DD_MM_AMBIGUOUS,True,False,TRUE,True,False,H,True,False,Hai,True,False,Available,True,False,Hai,True,False,5.0,0.0,100.0,0.0
INSP00050,2025-03-10,SCH0466,True,False,True,True,False,Hamsini Golla,Toilets locked,SCH-0466,SCH0466,True,03-10-2025,2025-03-10,DASH_MM_DD_AMBIGUOUS,True,False,Y,True,False,Not Available,False,False,Y,True,False,Available,True,False,FALSE,False,False,3.0,2.0,60.0,40.0
INSP00859,2025-12-17,SCH0578,True,True,True,True,False,Pallavi Wagle,Needs repair,SCH0578,SCH0578,False,17-12-2025,2025-12-17,DASH_DD_MM_YYYY,False,False,Y,True,False,1,True,False,1,True,False,H,True,False,No,False,False,4.0,1.0,80.0,20.0
INSP01073,2025-09-27,SCH0583,True,True,True,False,True,Wriddhish Bal,Toilets locked,sch_0583,SCH0583,True,27.09.2025,2025-09-27,DOT_DD_MM_YYYY,False,False,TRUE,True,False,Y,True,False,Yes,True,False,FALSE,False,False,TRUE,True,False,4.0,1.0,80.0,20.0
INSP00720,2026-01-03,SCH0370,True,False,True,True,False,Anita Sengupta,Toilets locked,SCH0370,SCH0370,False,01-03-2026,2026-01-03,DASH_MM_DD_AMBIGUOUS,True,False,H,True,False,FALSE,False,False,TRUE,True,False,H,True,False,na,False,False,3.0,2.0,60.0,40.0
INSP01826,2026-08-02,SCH0416,True,True,False,False,True,Xalak Raghavan,Average,S0416,SCH0416,True,08-02-2026,2026-08-02,DASH_MM_DD_AMBIGUOUS,True,False,Hai,True,False,TRUE,True,False,FALSE,False,False,na,False,False,TRUE,True,False,3.0,2.0,60.0,40.0
INSP01430,2025-07-09,SCH0255,False,False,True,True,False,Veda Parikh,Needs repair,SCH-0255,SCH0255,True,07-09-2025,2025-07-09,DASH_MM_DD_AMBIGUOUS,True,False,Nahi hai,False,False,FALSE,False,False,TRUE,True,False,Haan,True,False,FALSE,False,False,2.0,3.0,40.0,60.0
INSP02370,2025-11-12,SCH0058,True,False,True,False,True,Brinda Buch,,sch_0058,SCH0058,True,11-12-2025,2025-11-12,DASH_MM_DD_AMBIGUOUS,True,False,TRUE,True,False,FALSE,False,False,Yes,True,False,FALSE,False,False,Y,True,False,3.0,2.0,60.0,40.0
INSP01449,2025-07-12,SCH0317,True,True,True,,False,Chandresh Gokhale,,SCH-0317,SCH0317,True,07-12-2025,2025-07-12,DASH_MM_DD_AMBIGUOUS,True,False,Hai,True,False,haan,True,False,TRUE,True,False,,,True,na,False,False,3.0,1.0,60.0,20.0
INSP01633,2025-11-25,SCH0554,True,True,True,False,True,Tara Mahal,Good condition,SCH0554,SCH0554,False,11-25-2025,2025-11-25,DASH_MM_DD_YYYY,False,False,TRUE,True,False,TRUE,True,False,Working,True,False,N,False,False,Haan,True,False,4.0,1.0,80.0,20.0
INSP02244,2026-03-25,SCH0475,True,True,False,True,False,Vinaya Vala,Average,475,SCH0475,True,25-03-2026,2026-03-25,DASH_DD_MM_YYYY,False,False,TRUE,True,False,Available,True,False,na,False,False,H,True,False,FALSE,False,False,3.0,2.0,60.0,40.0
INSP02888,2025-04-23,SCH0061,True,True,True,False,True,Advika Raghavan,Needs repair,sch_0061,SCH0061,True,23-Apr-25,2025-04-23,TEXT_MONTH,False,False,TRUE,True,False,TRUE,True,False,Haan,True,False,FALSE,False,False,H,True,False,4.0,1.0,80.0,20.0
INSP02744,2025-06-20,SCH0105,True,True,True,False,True,Brijesh Naidu,No remarks,SCH-0105,SCH0105,True,20-06-2025,2025-06-20,DASH_DD_MM_YYYY,False,False,TRUE,True,False,Hai,True,False,H,True,False,FALSE,False,False,TRUE,True,False,4.0,1.0,80.0,20.0
INSP01544,2025-12-17,SCH0236,True,True,True,,False,Logan Sarin,,SCH-0236,SCH0236,True,12-17-2025,2025-12-17,DASH_MM_DD_YYYY,False,False,H,True,False,TRUE,True,False,Y,True,False,,,True,FALSE,False,False,3.0,1.0,60.0,20.0
INSP02167,2025-04-08,SCH0365,False,True,True,True,True,,No remarks,sch_0365,SCH0365,True,08-Apr-25,2025-04-08,TEXT_MONTH,False,False,FALSE,False,False,TRUE,True,False,TRUE,True,False,TRUE,True,False,TRUE,True,False,4.0,1.0,80.0,20.0
INSP01792,2026-03-29,SCH0032,True,False,True,True,True,Dhriti Boase,Average,sch_0032,SCH0032,True,29-03-2026,2026-03-29,DASH_DD_MM_YYYY,False,False,haan,True,False,na,False,False,Hai,True,False,Available,True,False,Functional,True,False,4.0,1.0,80.0,20.0
INSP01393,2025-01-05,SCH0397,True,True,True,True,True,Veer Ramaswamy,,SCH0397,SCH0397,False,01-05-2025,2025-01-05,DASH_MM_DD_AMBIGUOUS,True,False,Y,True,False,Haan,True,False,TRUE,True,False,Available,True,False,Y,True,False,5.0,0.0,100.0,0.0
INSP02257,2025-08-26,SCH0036,,True,True,False,True,Dalaja Karnik,Good condition,SCH0036,SCH0036,False,26.08.2025,2025-08-26,DOT_DD_MM_YYYY,False,False,,,True,TRUE,True,False,Haan,True,False,Nahi hai,False,False,haan,True,False,3.0,1.0,60.0,20.0
INSP02766,2025-08-05,SCH0287,True,True,True,,True,Gaurangi Barad,Average,S0287,SCH0287,True,05.08.2025,2025-08-05,DOT_DD_MM_AMBIGUOUS,True,False,Hai,True,False,Hai,True,False,1,True,False,,,True,TRUE,True,False,4.0,0.0,80.0,0.0
INSP01651,2025-07-25,SCH0026,True,True,True,True,True,Dev Kata,,sch_0026,SCH0026,True,25.07.2025,2025-07-25,DOT_DD_MM_YYYY,False,False,Haan,True,False,Available,True,False,Functional,True,False,Hai,True,False,Yes,True,False,5.0,0.0,100.0,0.0
INSP00298,2025-01-12,SCH0141,,True,True,True,True,Jagdish Gulati,Toilets locked,SCH0141,SCH0141,False,01-12-2025,2025-01-12,DASH_MM_DD_AMBIGUOUS,True,False,,,True,Y,True,False,haan,True,False,Yes,True,False,TRUE,True,False,4.0,0.0,80.0,0.0
INSP01327,2026-05-02,SCH0276,True,True,True,False,True,Parth Krishnamurthy,Needs repair,SCH-0276,SCH0276,True,05-02-2026,2026-05-02,DASH_MM_DD_AMBIGUOUS,True,False,TRUE,True,False,TRUE,True,False,TRUE,True,False,Nahi hai,False,False,Hai,True,False,4.0,1.0,80.0,20.0
INSP01458,2026-03-22,SCH0067,True,True,True,True,True,Forum Handa,No remarks,SCH-0067,SCH0067,True,03-22-2026,2026-03-22,DASH_MM_DD_YYYY,False,False,TRUE,True,False,TRUE,True,False,TRUE,True,False,Working,True,False,TRUE,True,False,5.0,0.0,100.0,0.0
INSP00959,2025-05-05,SCH0128,True,True,True,True,True,Aadhya Baral,Needs repair,SCH0128,SCH0128,False,05-05-2025,2025-05-05,DASH_MM_DD_AMBIGUOUS,True,False,TRUE,True,False,Y,True,False,TRUE,True,False,TRUE,True,False,TRUE,True,False,5.0,0.0,100.0,0.0
INSP01321,2026-01-30,SCH0524,False,True,True,True,True,,Average,S0524,SCH0524,True,30-01-2026,2026-01-30,DASH_DD_MM_YYYY,False,False,FALSE,False,False,Available,True,False,TRUE,True,False,1,True,False,Haan,True,False,4.0,1.0,80.0,20.0
INSP01609,2026-02-26,SCH0290,False,True,True,True,True,Kala Nath,Toilets locked,SCH0290,SCH0290,False,26-02-2026,2026-02-26,DASH_DD_MM_YYYY,False,False,0,False,False,TRUE,True,False,Available,True,False,Haan,True,False,TRUE,True,False,4.0,1.0,80.0,20.0
INSP01214,2025-11-30,SCH0212,True,False,False,False,False,Vedhika Ahluwalia,,sch_0212,SCH0212,True,30-11-2025,2025-11-30,DASH_DD_MM_YYYY,False,False,TRUE,True,False,FALSE,False,False,FALSE,False,False,0,False,False,FALSE,False,False,1.0,4.0,20.0,80.0
INSP00350,2025-05-12,SCH0285,True,,True,True,True,Anamika Choudhury,No remarks,SCH0285,SCH0285,False,05-12-2025,2025-05-12,DASH_MM_DD_AMBIGUOUS,True,False,Yes,True,False,,,True,1,True,False,TRUE,True,False,Haan,True,False,4.0,0.0,80.0,0.0
INSP02565,2025-12-30,SCH0579,True,True,True,False,False,Nathan Padmanabhan,Average,SCH-0579,SCH0579,True,30-12-2025,2025-12-30,DASH_DD_MM_YYYY,False,False,TRUE,True,False,TRUE,True,False,haan,True,False,FALSE,False,False,FALSE,False,False,3.0,2.0,60.0,40.0
INSP00644,2026-01-31,SCH0260,True,True,True,False,False,Ekaja Wason,Needs repair,sch_0260,SCH0260,True,01-31-2026,2026-01-31,DASH_MM_DD_YYYY,False,False,TRUE,True,False,haan,True,False,Available,True,False,Not Available,False,False,FALSE,False,False,3.0,2.0,60.0,40.0
INSP01897,2025-09-28,SCH0567,True,,False,False,True,Dhruv Batra,Needs repair,sch_0567,SCH0567,True,28-09-2025,2025-09-28,DASH_DD_MM_YYYY,False,False,TRUE,True,False,,,True,Kharab,False,False,FALSE,False,False,1,True,False,2.0,2.0,40.0,40.0
INSP01284,2025-11-03,SCH0489,True,True,True,True,False,Avni Modi,Toilets locked,SCH0489,SCH0489,False,03.11.2025,2025-11-03,DOT_DD_MM_AMBIGUOUS,True,False,Y,True,False,TRUE,True,False,Yes,True,False,Haan,True,False,FALSE,False,False,4.0,1.0,80.0,20.0
INSP00670,2025-10-08,SCH0291,True,False,True,False,True,Warjas Mody,Average,SCH0291,SCH0291,False,08.10.2025,2025-10-08,DOT_DD_MM_AMBIGUOUS,True,False,Functional,True,False,FALSE,False,False,TRUE,True,False,N,False,False,Hai,True,False,3.0,2.0,60.0,40.0
INSP02537,2025-04-17,SCH0265,False,True,True,False,True,,Average,265,SCH0265,True,17-04-2025,2025-04-17,DASH_DD_MM_YYYY,False,False,Nahi,False,False,Hai,True,False,haan,True,False,FALSE,False,False,Yes,True,False,3.0,2.0,60.0,40.0
INSP01643,2025-10-15,SCH0111,True,True,True,True,True,Aarini Chawla,Toilets locked,SCH0111,SCH0111,False,15-Oct-25,2025-10-15,TEXT_MONTH,False,False,TRUE,True,False,TRUE,True,False,TRUE,True,False,Functional,True,False,TRUE,True,False,5.0,0.0,100.0,0.0
INSP01955,2026-01-15,SCH0561,False,True,False,False,True,Siya Parekh,,S0561,SCH0561,True,15-01-2026,2026-01-15,DASH_DD_MM_YYYY,False,False,Not Available,False,False,TRUE,True,False,Nahi hai,False,False,na,False,False,Working,True,False,2.0,3.0,40.0,60.0
INSP02591,2026-01-31,SCH0252,True,True,True,True,True,Chaman Mistry,Average,sch0252,SCH0252,True,31-01-2026,2026-01-31,DASH_DD_MM_YYYY,False,False,Hai,True,False,TRUE,True,False,Functional,True,False,Hai,True,False,Yes,True,False,5.0,0.0,100.0,0.0
INSP02499,2026-03-15,SCH0322,True,True,True,False,,Chaitaly Bath,,sch0322,SCH0322,True,15.03.2026,2026-03-15,DOT_DD_MM_YYYY,False,False,TRUE,True,False,TRUE,True,False,TRUE,True,False,No,False,False,,,True,3.0,1.0,60.0,20.0
INSP01553,2025-12-17,SCH0071,True,True,,False,True,Indrajit Nori,Good condition,sch0071,SCH0071,True,12-17-2025,2025-12-17,DASH_MM_DD_YYYY,False,False,TRUE,True,False,Working,True,False,,,True,FALSE,False,False,Working,True,False,3.0,1.0,60.0,20.0
INSP01715,2026-03-20,SCH0262,True,True,False,True,False,,Needs repair,SCH-0262,SCH0262,True,20.03.2026,2026-03-20,DOT_DD_MM_YYYY,False,False,Y,True,False,TRUE,True,False,Nahi,False,False,TRUE,True,False,No,False,False,3.0,2.0,60.0,40.0
INSP00787,2025-02-10,SCH0244,True,True,True,True,True,Arya Ramesh,No remarks,sch_0244,SCH0244,True,02-10-2025,2025-02-10,DASH_MM_DD_AMBIGUOUS,True,False,Haan,True,False,haan,True,False,Y,True,False,Working,True,False,Yes,True,False,5.0,0.0,100.0,0.0
INSP02833,2025-10-21,SCH0138,True,True,False,True,False,Harita Ratta,Toilets locked,SCH0138,SCH0138,False,21.10.2025,2025-10-21,DOT_DD_MM_YYYY,False,False,Y,True,False,Functional,True,False,FALSE,False,False,Available,True,False,FALSE,False,False,3.0,2.0,60.0,40.0
INSP00141,2025-05-14,SCH0318,True,True,True,True,False,Hemani Rastogi,Toilets locked,SCH-0318,SCH0318,True,14-05-2025,2025-05-14,DASH_DD_MM_YYYY,False,False,haan,True,False,Functional,True,False,Hai,True,False,TRUE,True,False,FALSE,False,False,4.0,1.0,80.0,20.0
INSP00789,2025-11-21,SCH0074,True,True,True,False,False,Qasim Mody,Good condition,SCH0074,SCH0074,False,21-11-2025,2025-11-21,DASH_DD_MM_YYYY,False,False,Available,True,False,H,True,False,TRUE,True,False,Nahi hai,False,False,FALSE,False,False,3.0,2.0,60.0,40.0
INSP01726,2025-11-13,SCH0316,True,False,True,True,True,Chakradhar Kapoor,Average,sch_0316,SCH0316,True,13-11-2025,2025-11-13,DASH_DD_MM_YYYY,False,False,TRUE,True,False,Nahi hai,False,False,Hai,True,False,TRUE,True,False,TRUE,True,False,4.0,1.0,80.0,20.0
INSP02688,2025-07-19,SCH0009,,True,True,False,False,Baljiwan Gaba,No remarks,SCH0009,SCH0009,False,19-Jul-25,2025-07-19,TEXT_MONTH,False,False,,,True,H,True,False,1,True,False,FALSE,False,False,Nahi,False,False,2.0,2.0,40.0,40.0
INSP00715,2025-09-30,SCH0334,,True,,True,True,Udyati Soman,Average,SCH-0334,SCH0334,True,30-09-2025,2025-09-30,DASH_DD_MM_YYYY,False,False,,,True,TRUE,True,False,,,True,TRUE,True,False,TRUE,True,False,3.0,0.0,60.0,0.0
INSP01466,2025-10-24,SCH0047,True,True,True,False,False,Hitesh Chana,No remarks,SCH0047,SCH0047,False,24-10-2025,2025-10-24,DASH_DD_MM_YYYY,False,False,TRUE,True,False,Working,True,False,Y,True,False,FALSE,False,False,FALSE,False,False,3.0,2.0,60.0,40.0
INSP01718,2025-06-11,SCH0443,True,True,True,True,True,Peter Tella,No remarks,sch_0443,SCH0443,True,11.06.2025,2025-06-11,DOT_DD_MM_AMBIGUOUS,True,False,TRUE,True,False,Haan,True,False,Hai,True,False,TRUE,True,False,H,True,False,5.0,0.0,100.0,0.0
INSP01601,2025-07-21,SCH0468,False,False,True,True,False,Harinakshi Suri,,468,SCH0468,True,07-21-2025,2025-07-21,DASH_MM_DD_YYYY,False,False,FALSE,False,False,FALSE,False,False,Haan,True,False,1,True,False,Nahi hai,False,False,2.0,3.0,40.0,60.0
INSP01627,2025-11-14,SCH0018,False,True,True,True,True,Qasim Krishnamurthy,Average,SCH0018,SCH0018,False,14-11-2025,2025-11-14,DASH_DD_MM_YYYY,False,False,FALSE,False,False,TRUE,True,False,TRUE,True,False,TRUE,True,False,Yes,True,False,4.0,1.0,80.0,20.0
INSP00619,2025-07-07,SCH0033,False,True,True,True,False,Arin Nagarajan,,SCH0033,SCH0033,False,07-07-2025,2025-07-07,DASH_MM_DD_AMBIGUOUS,True,False,Kharab,False,False,Hai,True,False,TRUE,True,False,H,True,False,na,False,False,3.0,2.0,60.0,40.0
INSP00407,2025-09-29,SCH0344,True,True,False,True,False,Lekha Radhakrishnan,,SCH-0344,SCH0344,True,29-09-2025,2025-09-29,DASH_DD_MM_YYYY,False,False,haan,True,False,Functional,True,False,FALSE,False,False,TRUE,True,False,FALSE,False,False,3.0,2.0,60.0,40.0
INSP01519,2025-09-23,SCH0173,True,True,True,False,False,Tanveer Tiwari,,SCH0173,SCH0173,False,09-23-2025,2025-09-23,DASH_MM_DD_YYYY,False,False,TRUE,True,False,haan,True,False,H,True,False,Broken,False,False,FALSE,False,False,3.0,2.0,60.0,40.0
INSP02017,2026-09-02,SCH0420,False,True,True,True,True,Orinder Ahuja,Good condition,420,SCH0420,True,09-02-2026,2026-09-02,DASH_MM_DD_AMBIGUOUS,True,False,N,False,False,TRUE,True,False,Available,True,False,TRUE,True,False,TRUE,True,False,4.0,1.0,80.0,20.0
INSP02937,2026-03-18,SCH0344,False,True,True,,,Raghav Mall,No remarks,sch0344,SCH0344,True,18-Mar-26,2026-03-18,TEXT_MONTH,False,False,FALSE,False,False,TRUE,True,False,TRUE,True,False,,,True,,,True,2.0,1.0,40.0,20.0
INSP01269,2025-04-10,SCH0488,True,True,True,False,,Ojasvi Rattan,,sch0488,SCH0488,True,04-10-2025,2025-04-10,DASH_MM_DD_AMBIGUOUS,True,False,haan,True,False,TRUE,True,False,TRUE,True,False,na,False,False,,,True,3.0,1.0,60.0,20.0
INSP01780,2026-02-15,SCH0453,,False,True,True,False,Qadim Prabhu,Needs repair,sch_0453,SCH0453,True,15-Feb-26,2026-02-15,TEXT_MONTH,False,False,,,True,FALSE,False,False,TRUE,True,False,TRUE,True,False,No,False,False,2.0,2.0,40.0,40.0
INSP00498,2025-11-05,SCH0590,True,True,False,True,True,Divya Kari,Toilets locked,sch_0590,SCH0590,True,11-05-2025,2025-11-05,DASH_MM_DD_AMBIGUOUS,True,False,TRUE,True,False,TRUE,True,False,FALSE,False,False,Functional,True,False,TRUE,True,False,4.0,1.0,80.0,20.0
INSP00343,2025-05-28,SCH0346,True,True,False,True,False,Yamini Badami,Average,SCH-0346,SCH0346,True,28-05-2025,2025-05-28,DASH_DD_MM_YYYY,False,False,TRUE,True,False,H,True,False,Under Repair,False,False,Yes,True,False,na,False,False,3.0,2.0,60.0,40.0
INSP02879,2025-12-15,SCH0063,,,True,True,True,Devika Tank,Toilets locked,SCH-0063,SCH0063,True,12-15-2025,2025-12-15,DASH_MM_DD_YYYY,False,False,,,True,,,True,TRUE,True,False,H,True,False,TRUE,True,False,3.0,0.0,60.0,0.0
INSP02390,2025-12-06,SCH0119,False,True,False,True,True,Onveer Jaggi,Good condition,SCH0119,SCH0119,False,12-06-2025,2025-12-06,DASH_MM_DD_AMBIGUOUS,True,False,0,False,False,TRUE,True,False,FALSE,False,False,Yes,True,False,Available,True,False,3.0,2.0,60.0,40.0
INSP00783,2025-06-16,SCH0078,True,False,True,False,False,Harish Kaul,Average,78,SCH0078,True,16.06.2025,2025-06-16,DOT_DD_MM_YYYY,False,False,Y,True,False,FALSE,False,False,TRUE,True,False,0,False,False,FALSE,False,False,2.0,3.0,40.0,60.0
INSP02291,2025-04-07,SCH0008,True,True,False,True,False,Nitesh Zachariah,Average,S0008,SCH0008,True,04-07-2025,2025-04-07,DASH_MM_DD_AMBIGUOUS,True,False,TRUE,True,False,TRUE,True,False,na,False,False,TRUE,True,False,Nahi,False,False,3.0,2.0,60.0,40.0
INSP00304,2025-03-11,SCH0325,False,True,False,True,False,Faqid Mitter,,S0325,SCH0325,True,03-11-2025,2025-03-11,DASH_MM_DD_AMBIGUOUS,True,False,N,False,False,Available,True,False,Nahi,False,False,Haan,True,False,0,False,False,2.0,3.0,40.0,60.0
INSP01952,2025-10-27,SCH0086,True,True,True,False,False,Urvi Pai,Needs repair,SCH0086,SCH0086,False,10-27-2025,2025-10-27,DASH_MM_DD_YYYY,False,False,TRUE,True,False,TRUE,True,False,TRUE,True,False,na,False,False,FALSE,False,False,3.0,2.0,60.0,40.0
INSP00665,2026-03-15,SCH0450,True,True,True,True,True,Harinakshi Shenoy,Toilets locked,SCH0450,SCH0450,False,15-03-2026,2026-03-15,DASH_DD_MM_YYYY,False,False,TRUE,True,False,TRUE,True,False,1,True,False,Working,True,False,H,True,False,5.0,0.0,100.0,0.0
INSP01814,2026-01-19,SCH0197,False,False,True,True,False,Zarna Saxena,Toilets locked,SCH0197,SCH0197,False,19-01-2026,2026-01-19,DASH_DD_MM_YYYY,False,False,No,False,False,FALSE,False,False,TRUE,True,False,Yes,True,False,No,False,False,2.0,3.0,40.0,60.0
INSP01624,2025-06-23,SCH0401,True,,False,True,False,,Average,SCH0401,SCH0401,False,23.06.2025,2025-06-23,DOT_DD_MM_YYYY,False,False,Functional,True,False,,,True,Not Available,False,False,TRUE,True,False,FALSE,False,False,2.0,2.0,40.0,40.0
INSP02836,2025-10-18,SCH0370,False,True,True,False,False,Lavanya Nazareth,Toilets locked,SCH0370,SCH0370,False,18-10-2025,2025-10-18,DASH_DD_MM_YYYY,False,False,FALSE,False,False,haan,True,False,H,True,False,FALSE,False,False,FALSE,False,False,2.0,3.0,40.0,60.0
INSP01629,2025-03-09,SCH0321,True,True,False,False,False,Isaac Wagle,Average,sch0321,SCH0321,True,03-09-2025,2025-03-09,DASH_MM_DD_AMBIGUOUS,True,False,Available,True,False,haan,True,False,FALSE,False,False,Not Available,False,False,FALSE,False,False,2.0,3.0,40.0,60.0
INSP00085,2025-05-14,SCH0466,True,True,False,True,True,Bhanumati Gaba,Needs repair,SCH0466,SCH0466,False,05-14-2025,2025-05-14,DASH_MM_DD_YYYY,False,False,Haan,True,False,Yes,True,False,FALSE,False,False,H,True,False,TRUE,True,False,4.0,1.0,80.0,20.0
INSP02333,2026-01-25,SCH0590,True,True,False,False,True,Yuvraj Butala,No remarks,SCH0590,SCH0590,False,25-01-2026,2026-01-25,DASH_DD_MM_YYYY,False,False,TRUE,True,False,TRUE,True,False,Broken,False,False,No,False,False,TRUE,True,False,3.0,2.0,60.0,40.0
INSP00942,2025-09-28,SCH0494,False,False,True,False,False,Ikbal Verma,Average,SCH0494,SCH0494,False,28-Sep-25,2025-09-28,TEXT_MONTH,False,False,FALSE,False,False,No,False,False,H,True,False,FALSE,False,False,FALSE,False,False,1.0,4.0,20.0,80.0
INSP00962,2025-07-24,SCH0143,True,False,False,False,True,Vasatika Barad,No remarks,sch0143,SCH0143,True,24-Jul-25,2025-07-24,TEXT_MONTH,False,False,Yes,True,False,FALSE,False,False,FALSE,False,False,FALSE,False,False,TRUE,True,False,2.0,3.0,40.0,60.0
INSP00842,2026-01-21,SCH0142,True,True,True,False,,Veda Ratta,Good condition,sch_0142,SCH0142,True,21-01-2026,2026-01-21,DASH_DD_MM_YYYY,False,False,Yes,True,False,TRUE,True,False,TRUE,True,False,Broken,False,False,,,True,3.0,1.0,60.0,20.0
INSP02502,2026-05-01,SCH0335,False,True,True,False,True,Rachit Sibal,Good condition,SCH0335,SCH0335,False,05-01-2026,2026-05-01,DASH_MM_DD_AMBIGUOUS,True,False,FALSE,False,False,haan,True,False,Y,True,False,Nahi hai,False,False,TRUE,True,False,3.0,2.0,60.0,40.0
INSP02651,2026-01-06,SCH0106,,True,True,False,True,Nilima Kannan,Toilets locked,sch_0106,SCH0106,True,06.01.2026,2026-01-06,DOT_DD_MM_AMBIGUOUS,True,False,,,True,TRUE,True,False,TRUE,True,False,FALSE,False,False,Available,True,False,3.0,1.0,60.0,20.0
INSP01415,2025-08-19,SCH0330,True,True,True,True,False,Odika Deol,Toilets locked,S0330,SCH0330,True,19-08-2025,2025-08-19,DASH_DD_MM_YYYY,False,False,1,True,False,TRUE,True,False,Yes,True,False,haan,True,False,FALSE,False,False,4.0,1.0,80.0,20.0
INSP00291,2026-05-02,SCH0441,True,True,True,True,True,Ikbal Swamy,Needs repair,S0441,SCH0441,True,05-02-2026,2026-05-02,DASH_MM_DD_AMBIGUOUS,True,False,Working,True,False,haan,True,False,H,True,False,TRUE,True,False,H,True,False,5.0,0.0,100.0,0.0
INSP02195,2025-05-01,SCH0509,True,True,True,True,False,Qushi Zachariah,Needs repair,sch_0509,SCH0509,True,01.05.2025,2025-05-01,DOT_DD_MM_AMBIGUOUS,True,False,Yes,True,False,Haan,True,False,TRUE,True,False,TRUE,True,False,Nahi hai,False,False,4.0,1.0,80.0,20.0
INSP01242,2025-12-31,SCH0386,False,True,True,True,False,Abha Bal,Average,SCH-0386,SCH0386,True,31.12.2025,2025-12-31,DOT_DD_MM_YYYY,False,False,FALSE,False,False,TRUE,True,False,TRUE,True,False,TRUE,True,False,0,False,False,3.0,2.0,60.0,40.0
INSP00605,2026-02-25,SCH0138,True,True,False,False,True,Kalpit Varma,Average,sch_0138,SCH0138,True,25-02-2026,2026-02-25,DASH_DD_MM_YYYY,False,False,TRUE,True,False,TRUE,True,False,FALSE,False,False,FALSE,False,False,TRUE,True,False,3.0,2.0,60.0,40.0
INSP02150,2025-04-27,SCH0047,True,True,,False,True,Elijah Kade,Average,SCH0047,SCH0047,False,27.04.2025,2025-04-27,DOT_DD_MM_YYYY,False,False,TRUE,True,False,Working,True,False,,,True,Nahi,False,False,TRUE,True,False,3.0,1.0,60.0,20.0
INSP00917,2025-06-05,SCH0474,True,True,True,False,True,Lakshmi Menon,,sch_0474,SCH0474,True,06-05-2025,2025-06-05,DASH_MM_DD_AMBIGUOUS,True,False,Functional,True,False,TRUE,True,False,Y,True,False,Nahi,False,False,TRUE,True,False,4.0,1.0,80.0,20.0
INSP02622,2026-03-16,SCH0216,False,True,True,False,True,,Toilets locked,SCH0216,SCH0216,False,16-03-2026,2026-03-16,DASH_DD_MM_YYYY,False,False,FALSE,False,False,TRUE,True,False,Working,True,False,na,False,False,Available,True,False,3.0,2.0,60.0,40.0
INSP01823,2025-03-11,SCH0221,False,,True,False,True,Bishakha Pant,Toilets locked,SCH0221,SCH0221,False,03-11-2025,2025-03-11,DASH_MM_DD_AMBIGUOUS,True,False,FALSE,False,False,,,True,Y,True,False,Under Repair,False,False,Hai,True,False,2.0,2.0,40.0,40.0
INSP01100,2025-08-05,SCH0486,True,True,False,False,False,Advay Kamdar,,SCH0486,SCH0486,False,08-05-2025,2025-08-05,DASH_MM_DD_AMBIGUOUS,True,False,TRUE,True,False,Functional,True,False,FALSE,False,False,FALSE,False,False,Kharab,False,False,2.0,3.0,40.0,60.0
INSP01089,2025-08-07,SCH0600,True,True,False,True,False,Lakshit Sem,Average,sch_0600,SCH0600,True,07-Aug-25,2025-08-07,TEXT_MONTH,False,False,TRUE,True,False,TRUE,True,False,No,False,False,Yes,True,False,0,False,False,3.0,2.0,60.0,40.0
INSP02214,2026-02-07,SCH0103,True,True,True,,False,Nitara Ghosh,Needs repair,SCH0103,SCH0103,False,07.02.2026,2026-02-07,DOT_DD_MM_AMBIGUOUS,True,False,TRUE,True,False,TRUE,True,False,Working,True,False,,,True,FALSE,False,False,3.0,1.0,60.0,20.0
INSP01442,2025-07-15,SCH0205,,True,True,True,False,,No remarks,SCH0205,SCH0205,False,15-07-2025,2025-07-15,DASH_DD_MM_YYYY,False,False,,,True,1,True,False,haan,True,False,TRUE,True,False,0,False,False,3.0,1.0,60.0,20.0
INSP00822,2025-12-07,SCH0393,True,True,True,False,True,Aachal Babu,,SCH-0393,SCH0393,True,12-07-2025,2025-12-07,DASH_MM_DD_AMBIGUOUS,True,False,Available,True,False,H,True,False,Yes,True,False,Broken,False,False,1,True,False,4.0,1.0,80.0,20.0
INSP02597,2025-09-27,SCH0084,True,True,,True,False,,Toilets locked,sch_0084,SCH0084,True,27-09-2025,2025-09-27,DASH_DD_MM_YYYY,False,False,haan,True,False,H,True,False,,,True,Y,True,False,FALSE,False,False,3.0,1.0,60.0,20.0
INSP01001,2025-05-29,SCH0240,True,True,True,False,True,,No remarks,SCH0240,SCH0240,False,29-May-25,2025-05-29,TEXT_MONTH,False,False,Hai,True,False,Functional,True,False,Available,True,False,Nahi hai,False,False,TRUE,True,False,4.0,1.0,80.0,20.0
INSP01495,2025-08-30,SCH0062,False,False,True,False,False,Garima Sodhi,,62,SCH0062,True,30-08-2025,2025-08-30,DASH_DD_MM_YYYY,False,False,FALSE,False,False,FALSE,False,False,Available,True,False,FALSE,False,False,FALSE,False,False,1.0,4.0,20.0,80.0
INSP00019,2026-03-03,SCH0418,False,True,True,False,True,,Needs repair,SCH0418,SCH0418,False,03-Mar-26,2026-03-03,TEXT_MONTH,False,False,FALSE,False,False,haan,True,False,TRUE,True,False,FALSE,False,False,Available,True,False,3.0,2.0,60.0,40.0
INSP02975,2026-02-18,SCH0543,True,True,True,True,False,,Needs repair,SCH0543,SCH0543,False,18-02-2026,2026-02-18,DASH_DD_MM_YYYY,False,False,Y,True,False,TRUE,True,False,TRUE,True,False,TRUE,True,False,FALSE,False,False,4.0,1.0,80.0,20.0
INSP01126,2025-11-11,SCH0219,True,True,,False,True,Wriddhish Kalla,Needs repair,SCH0219,SCH0219,False,11-11-2025,2025-11-11,DASH_MM_DD_AMBIGUOUS,True,False,Haan,True,False,haan,True,False,,,True,Nahi,False,False,Working,True,False,3.0,1.0,60.0,20.0
INSP01352,2025-08-07,SCH0545,True,False,,True,True,Jack Munshi,,SCH0545,SCH0545,False,08-07-2025,2025-08-07,DASH_MM_DD_AMBIGUOUS,True,False,TRUE,True,False,N,False,False,,,True,TRUE,True,False,TRUE,True,False,3.0,1.0,60.0,20.0
INSP02251,2025-07-10,SCH0497,True,,True,True,False,Jasmit Ghose,Good condition,SCH0497,SCH0497,False,07-10-2025,2025-07-10,DASH_MM_DD_AMBIGUOUS,True,False,H,True,False,,,True,haan,True,False,Y,True,False,Not Available,False,False,3.0,1.0,60.0,20.0
INSP01396,2025-06-13,SCH0390,False,True,True,False,False,,Good condition,SCH0390,SCH0390,False,13.06.2025,2025-06-13,DOT_DD_MM_YYYY,False,False,FALSE,False,False,TRUE,True,False,TRUE,True,False,FALSE,False,False,FALSE,False,False,2.0,3.0,40.0,60.0
INSP01719,2026-01-07,SCH0538,True,True,False,False,True,,Average,S0538,SCH0538,True,07.01.2026,2026-01-07,DOT_DD_MM_AMBIGUOUS,True,False,TRUE,True,False,TRUE,True,False,N,False,False,0,False,False,Hai,True,False,3.0,2.0,60.0,40.0
INSP01594,2025-04-11,SCH0378,False,True,True,False,False,Ranveer Randhawa,Good condition,SCH0378,SCH0378,False,04-11-2025,2025-04-11,DASH_MM_DD_AMBIGUOUS,True,False,FALSE,False,False,haan,True,False,Working,True,False,Nahi,False,False,FALSE,False,False,2.0,3.0,40.0,60.0
INSP01810,2026-01-30,SCH0343,True,True,,True,True,Divya Purohit,Toilets locked,SCH0343,SCH0343,False,30.01.2026,2026-01-30,DOT_DD_MM_YYYY,False,False,H,True,False,TRUE,True,False,,,True,Haan,True,False,TRUE,True,False,4.0,0.0,80.0,0.0
INSP01658,2025-05-17,SCH0247,False,True,True,False,True,Sudiksha Nagy,Average,SCH0247,SCH0247,False,17-May-25,2025-05-17,TEXT_MONTH,False,False,FALSE,False,False,Yes,True,False,TRUE,True,False,No,False,False,TRUE,True,False,3.0,2.0,60.0,40.0
INSP02128,2025-04-23,SCH0059,True,True,True,True,False,Avi Chawla,Toilets locked,S0059,SCH0059,True,23-04-2025,2025-04-23,DASH_DD_MM_YYYY,False,False,Hai,True,False,1,True,False,TRUE,True,False,TRUE,True,False,FALSE,False,False,4.0,1.0,80.0,20.0
INSP01518,2025-10-05,SCH0190,True,True,False,True,True,Zansi Kaul,Toilets locked,SCH-0190,SCH0190,True,10-05-2025,2025-10-05,DASH_MM_DD_AMBIGUOUS,True,False,TRUE,True,False,TRUE,True,False,0,False,False,Y,True,False,1,True,False,4.0,1.0,80.0,20.0
INSP01010,2025-10-06,SCH0566,False,True,True,,True,Yutika Chowdhury,No remarks,sch0566,SCH0566,True,10-06-2025,2025-10-06,DASH_MM_DD_AMBIGUOUS,True,False,na,False,False,TRUE,True,False,haan,True,False,,,True,TRUE,True,False,3.0,1.0,60.0,20.0
INSP00361,2025-12-09,SCH0410,True,False,True,False,False,Faris Lad,Average,SCH-0410,SCH0410,True,12-09-2025,2025-12-09,DASH_MM_DD_AMBIGUOUS,True,False,Functional,True,False,FALSE,False,False,TRUE,True,False,Nahi,False,False,FALSE,False,False,2.0,3.0,40.0,60.0
INSP02690,2025-05-07,SCH0292,True,True,True,False,False,Ethan Gala,Toilets locked,SCH0292,SCH0292,False,05-07-2025,2025-05-07,DASH_MM_DD_AMBIGUOUS,True,False,Functional,True,False,TRUE,True,False,TRUE,True,False,FALSE,False,False,FALSE,False,False,3.0,2.0,60.0,40.0
INSP02013,2025-08-16,SCH0098,True,True,True,False,True,Kamala Khatri,Good condition,SCH0098,SCH0098,False,16.08.2025,2025-08-16,DOT_DD_MM_YYYY,False,False,TRUE,True,False,H,True,False,Available,True,False,N,False,False,haan,True,False,4.0,1.0,80.0,20.0
INSP02739,2025-10-12,SCH0198,True,True,True,True,False,Urvashi Kala,Toilets locked,SCH0198,SCH0198,False,10-12-2025,2025-10-12,DASH_MM_DD_AMBIGUOUS,True,False,Y,True,False,TRUE,True,False,Working,True,False,TRUE,True,False,N,False,False,4.0,1.0,80.0,20.0
INSP01841,2025-10-14,SCH0164,False,False,True,False,False,Samaksh Murthy,Good condition,sch0164,SCH0164,True,10-14-2025,2025-10-14,DASH_MM_DD_YYYY,False,False,FALSE,False,False,0,False,False,TRUE,True,False,FALSE,False,False,FALSE,False,False,1.0,4.0,20.0,80.0
INSP00345,2025-12-04,SCH0535,True,False,True,False,True,Deepa Goyal,Toilets locked,SCH0535,SCH0535,False,12-04-2025,2025-12-04,DASH_MM_DD_AMBIGUOUS,True,False,TRUE,True,False,FALSE,False,False,TRUE,True,False,Under Repair,False,False,Yes,True,False,3.0,2.0,60.0,40.0
INSP00987,2025-04-15,SCH0385,True,True,True,True,True,Anya Palla,,sch0385,SCH0385,True,15-04-2025,2025-04-15,DASH_DD_MM_YYYY,False,False,TRUE,True,False,TRUE,True,False,TRUE,True,False,TRUE,True,False,Y,True,False,5.0,0.0,100.0,0.0
INSP02026,2026-06-03,SCH0382,False,True,True,True,False,Tanmayi Gokhale,Toilets locked,382,SCH0382,True,06-03-2026,2026-06-03,DASH_MM_DD_AMBIGUOUS,True,False,Nahi,False,False,Hai,True,False,TRUE,True,False,TRUE,True,False,FALSE,False,False,3.0,2.0,60.0,40.0
INSP01912,2026-03-17,SCH0459,True,True,False,True,False,Priya Das,Needs repair,S0459,SCH0459,True,17-03-2026,2026-03-17,DASH_DD_MM_YYYY,False,False,TRUE,True,False,TRUE,True,False,N,False,False,TRUE,True,False,FALSE,False,False,3.0,2.0,60.0,40.0
INSP01476,2025-06-27,SCH0258,True,False,False,False,False,Caleb Mallick,No remarks,SCH-0258,SCH0258,True,27.06.2025,2025-06-27,DOT_DD_MM_YYYY,False,False,Available,True,False,Nahi,False,False,FALSE,False,False,FALSE,False,False,No,False,False,1.0,4.0,20.0,80.0
INSP01299,2025-01-11,SCH0075,True,,True,True,True,Warjas Jani,Toilets locked,S0075,SCH0075,True,01-11-2025,2025-01-11,DASH_MM_DD_AMBIGUOUS,True,False,TRUE,True,False,,,True,TRUE,True,False,Haan,True,False,Haan,True,False,4.0,0.0,80.0,0.0
INSP00114,2025-06-16,SCH0302,True,True,True,True,True,Sara Palla,,SCH-0302,SCH0302,True,16-06-2025,2025-06-16,DASH_DD_MM_YYYY,False,False,Haan,True,False,Hai,True,False,Yes,True,False,Available,True,False,TRUE,True,False,5.0,0.0,100.0,0.0
INSP01211,2025-06-28,SCH0306,True,True,True,True,False,Rajeshri Sheth,Needs repair,SCH0306,SCH0306,False,28.06.2025,2025-06-28,DOT_DD_MM_YYYY,False,False,Y,True,False,H,True,False,Haan,True,False,TRUE,True,False,FALSE,False,False,4.0,1.0,80.0,20.0
INSP02023,2025-04-10,SCH0181,False,True,True,False,False,Hitesh Rajan,Good condition,SCH0181,SCH0181,False,04-10-2025,2025-04-10,DASH_MM_DD_AMBIGUOUS,True,False,No,False,False,TRUE,True,False,Functional,True,False,FALSE,False,False,Under Repair,False,False,2.0,3.0,40.0,60.0
INSP01895,2025-05-23,SCH0220,True,False,True,False,False,Jai Kara,Toilets locked,SCH0220,SCH0220,False,23-05-2025,2025-05-23,DASH_DD_MM_YYYY,False,False,TRUE,True,False,FALSE,False,False,TRUE,True,False,FALSE,False,False,na,False,False,2.0,3.0,40.0,60.0
INSP00086,2026-12-01,SCH0244,True,True,True,True,False,Dipta Rastogi,Toilets locked,SCH0244,SCH0244,False,12-01-2026,2026-12-01,DASH_MM_DD_AMBIGUOUS,True,False,TRUE,True,False,TRUE,True,False,TRUE,True,False,Hai,True,False,Nahi,False,False,4.0,1.0,80.0,20.0
INSP02175,2025-11-01,SCH0020,True,True,True,False,True,Triya Sibal,No remarks,S0020,SCH0020,True,01-Nov-25,2025-11-01,TEXT_MONTH,False,False,H,True,False,TRUE,True,False,haan,True,False,FALSE,False,False,Y,True,False,4.0,1.0,80.0,20.0
INSP00669,2026-01-29,SCH0321,True,True,True,False,False,,,sch_0321,SCH0321,True,29-01-2026,2026-01-29,DASH_DD_MM_YYYY,False,False,Yes,True,False,TRUE,True,False,Functional,True,False,Nahi,False,False,No,False,False,3.0,2.0,60.0,40.0
INSP01015,2025-07-12,SCH0060,,True,True,False,False,Daksha Wadhwa,No remarks,sch_0060,SCH0060,True,07-12-2025,2025-07-12,DASH_MM_DD_AMBIGUOUS,True,False,,,True,Working,True,False,TRUE,True,False,FALSE,False,False,Nahi,False,False,2.0,2.0,40.0,40.0
INSP00129,2026-01-31,SCH0030,True,True,False,True,False,Pooja Pillai,No remarks,SCH-0030,SCH0030,True,31-01-2026,2026-01-31,DASH_DD_MM_YYYY,False,False,Available,True,False,1,True,False,Nahi hai,False,False,Haan,True,False,Under Repair,False,False,3.0,2.0,60.0,40.0
INSP02498,2026-02-10,SCH0236,True,True,False,True,False,Eshana Chanda,No remarks,sch0236,SCH0236,True,10.02.2026,2026-02-10,DOT_DD_MM_AMBIGUOUS,True,False,TRUE,True,False,Y,True,False,0,False,False,haan,True,False,FALSE,False,False,3.0,2.0,60.0,40.0
INSP02961,2025-08-18,SCH0144,True,True,False,True,True,Azad Sachar,,SCH-0144,SCH0144,True,08-18-2025,2025-08-18,DASH_MM_DD_YYYY,False,False,1,True,False,Y,True,False,FALSE,False,False,TRUE,True,False,haan,True,False,4.0,1.0,80.0,20.0
INSP00892,2025-04-29,SCH0400,False,True,True,True,True,Vedika Krish,Good condition,sch0400,SCH0400,True,29.04.2025,2025-04-29,DOT_DD_MM_YYYY,False,False,Nahi hai,False,False,TRUE,True,False,Hai,True,False,TRUE,True,False,haan,True,False,4.0,1.0,80.0,20.0
INSP01584,2025-11-27,SCH0151,True,True,True,False,True,Zinal Rege,Good condition,sch0151,SCH0151,True,27-11-2025,2025-11-27,DASH_DD_MM_YYYY,False,False,1,True,False,Yes,True,False,TRUE,True,False,FALSE,False,False,TRUE,True,False,4.0,1.0,80.0,20.0
INSP00308,2025-12-21,SCH0116,True,True,True,True,True,Nicholas Pathak,No remarks,SCH0116,SCH0116,False,21-12-2025,2025-12-21,DASH_DD_MM_YYYY,False,False,Yes,True,False,Yes,True,False,Hai,True,False,haan,True,False,TRUE,True,False,5.0,0.0,100.0,0.0
INSP00384,2025-10-15,SCH0051,True,False,True,False,True,Maanas Mangat,Good condition,SCH0051,SCH0051,False,15-10-2025,2025-10-15,DASH_DD_MM_YYYY,False,False,TRUE,True,False,na,False,False,Y,True,False,na,False,False,TRUE,True,False,3.0,2.0,60.0,40.0
INSP02044,2025-10-23,SCH0245,True,True,True,True,True,William Mohanty,,SCH0245,SCH0245,False,23-10-2025,2025-10-23,DASH_DD_MM_YYYY,False,False,TRUE,True,False,Haan,True,False,Hai,True,False,TRUE,True,False,1,True,False,5.0,0.0,100.0,0.0
INSP01296,2025-12-12,SCH0346,True,True,,False,False,Azaan Deol,,sch_0346,SCH0346,True,12-12-2025,2025-12-12,DASH_MM_DD_AMBIGUOUS,True,False,TRUE,True,False,TRUE,True,False,,,True,FALSE,False,False,Under Repair,False,False,2.0,2.0,40.0,40.0
INSP02067,2025-05-11,SCH0215,True,True,True,True,False,Jagrati Grover,Needs repair,sch_0215,SCH0215,True,05-11-2025,2025-05-11,DASH_MM_DD_AMBIGUOUS,True,False,H,True,False,haan,True,False,Haan,True,False,haan,True,False,FALSE,False,False,4.0,1.0,80.0,20.0
INSP00427,2026-01-12,SCH0452,True,True,True,True,True,Chakrika Bajaj,Good condition,SCH0452,SCH0452,False,12-Jan-26,2026-01-12,TEXT_MONTH,False,False,Working,True,False,TRUE,True,False,TRUE,True,False,TRUE,True,False,1,True,False,5.0,0.0,100.0,0.0
INSP00495,2026-02-16,SCH0491,True,False,True,False,True,Kai Mitra,Needs repair,SCH0491,SCH0491,False,16.02.2026,2026-02-16,DOT_DD_MM_YYYY,False,False,Y,True,False,Nahi,False,False,TRUE,True,False,FALSE,False,False,TRUE,True,False,3.0,2.0,60.0,40.0
INSP01208,2025-03-04,SCH0526,True,False,True,True,True,Shivani Chahal,Toilets locked,SCH0526,SCH0526,False,03-04-2025,2025-03-04,DASH_MM_DD_AMBIGUOUS,True,False,Yes,True,False,Nahi hai,False,False,TRUE,True,False,TRUE,True,False,TRUE,True,False,4.0,1.0,80.0,20.0
INSP01209,2026-01-30,SCH0479,False,True,True,True,True,Krishna Iyer,Good condition,479,SCH0479,True,30-01-2026,2026-01-30,DASH_DD_MM_YYYY,False,False,FALSE,False,False,1,True,False,TRUE,True,False,TRUE,True,False,haan,True,False,4.0,1.0,80.0,20.0
INSP02317,2025-08-14,SCH0241,,True,True,True,True,Daniel Nagy,No remarks,SCH0241,SCH0241,False,14-08-2025,2025-08-14,DASH_DD_MM_YYYY,False,False,,,True,Hai,True,False,1,True,False,Y,True,False,TRUE,True,False,4.0,0.0,80.0,0.0
INSP01400,2025-10-24,SCH0072,True,,True,True,True,Balendra Sundaram,Needs repair,SCH0072,SCH0072,False,24-10-2025,2025-10-24,DASH_DD_MM_YYYY,False,False,TRUE,True,False,,,True,TRUE,True,False,TRUE,True,False,TRUE,True,False,4.0,0.0,80.0,0.0
INSP01767,2025-06-22,SCH0105,True,False,True,True,False,Krisha Sheth,Toilets locked,SCH0105,SCH0105,False,22.06.2025,2025-06-22,DOT_DD_MM_YYYY,False,False,Y,True,False,FALSE,False,False,Functional,True,False,Working,True,False,No,False,False,3.0,2.0,60.0,40.0
INSP00276,2026-02-10,SCH0512,True,True,True,False,True,,Toilets locked,S0512,SCH0512,True,10-Feb-26,2026-02-10,TEXT_MONTH,False,False,Available,True,False,TRUE,True,False,Hai,True,False,Under Repair,False,False,1,True,False,4.0,1.0,80.0,20.0
INSP00490,2025-08-06,SCH0353,False,True,True,True,False,Charvi Iyer,No remarks,SCH-0353,SCH0353,True,08-06-2025,2025-08-06,DASH_MM_DD_AMBIGUOUS,True,False,FALSE,False,False,Haan,True,False,TRUE,True,False,Y,True,False,Nahi,False,False,3.0,2.0,60.0,40.0
INSP02667,2026-03-31,SCH0114,False,False,,False,True,Jeremiah Tandon,No remarks,SCH-0114,SCH0114,True,31-03-2026,2026-03-31,DASH_DD_MM_YYYY,False,False,0,False,False,Broken,False,False,,,True,FALSE,False,False,TRUE,True,False,1.0,3.0,20.0,60.0
INSP00691,2025-12-10,SCH0310,False,True,False,False,False,,Average,sch0310,SCH0310,True,12-10-2025,2025-12-10,DASH_MM_DD_AMBIGUOUS,True,False,FALSE,False,False,TRUE,True,False,Nahi,False,False,FALSE,False,False,FALSE,False,False,1.0,4.0,20.0,80.0
INSP01798,2026-02-28,SCH0582,True,True,True,True,True,,Toilets locked,SCH-0582,SCH0582,True,28-02-2026,2026-02-28,DASH_DD_MM_YYYY,False,False,1,True,False,Y,True,False,Haan,True,False,haan,True,False,Available,True,False,5.0,0.0,100.0,0.0
INSP01770,2026-03-21,SCH0105,False,True,True,True,True,Isha Issac,,SCH-0105,SCH0105,True,21-03-2026,2026-03-21,DASH_DD_MM_YYYY,False,False,FALSE,False,False,H,True,False,Haan,True,False,TRUE,True,False,TRUE,True,False,4.0,1.0,80.0,20.0
INSP02258,2026-07-03,SCH0567,True,True,True,False,True,Guneet Kannan,No remarks,SCH0567,SCH0567,False,07-03-2026,2026-07-03,DASH_MM_DD_AMBIGUOUS,True,False,1,True,False,1,True,False,TRUE,True,False,FALSE,False,False,Working,True,False,4.0,1.0,80.0,20.0
INSP01331,2025-12-10,SCH0498,True,True,False,True,True,Nitesh Baria,No remarks,SCH0498,SCH0498,False,10.12.2025,2025-12-10,DOT_DD_MM_AMBIGUOUS,True,False,1,True,False,Yes,True,False,FALSE,False,False,Available,True,False,Yes,True,False,4.0,1.0,80.0,20.0
INSP02868,2026-02-13,SCH0322,True,,True,True,False,Girish Zachariah,Good condition,sch0322,SCH0322,True,13-Feb-26,2026-02-13,TEXT_MONTH,False,False,H,True,False,,,True,TRUE,True,False,Yes,True,False,FALSE,False,False,3.0,1.0,60.0,20.0
INSP01059,2025-08-27,SCH0425,True,True,False,False,False,,Toilets locked,S0425,SCH0425,True,27-Aug-25,2025-08-27,TEXT_MONTH,False,False,TRUE,True,False,TRUE,True,False,Nahi,False,False,na,False,False,No,False,False,2.0,3.0,40.0,60.0
INSP00119,2025-08-05,SCH0009,True,False,False,True,True,Owen Koshy,Average,SCH-0009,SCH0009,True,08-05-2025,2025-08-05,DASH_MM_DD_AMBIGUOUS,True,False,TRUE,True,False,Nahi,False,False,Kharab,False,False,Functional,True,False,TRUE,True,False,3.0,2.0,60.0,40.0
INSP01025,2026-03-19,SCH0056,True,True,True,True,True,Amara Sura,Average,SCH0056,SCH0056,False,19-Mar-26,2026-03-19,TEXT_MONTH,False,False,1,True,False,TRUE,True,False,Y,True,False,TRUE,True,False,TRUE,True,False,5.0,0.0,100.0,0.0
INSP02784,2026-01-07,SCH0042,True,True,False,True,True,Aishani Butala,Needs repair,SCH0042,SCH0042,False,01-07-2026,2026-01-07,DASH_MM_DD_AMBIGUOUS,True,False,TRUE,True,False,TRUE,True,False,FALSE,False,False,TRUE,True,False,TRUE,True,False,4.0,1.0,80.0,20.0
INSP00282,2025-04-26,SCH0148,False,True,True,True,True,Yuvraj Suri,Good condition,sch0148,SCH0148,True,04-26-2025,2025-04-26,DASH_MM_DD_YYYY,False,False,Nahi hai,False,False,haan,True,False,TRUE,True,False,Yes,True,False,TRUE,True,False,4.0,1.0,80.0,20.0
INSP01672,2026-02-27,SCH0540,True,True,True,False,False,Bahadurjit Jhaveri,,SCH0540,SCH0540,False,27.02.2026,2026-02-27,DOT_DD_MM_YYYY,False,False,TRUE,True,False,TRUE,True,False,TRUE,True,False,No,False,False,FALSE,False,False,3.0,2.0,60.0,40.0
INSP02459,2026-02-01,SCH0298,False,True,True,,False,Zaitra Brahmbhatt,,sch0298,SCH0298,True,01-Feb-26,2026-02-01,TEXT_MONTH,False,False,FALSE,False,False,Haan,True,False,haan,True,False,,,True,No,False,False,2.0,2.0,40.0,40.0
INSP00969,2025-09-18,SCH0290,False,True,False,True,False,Sanya Dutta,Toilets locked,SCH-0290,SCH0290,True,09-18-2025,2025-09-18,DASH_MM_DD_YYYY,False,False,FALSE,False,False,TRUE,True,False,FALSE,False,False,H,True,False,FALSE,False,False,2.0,3.0,40.0,60.0
INSP02064,2026-01-25,SCH0080,True,False,True,True,False,Ethan Muni,,SCH-0080,SCH0080,True,25-Jan-26,2026-01-25,TEXT_MONTH,False,False,TRUE,True,False,FALSE,False,False,TRUE,True,False,TRUE,True,False,FALSE,False,False,3.0,2.0,60.0,40.0
INSP01919,2025-06-01,SCH0536,,True,True,False,True,Chaaya Parekh,,SCH0536,SCH0536,False,01-Jun-25,2025-06-01,TEXT_MONTH,False,False,,,True,TRUE,True,False,TRUE,True,False,N,False,False,Y,True,False,3.0,1.0,60.0,20.0
INSP01790,2025-08-14,SCH0213,False,False,True,True,False,Yoshita Rastogi,No remarks,SCH-0213,SCH0213,True,14-08-2025,2025-08-14,DASH_DD_MM_YYYY,False,False,na,False,False,FALSE,False,False,Hai,True,False,TRUE,True,False,N,False,False,2.0,3.0,40.0,60.0
INSP00156,2025-04-11,SCH0331,False,True,False,True,False,Christopher Kohli,,SCH0331,SCH0331,False,04-11-2025,2025-04-11,DASH_MM_DD_AMBIGUOUS,True,False,FALSE,False,False,Y,True,False,No,False,False,TRUE,True,False,FALSE,False,False,2.0,3.0,40.0,60.0
INSP00305,2026-01-03,SCH0416,,True,True,True,False,Krisha Patel,No remarks,sch_0416,SCH0416,True,01-03-2026,2026-01-03,DASH_MM_DD_AMBIGUOUS,True,False,,,True,Haan,True,False,TRUE,True,False,TRUE,True,False,Nahi,False,False,3.0,1.0,60.0,20.0
INSP02054,2025-12-11,SCH0232,True,True,True,True,True,Vasatika Dyal,,SCH-0232,SCH0232,True,12-11-2025,2025-12-11,DASH_MM_DD_AMBIGUOUS,True,False,TRUE,True,False,TRUE,True,False,Functional,True,False,TRUE,True,False,TRUE,True,False,5.0,0.0,100.0,0.0
INSP02684,2025-05-12,SCH0340,False,True,True,True,True,,Average,SCH0340,SCH0340,False,05-12-2025,2025-05-12,DASH_MM_DD_AMBIGUOUS,True,False,Under Repair,False,False,Hai,True,False,TRUE,True,False,TRUE,True,False,TRUE,True,False,4.0,1.0,80.0,20.0
INSP01690,2025-04-05,SCH0237,True,False,True,True,False,Anirudh Swaminathan,Needs repair,S0237,SCH0237,True,05-Apr-25,2025-04-05,TEXT_MONTH,False,False,Haan,True,False,FALSE,False,False,TRUE,True,False,1,True,False,FALSE,False,False,3.0,2.0,60.0,40.0
INSP02781,2025-04-19,SCH0405,True,True,True,False,True,Saksham Palla,No remarks,SCH0405,SCH0405,False,19-04-2025,2025-04-19,DASH_DD_MM_YYYY,False,False,TRUE,True,False,TRUE,True,False,TRUE,True,False,na,False,False,TRUE,True,False,4.0,1.0,80.0,20.0
INSP02360,2025-12-18,SCH0040,False,False,True,False,True,Qabil Mani,Toilets locked,sch_0040,SCH0040,True,18-12-2025,2025-12-18,DASH_DD_MM_YYYY,False,False,FALSE,False,False,FALSE,False,False,Hai,True,False,Nahi hai,False,False,TRUE,True,False,2.0,3.0,40.0,60.0
INSP01526,2026-01-26,SCH0418,,True,False,True,False,Netra Puri,No remarks,SCH0418,SCH0418,False,26-01-2026,2026-01-26,DASH_DD_MM_YYYY,False,False,,,True,1,True,False,FALSE,False,False,TRUE,True,False,FALSE,False,False,2.0,2.0,40.0,40.0
INSP00576,2026-03-31,SCH0018,False,True,True,False,True,Ubika Nath,Needs repair,SCH0018,SCH0018,False,31.03.2026,2026-03-31,DOT_DD_MM_YYYY,False,False,Nahi hai,False,False,Available,True,False,Y,True,False,FALSE,False,False,TRUE,True,False,3.0,2.0,60.0,40.0
INSP02065,2026-02-17,SCH0487,False,True,True,True,False,Unnati Dayal,Needs repair,sch0487,SCH0487,True,17-02-2026,2026-02-17,DASH_DD_MM_YYYY,False,False,Nahi hai,False,False,Functional,True,False,TRUE,True,False,TRUE,True,False,FALSE,False,False,3.0,2.0,60.0,40.0
INSP02705,2026-02-27,SCH0063,True,True,True,True,False,Chatresh Gala,Good condition,SCH0063,SCH0063,False,27-Feb-26,2026-02-27,TEXT_MONTH,False,False,H,True,False,TRUE,True,False,TRUE,True,False,TRUE,True,False,N,False,False,4.0,1.0,80.0,20.0
INSP02759,2025-05-04,SCH0448,True,True,False,False,False,Upkaar Kamdar,Toilets locked,SCH0448,SCH0448,False,05-04-2025,2025-05-04,DASH_MM_DD_AMBIGUOUS,True,False,TRUE,True,False,TRUE,True,False,Nahi,False,False,Not Available,False,False,N,False,False,2.0,3.0,40.0,60.0
INSP01322,2025-04-28,SCH0209,True,True,False,False,False,Harita Zachariah,Good condition,sch_0209,SCH0209,True,04-28-2025,2025-04-28,DASH_MM_DD_YYYY,False,False,Haan,True,False,haan,True,False,FALSE,False,False,FALSE,False,False,FALSE,False,False,2.0,3.0,40.0,60.0
INSP00844,2025-07-26,SCH0053,False,,True,,True,Warjas Sundaram,No remarks,SCH0053,SCH0053,False,26-07-2025,2025-07-26,DASH_DD_MM_YYYY,False,False,Kharab,False,False,,,True,TRUE,True,False,,,True,Hai,True,False,2.0,1.0,40.0,20.0
INSP01407,2025-11-24,SCH0459,False,True,False,False,False,,No remarks,sch0459,SCH0459,True,24-Nov-25,2025-11-24,TEXT_MONTH,False,False,na,False,False,TRUE,True,False,FALSE,False,False,Nahi hai,False,False,FALSE,False,False,1.0,4.0,20.0,80.0
INSP00270,2025-12-26,SCH0175,True,True,True,,True,,Good condition,sch0175,SCH0175,True,26-12-2025,2025-12-26,DASH_DD_MM_YYYY,False,False,Y,True,False,TRUE,True,False,H,True,False,,,True,Working,True,False,4.0,0.0,80.0,0.0
INSP00630,2026-01-26,SCH0104,True,True,True,True,True,Dayamai Gola,No remarks,SCH-0104,SCH0104,True,26-01-2026,2026-01-26,DASH_DD_MM_YYYY,False,False,TRUE,True,False,TRUE,True,False,TRUE,True,False,TRUE,True,False,TRUE,True,False,5.0,0.0,100.0,0.0
INSP01034,2025-10-13,SCH0111,True,True,True,True,False,Charan Bhakta,Needs repair,SCH0111,SCH0111,False,13-10-2025,2025-10-13,DASH_DD_MM_YYYY,False,False,haan,True,False,TRUE,True,False,TRUE,True,False,Y,True,False,na,False,False,4.0,1.0,80.0,20.0
INSP00287,2025-09-05,SCH0395,True,True,True,True,True,Warhi Kanda,,SCH-0395,SCH0395,True,09-05-2025,2025-09-05,DASH_MM_DD_AMBIGUOUS,True,False,Haan,True,False,TRUE,True,False,Yes,True,False,Yes,True,False,Haan,True,False,5.0,0.0,100.0,0.0
INSP02331,2026-03-29,SCH0379,,True,False,True,False,Siya Shan,Good condition,SCH0379,SCH0379,False,03-29-2026,2026-03-29,DASH_MM_DD_YYYY,False,False,,,True,TRUE,True,False,No,False,False,TRUE,True,False,FALSE,False,False,2.0,2.0,40.0,40.0
INSP00301,2025-10-31,SCH0078,True,True,True,False,True,Saanvi Tripathi,Toilets locked,SCH-0078,SCH0078,True,31-10-2025,2025-10-31,DASH_DD_MM_YYYY,False,False,Yes,True,False,Hai,True,False,H,True,False,FALSE,False,False,TRUE,True,False,4.0,1.0,80.0,20.0
INSP01510,2025-08-23,SCH0336,True,True,True,True,False,Jagdish Warrior,Toilets locked,S0336,SCH0336,True,23-Aug-25,2025-08-23,TEXT_MONTH,False,False,TRUE,True,False,TRUE,True,False,H,True,False,TRUE,True,False,Nahi hai,False,False,4.0,1.0,80.0,20.0
INSP02020,2025-12-31,SCH0209,True,,False,False,False,Anmol Pau,Needs repair,sch_0209,SCH0209,True,31.12.2025,2025-12-31,DOT_DD_MM_YYYY,False,False,TRUE,True,False,,,True,FALSE,False,False,FALSE,False,False,FALSE,False,False,1.0,3.0,20.0,60.0
INSP01868,2026-01-19,SCH0283,True,True,True,True,True,Ayaan Handa,Good condition,SCH0283,SCH0283,False,19-01-2026,2026-01-19,DASH_DD_MM_YYYY,False,False,TRUE,True,False,TRUE,True,False,Yes,True,False,haan,True,False,TRUE,True,False,5.0,0.0,100.0,0.0
INSP01468,2026-01-18,SCH0452,,True,True,False,False,Quincy Dewan,Toilets locked,SCH0452,SCH0452,False,01-18-2026,2026-01-18,DASH_MM_DD_YYYY,False,False,,,True,TRUE,True,False,Available,True,False,N,False,False,na,False,False,2.0,2.0,40.0,40.0
INSP00066,2025-01-07,SCH0242,True,True,True,True,True,Yadavi Krishnan,,SCH0242,SCH0242,False,01-07-2025,2025-01-07,DASH_MM_DD_AMBIGUOUS,True,False,TRUE,True,False,Haan,True,False,Working,True,False,TRUE,True,False,Hai,True,False,5.0,0.0,100.0,0.0
INSP02340,2026-03-02,SCH0174,True,False,True,False,False,Lohit Sahni,Toilets locked,SCH-0174,SCH0174,True,02.03.2026,2026-03-02,DOT_DD_MM_AMBIGUOUS,True,False,TRUE,True,False,N,False,False,Y,True,False,FALSE,False,False,FALSE,False,False,2.0,3.0,40.0,60.0
INSP00891,2025-12-08,SCH0446,False,True,True,False,True,Radha Mahajan,Average,SCH0446,SCH0446,False,08-Dec-25,2025-12-08,TEXT_MONTH,False,False,FALSE,False,False,Haan,True,False,haan,True,False,FALSE,False,False,TRUE,True,False,3.0,2.0,60.0,40.0
INSP01879,2025-09-29,SCH0430,True,True,True,True,False,,No remarks,SCH0430,SCH0430,False,29-09-2025,2025-09-29,DASH_DD_MM_YYYY,False,False,TRUE,True,False,TRUE,True,False,TRUE,True,False,TRUE,True,False,0,False,False,4.0,1.0,80.0,20.0
INSP01972,2025-07-21,SCH0168,True,True,True,True,True,Kalpit Varkey,Needs repair,SCH0168,SCH0168,False,21-07-2025,2025-07-21,DASH_DD_MM_YYYY,False,False,TRUE,True,False,Haan,True,False,1,True,False,Y,True,False,Functional,True,False,5.0,0.0,100.0,0.0
INSP02657,2025-12-16,SCH0125,False,True,True,True,True,,,sch_0125,SCH0125,True,12-16-2025,2025-12-16,DASH_MM_DD_YYYY,False,False,FALSE,False,False,H,True,False,haan,True,False,Haan,True,False,1,True,False,4.0,1.0,80.0,20.0
INSP02976,2026-01-09,SCH0388,True,True,True,,True,,Average,SCH-0388,SCH0388,True,09-Jan-26,2026-01-09,TEXT_MONTH,False,False,Yes,True,False,TRUE,True,False,H,True,False,,,True,TRUE,True,False,4.0,0.0,80.0,0.0
INSP00231,2025-01-07,SCH0365,True,True,True,True,True,Irya Patla,Needs repair,sch_0365,SCH0365,True,01-07-2025,2025-01-07,DASH_MM_DD_AMBIGUOUS,True,False,Y,True,False,TRUE,True,False,TRUE,True,False,TRUE,True,False,TRUE,True,False,5.0,0.0,100.0,0.0
INSP00504,2025-04-17,SCH0265,True,True,False,True,True,Balvan Babu,Needs repair,SCH0265,SCH0265,False,17-Apr-25,2025-04-17,TEXT_MONTH,False,False,Yes,True,False,Haan,True,False,FALSE,False,False,haan,True,False,haan,True,False,4.0,1.0,80.0,20.0
INSP01353,2025-08-17,SCH0179,True,True,True,True,True,Veda Sethi,No remarks,sch0179,SCH0179,True,17-08-2025,2025-08-17,DASH_DD_MM_YYYY,False,False,TRUE,True,False,Y,True,False,Hai,True,False,TRUE,True,False,haan,True,False,5.0,0.0,100.0,0.0
INSP01511,2025-04-24,SCH0419,,True,True,True,,Gabriel Bhakta,Average,SCH-0419,SCH0419,True,04-24-2025,2025-04-24,DASH_MM_DD_YYYY,False,False,,,True,Functional,True,False,TRUE,True,False,Available,True,False,,,True,3.0,0.0,60.0,0.0
INSP01613,2026-01-12,SCH0361,False,True,True,False,True,Ekta Pingle,No remarks,S0361,SCH0361,True,12.01.2026,2026-01-12,DOT_DD_MM_AMBIGUOUS,True,False,0,False,False,TRUE,True,False,Yes,True,False,Kharab,False,False,TRUE,True,False,3.0,2.0,60.0,40.0
INSP01375,2025-09-29,SCH0310,True,True,,True,True,Ojas Mohanty,No remarks,SCH0310,SCH0310,False,29.09.2025,2025-09-29,DOT_DD_MM_YYYY,False,False,TRUE,True,False,TRUE,True,False,,,True,Haan,True,False,TRUE,True,False,4.0,0.0,80.0,0.0
INSP01005,2025-04-19,SCH0138,True,False,True,False,False,Qasim Walia,Average,SCH0138,SCH0138,False,19-04-2025,2025-04-19,DASH_DD_MM_YYYY,False,False,TRUE,True,False,No,False,False,Hai,True,False,0,False,False,Nahi,False,False,2.0,3.0,40.0,60.0
INSP00837,2025-03-05,SCH0428,True,True,True,True,True,Ethan Som,Good condition,sch_0428,SCH0428,True,03-05-2025,2025-03-05,DASH_MM_DD_AMBIGUOUS,True,False,Y,True,False,TRUE,True,False,TRUE,True,False,TRUE,True,False,TRUE,True,False,5.0,0.0,100.0,0.0
INSP01724,2025-06-15,SCH0348,,True,True,True,True,Yadavi Suresh,No remarks,SCH0348,SCH0348,False,15-06-2025,2025-06-15,DASH_DD_MM_YYYY,False,False,,,True,TRUE,True,False,haan,True,False,TRUE,True,False,TRUE,True,False,4.0,0.0,80.0,0.0
INSP00375,2026-02-19,SCH0204,False,True,,True,True,Warjas Solanki,No remarks,sch0204,SCH0204,True,19-Feb-26,2026-02-19,TEXT_MONTH,False,False,No,False,False,TRUE,True,False,,,True,TRUE,True,False,1,True,False,3.0,1.0,60.0,20.0
INSP01399,2025-12-07,SCH0517,True,True,True,True,True,Osha Mandal,,SCH0517,SCH0517,False,12-07-2025,2025-12-07,DASH_MM_DD_AMBIGUOUS,True,False,1,True,False,Y,True,False,Functional,True,False,Haan,True,False,Haan,True,False,5.0,0.0,100.0,0.0
INSP02226,2025-09-10,SCH0431,True,False,True,True,True,Ekanta Karpe,Toilets locked,SCH0431,SCH0431,False,09-10-2025,2025-09-10,DASH_MM_DD_AMBIGUOUS,True,False,Yes,True,False,FALSE,False,False,TRUE,True,False,Available,True,False,TRUE,True,False,4.0,1.0,80.0,20.0
INSP01993,2025-11-21,SCH0214,True,,False,True,False,Raghav Saxena,,SCH-0214,SCH0214,True,21-Nov-25,2025-11-21,TEXT_MONTH,False,False,TRUE,True,False,,,True,na,False,False,Yes,True,False,FALSE,False,False,2.0,2.0,40.0,40.0
INSP02012,2025-11-25,SCH0223,True,False,True,False,False,,,SCH0223,SCH0223,False,11-25-2025,2025-11-25,DASH_MM_DD_YYYY,False,False,1,True,False,FALSE,False,False,Y,True,False,FALSE,False,False,na,False,False,2.0,3.0,40.0,60.0
INSP00752,2026-01-04,SCH0381,True,True,True,True,True,Rajata Srinivas,Toilets locked,SCH0381,SCH0381,False,01-04-2026,2026-01-04,DASH_MM_DD_AMBIGUOUS,True,False,H,True,False,haan,True,False,TRUE,True,False,Hai,True,False,H,True,False,5.0,0.0,100.0,0.0
INSP00100,2025-01-08,SCH0033,True,True,True,True,True,Onkar Sarma,Average,sch_0033,SCH0033,True,01-08-2025,2025-01-08,DASH_MM_DD_AMBIGUOUS,True,False,Hai,True,False,TRUE,True,False,TRUE,True,False,haan,True,False,1,True,False,5.0,0.0,100.0,0.0
INSP01923,2025-04-05,SCH0253,True,True,True,True,False,Harita Toor,Needs repair,SCH0253,SCH0253,False,05-Apr-25,2025-04-05,TEXT_MONTH,False,False,Hai,True,False,Yes,True,False,Functional,True,False,H,True,False,FALSE,False,False,4.0,1.0,80.0,20.0
INSP00867,2025-01-10,SCH0495,True,True,True,True,True,Robert Pradhan,,495,SCH0495,True,01-10-2025,2025-01-10,DASH_MM_DD_AMBIGUOUS,True,False,Yes,True,False,TRUE,True,False,TRUE,True,False,TRUE,True,False,TRUE,True,False,5.0,0.0,100.0,0.0
INSP00911,2025-09-18,SCH0400,False,True,True,True,True,,Toilets locked,SCH-0400,SCH0400,True,18-09-2025,2025-09-18,DASH_DD_MM_YYYY,False,False,FALSE,False,False,TRUE,True,False,TRUE,True,False,Functional,True,False,1,True,False,4.0,1.0,80.0,20.0
INSP01477,2025-09-15,SCH0297,False,True,True,True,True,Sanya Tata,Average,sch0297,SCH0297,True,09-15-2025,2025-09-15,DASH_MM_DD_YYYY,False,False,na,False,False,TRUE,True,False,Haan,True,False,Yes,True,False,TRUE,True,False,4.0,1.0,80.0,20.0
INSP00530,2025-12-15,SCH0524,True,,True,False,True,Jonathan Narasimhan,Average,524,SCH0524,True,12-15-2025,2025-12-15,DASH_MM_DD_YYYY,False,False,TRUE,True,False,,,True,TRUE,True,False,Nahi hai,False,False,Hai,True,False,3.0,1.0,60.0,20.0
INSP01261,2025-07-04,SCH0204,True,False,True,False,False,,Toilets locked,SCH0204,SCH0204,False,07-04-2025,2025-07-04,DASH_MM_DD_AMBIGUOUS,True,False,1,True,False,FALSE,False,False,TRUE,True,False,FALSE,False,False,Broken,False,False,2.0,3.0,40.0,60.0
INSP01832,2025-11-15,SCH0362,False,True,True,False,True,Devansh Rai,,sch_0362,SCH0362,True,15-11-2025,2025-11-15,DASH_DD_MM_YYYY,False,False,FALSE,False,False,TRUE,True,False,Hai,True,False,Nahi hai,False,False,Haan,True,False,3.0,2.0,60.0,40.0
INSP00637,2025-10-27,SCH0038,True,False,True,False,False,Noah Mittal,Good condition,SCH0038,SCH0038,False,27-10-2025,2025-10-27,DASH_DD_MM_YYYY,False,False,Y,True,False,FALSE,False,False,haan,True,False,Kharab,False,False,FALSE,False,False,2.0,3.0,40.0,60.0
INSP01270,2025-11-11,SCH0056,True,True,True,True,True,Jeevika Gola,Good condition,SCH0056,SCH0056,False,11-11-2025,2025-11-11,DASH_MM_DD_AMBIGUOUS,True,False,TRUE,True,False,Available,True,False,TRUE,True,False,TRUE,True,False,Yes,True,False,5.0,0.0,100.0,0.0
INSP00186,2025-08-28,SCH0179,True,True,True,True,True,Charita Karan,,SCH-0179,SCH0179,True,28-Aug-25,2025-08-28,TEXT_MONTH,False,False,Yes,True,False,TRUE,True,False,TRUE,True,False,TRUE,True,False,TRUE,True,False,5.0,0.0,100.0,0.0
INSP01382,2025-11-16,SCH0306,True,False,False,True,True,Ekbal Dalal,No remarks,SCH0306,SCH0306,False,16-11-2025,2025-11-16,DASH_DD_MM_YYYY,False,False,Haan,True,False,Nahi,False,False,FALSE,False,False,H,True,False,TRUE,True,False,3.0,2.0,60.0,40.0
INSP01568,2025-06-27,SCH0076,True,True,,True,False,Abdul Kara,Average,sch_0076,SCH0076,True,27-06-2025,2025-06-27,DASH_DD_MM_YYYY,False,False,Y,True,False,TRUE,True,False,,,True,haan,True,False,FALSE,False,False,3.0,1.0,60.0,20.0
INSP00932,2025-09-23,SCH0311,True,,True,,False,Barkha Chaudhuri,Toilets locked,SCH0311,SCH0311,False,23-09-2025,2025-09-23,DASH_DD_MM_YYYY,False,False,Available,True,False,,,True,TRUE,True,False,,,True,0,False,False,2.0,1.0,40.0,20.0
INSP02877,2025-06-08,SCH0404,False,True,True,True,False,Anika Deshmukh,,sch_0404,SCH0404,True,08.06.2025,2025-06-08,DOT_DD_MM_AMBIGUOUS,True,False,FALSE,False,False,TRUE,True,False,Working,True,False,Working,True,False,FALSE,False,False,3.0,2.0,60.0,40.0
INSP01559,2025-11-03,SCH0544,True,True,False,False,False,Triya Acharya,No remarks,SCH0544,SCH0544,False,11-03-2025,2025-11-03,DASH_MM_DD_AMBIGUOUS,True,False,H,True,False,TRUE,True,False,Nahi hai,False,False,Under Repair,False,False,FALSE,False,False,2.0,3.0,40.0,60.0
INSP02810,2025-08-16,SCH0587,False,True,True,False,True,Mohammed Wable,Average,SCH-0587,SCH0587,True,16-08-2025,2025-08-16,DASH_DD_MM_YYYY,False,False,Broken,False,False,TRUE,True,False,TRUE,True,False,FALSE,False,False,Hai,True,False,3.0,2.0,60.0,40.0
INSP01274,2025-07-14,SCH0356,,True,False,True,True,Ekaja Guha,Average,SCH0356,SCH0356,False,14-Jul-25,2025-07-14,TEXT_MONTH,False,False,,,True,TRUE,True,False,FALSE,False,False,TRUE,True,False,H,True,False,3.0,1.0,60.0,20.0
INSP02180,2025-10-25,SCH0591,True,True,True,False,True,Advaith Badal,Average,sch_0591,SCH0591,True,25.10.2025,2025-10-25,DOT_DD_MM_YYYY,False,False,Yes,True,False,TRUE,True,False,TRUE,True,False,FALSE,False,False,TRUE,True,False,4.0,1.0,80.0,20.0
INSP00608,2025-08-26,SCH0580,True,True,False,True,False,David Viswanathan,Toilets locked,sch_0580,SCH0580,True,26-08-2025,2025-08-26,DASH_DD_MM_YYYY,False,False,Y,True,False,TRUE,True,False,No,False,False,TRUE,True,False,FALSE,False,False,3.0,2.0,60.0,40.0
INSP01503,2025-10-16,SCH0140,True,True,True,True,True,Krishna Thaman,Needs repair,SCH0140,SCH0140,False,16-10-2025,2025-10-16,DASH_DD_MM_YYYY,False,False,TRUE,True,False,TRUE,True,False,TRUE,True,False,TRUE,True,False,1,True,False,5.0,0.0,100.0,0.0
INSP00152,2025-05-10,SCH0127,False,True,True,True,False,Zayan Ramakrishnan,Good condition,SCH-0127,SCH0127,True,05-10-2025,2025-05-10,DASH_MM_DD_AMBIGUOUS,True,False,No,False,False,TRUE,True,False,Functional,True,False,TRUE,True,False,FALSE,False,False,3.0,2.0,60.0,40.0
INSP01437,2025-03-04,SCH0373,True,True,True,False,False,Aadhya Sachar,Needs repair,SCH0373,SCH0373,False,03-04-2025,2025-03-04,DASH_MM_DD_AMBIGUOUS,True,False,Hai,True,False,Haan,True,False,TRUE,True,False,na,False,False,FALSE,False,False,3.0,2.0,60.0,40.0
INSP02260,2025-06-22,SCH0239,True,True,,False,True,Girik Wable,No remarks,SCH0239,SCH0239,False,22-Jun-25,2025-06-22,TEXT_MONTH,False,False,Haan,True,False,TRUE,True,False,,,True,FALSE,False,False,TRUE,True,False,3.0,1.0,60.0,20.0
INSP00732,2025-09-13,SCH0480,True,True,False,True,True,Lopa Balay,No remarks,SCH0480,SCH0480,False,13.09.2025,2025-09-13,DOT_DD_MM_YYYY,False,False,TRUE,True,False,Y,True,False,Nahi,False,False,Available,True,False,TRUE,True,False,4.0,1.0,80.0,20.0
INSP02857,2026-02-10,SCH0305,False,False,True,True,True,Vasudha Badami,Toilets locked,SCH0305,SCH0305,False,02-10-2026,2026-02-10,DASH_MM_DD_AMBIGUOUS,True,False,na,False,False,na,False,False,Haan,True,False,TRUE,True,False,TRUE,True,False,3.0,2.0,60.0,40.0
INSP02869,2025-04-21,SCH0566,True,True,True,True,True,Rajeshri Mitra,Toilets locked,SCH0566,SCH0566,False,21-04-2025,2025-04-21,DASH_DD_MM_YYYY,False,False,TRUE,True,False,haan,True,False,TRUE,True,False,Yes,True,False,TRUE,True,False,5.0,0.0,100.0,0.0
INSP00024,2026-03-09,SCH0056,True,True,True,True,False,Bhavna Kamdar,No remarks,SCH0056,SCH0056,False,03-09-2026,2026-03-09,DASH_MM_DD_AMBIGUOUS,True,False,TRUE,True,False,TRUE,True,False,1,True,False,TRUE,True,False,Not Available,False,False,4.0,1.0,80.0,20.0
INSP02627,2025-09-16,SCH0495,False,True,True,True,True,Arunima Krishna,Average,S0495,SCH0495,True,16.09.2025,2025-09-16,DOT_DD_MM_YYYY,False,False,FALSE,False,False,TRUE,True,False,TRUE,True,False,haan,True,False,TRUE,True,False,4.0,1.0,80.0,20.0
INSP00159,2025-10-14,SCH0559,True,True,True,False,False,Nidra Rout,Good condition,SCH0559,SCH0559,False,14.10.2025,2025-10-14,DOT_DD_MM_YYYY,False,False,TRUE,True,False,TRUE,True,False,TRUE,True,False,0,False,False,Nahi hai,False,False,3.0,2.0,60.0,40.0
INSP00862,2025-09-05,SCH0168,False,True,False,True,False,Ishanvi Patil,,SCH0168,SCH0168,False,09-05-2025,2025-09-05,DASH_MM_DD_AMBIGUOUS,True,False,N,False,False,Yes,True,False,FALSE,False,False,H,True,False,FALSE,False,False,2.0,3.0,40.0,60.0
INSP00903,2026-02-24,SCH0331,True,True,False,False,True,Aachal Tella,Toilets locked,SCH-0331,SCH0331,True,24-02-2026,2026-02-24,DASH_DD_MM_YYYY,False,False,Working,True,False,H,True,False,FALSE,False,False,N,False,False,H,True,False,3.0,2.0,60.0,40.0
INSP02981,2026-02-25,SCH0253,True,True,False,False,True,Balendra More,Toilets locked,253,SCH0253,True,25-Feb-26,2026-02-25,TEXT_MONTH,False,False,TRUE,True,False,TRUE,True,False,FALSE,False,False,FALSE,False,False,TRUE,True,False,3.0,2.0,60.0,40.0
INSP01231,2025-08-25,SCH0243,True,True,True,,True,Balveer Garde,Needs repair,SCH-0243,SCH0243,True,25-08-2025,2025-08-25,DASH_DD_MM_YYYY,False,False,TRUE,True,False,1,True,False,TRUE,True,False,,,True,TRUE,True,False,4.0,0.0,80.0,0.0
INSP02377,2025-12-12,SCH0540,True,True,True,False,False,Bina Deshpande,Average,SCH0540,SCH0540,False,12-Dec-25,2025-12-12,TEXT_MONTH,False,False,TRUE,True,False,TRUE,True,False,1,True,False,Kharab,False,False,Nahi hai,False,False,3.0,2.0,60.0,40.0
INSP00445,2025-07-09,SCH0569,True,True,True,False,False,Hiral Ray,Toilets locked,SCH-0569,SCH0569,True,09-Jul-25,2025-07-09,TEXT_MONTH,False,False,H,True,False,1,True,False,Haan,True,False,FALSE,False,False,Kharab,False,False,3.0,2.0,60.0,40.0
INSP00755,2025-07-15,SCH0575,True,True,True,True,False,Dayita Om,Toilets locked,S0575,SCH0575,True,15-07-2025,2025-07-15,DASH_DD_MM_YYYY,False,False,Available,True,False,Functional,True,False,TRUE,True,False,H,True,False,na,False,False,4.0,1.0,80.0,20.0
INSP00924,2025-12-10,SCH0155,True,True,True,True,True,Lucky Ratti,Needs repair,SCH-0155,SCH0155,True,12-10-2025,2025-12-10,DASH_MM_DD_AMBIGUOUS,True,False,TRUE,True,False,Hai,True,False,Yes,True,False,1,True,False,TRUE,True,False,5.0,0.0,100.0,0.0
INSP02988,2025-03-05,SCH0242,False,True,True,True,False,Janaki Bajwa,Average,SCH0242,SCH0242,False,03-05-2025,2025-03-05,DASH_MM_DD_AMBIGUOUS,True,False,No,False,False,Haan,True,False,TRUE,True,False,Yes,True,False,FALSE,False,False,3.0,2.0,60.0,40.0
INSP00312,2026-03-23,SCH0175,True,True,True,False,True,Nihal Panchal,Needs repair,sch0175,SCH0175,True,03-23-2026,2026-03-23,DASH_MM_DD_YYYY,False,False,TRUE,True,False,Haan,True,False,TRUE,True,False,FALSE,False,False,TRUE,True,False,4.0,1.0,80.0,20.0
INSP00549,2026-01-29,SCH0429,True,True,True,False,False,Lila Oak,Toilets locked,SCH0429,SCH0429,False,29-01-2026,2026-01-29,DASH_DD_MM_YYYY,False,False,1,True,False,Yes,True,False,TRUE,True,False,FALSE,False,False,FALSE,False,False,3.0,2.0,60.0,40.0
INSP02105,2026-01-23,SCH0173,True,True,False,False,False,Ati Sankar,No remarks,S0173,SCH0173,True,23-Jan-26,2026-01-23,TEXT_MONTH,False,False,TRUE,True,False,TRUE,True,False,Not Available,False,False,FALSE,False,False,FALSE,False,False,2.0,3.0,40.0,60.0
INSP01625,2025-04-13,SCH0498,False,True,True,False,False,Kevin Gole,,SCH0498,SCH0498,False,13-04-2025,2025-04-13,DASH_DD_MM_YYYY,False,False,FALSE,False,False,TRUE,True,False,TRUE,True,False,0,False,False,Nahi,False,False,2.0,3.0,40.0,60.0
INSP00307,2025-12-28,SCH0595,True,True,True,True,False,David Pillai,Good condition,sch0595,SCH0595,True,28-12-2025,2025-12-28,DASH_DD_MM_YYYY,False,False,TRUE,True,False,TRUE,True,False,TRUE,True,False,H,True,False,Nahi hai,False,False,4.0,1.0,80.0,20.0
INSP00288,2025-11-03,SCH0283,True,False,True,True,True,,Needs repair,S0283,SCH0283,True,03-Nov-25,2025-11-03,TEXT_MONTH,False,False,Yes,True,False,FALSE,False,False,TRUE,True,False,TRUE,True,False,Haan,True,False,4.0,1.0,80.0,20.0
INSP00695,2025-04-09,SCH0278,True,True,True,True,True,Nimrat Prashad,Needs repair,sch_0278,SCH0278,True,09-Apr-25,2025-04-09,TEXT_MONTH,False,False,TRUE,True,False,TRUE,True,False,H,True,False,H,True,False,TRUE,True,False,5.0,0.0,100.0,0.0
INSP00309,2025-10-05,SCH0487,True,True,True,False,False,Osha Kant,Average,SCH0487,SCH0487,False,10-05-2025,2025-10-05,DASH_MM_DD_AMBIGUOUS,True,False,TRUE,True,False,TRUE,True,False,Available,True,False,Nahi hai,False,False,na,False,False,3.0,2.0,60.0,40.0
INSP02444,2026-01-01,SCH0286,True,True,False,True,True,Qarin Mandal,Average,sch0286,SCH0286,True,01-01-2026,2026-01-01,DASH_MM_DD_AMBIGUOUS,True,False,TRUE,True,False,haan,True,False,0,False,False,TRUE,True,False,TRUE,True,False,4.0,1.0,80.0,20.0
INSP00750,2026-03-24,SCH0080,False,True,True,True,True,Udant Sehgal,Toilets locked,sch_0080,SCH0080,True,24.03.2026,2026-03-24,DOT_DD_MM_YYYY,False,False,FALSE,False,False,TRUE,True,False,Haan,True,False,TRUE,True,False,TRUE,True,False,4.0,1.0,80.0,20.0
INSP01602,2026-03-02,SCH0323,True,True,True,,True,Zarna Rama,,SCH0323,SCH0323,False,03-02-2026,2026-03-02,DASH_MM_DD_AMBIGUOUS,True,False,TRUE,True,False,TRUE,True,False,1,True,False,,,True,TRUE,True,False,4.0,0.0,80.0,0.0
INSP01691,2025-07-29,SCH0570,True,True,True,True,False,Advay Sandhu,Average,570,SCH0570,True,29.07.2025,2025-07-29,DOT_DD_MM_YYYY,False,False,TRUE,True,False,Y,True,False,TRUE,True,False,Y,True,False,na,False,False,4.0,1.0,80.0,20.0
INSP01577,2026-03-24,SCH0552,,True,True,,False,,Good condition,SCH-0552,SCH0552,True,24-03-2026,2026-03-24,DASH_DD_MM_YYYY,False,False,,,True,TRUE,True,False,Haan,True,False,,,True,FALSE,False,False,2.0,1.0,40.0,20.0
INSP00909,2025-06-16,SCH0112,True,True,,True,True,Zarna Purohit,No remarks,sch_0112,SCH0112,True,16-Jun-25,2025-06-16,TEXT_MONTH,False,False,H,True,False,Y,True,False,,,True,1,True,False,TRUE,True,False,4.0,0.0,80.0,0.0
INSP00087,2025-12-27,SCH0568,False,True,True,True,True,Sachi Vyas,Average,SCH0568,SCH0568,False,27-12-2025,2025-12-27,DASH_DD_MM_YYYY,False,False,No,False,False,TRUE,True,False,TRUE,True,False,TRUE,True,False,1,True,False,4.0,1.0,80.0,20.0
INSP02504,2025-06-08,SCH0059,True,True,True,True,False,Fitan Kanda,No remarks,SCH-0059,SCH0059,True,06-08-2025,2025-06-08,DASH_MM_DD_AMBIGUOUS,True,False,H,True,False,TRUE,True,False,TRUE,True,False,Yes,True,False,N,False,False,4.0,1.0,80.0,20.0
INSP02958,2025-06-28,SCH0264,True,True,False,True,False,Michael Amble,Toilets locked,SCH0264,SCH0264,False,28.06.2025,2025-06-28,DOT_DD_MM_YYYY,False,False,Yes,True,False,Working,True,False,Nahi,False,False,TRUE,True,False,Under Repair,False,False,3.0,2.0,60.0,40.0
INSP02624,2025-01-09,SCH0035,False,True,True,True,True,Mugdha Dasgupta,No remarks,SCH0035,SCH0035,False,01-09-2025,2025-01-09,DASH_MM_DD_AMBIGUOUS,True,False,FALSE,False,False,Yes,True,False,H,True,False,TRUE,True,False,TRUE,True,False,4.0,1.0,80.0,20.0
INSP00971,2025-08-22,SCH0547,True,True,True,,True,Jairaj Jaggi,Needs repair,SCH0547,SCH0547,False,22-08-2025,2025-08-22,DASH_DD_MM_YYYY,False,False,Yes,True,False,TRUE,True,False,TRUE,True,False,,,True,TRUE,True,False,4.0,0.0,80.0,0.0
INSP00014,2026-05-01,SCH0325,True,True,False,True,True,Falan Sankaran,Needs repair,SCH-0325,SCH0325,True,05-01-2026,2026-05-01,DASH_MM_DD_AMBIGUOUS,True,False,Functional,True,False,TRUE,True,False,FALSE,False,False,haan,True,False,Haan,True,False,4.0,1.0,80.0,20.0
INSP00874,2025-12-09,SCH0011,True,True,True,False,True,,Needs repair,SCH0011,SCH0011,False,12-09-2025,2025-12-09,DASH_MM_DD_AMBIGUOUS,True,False,1,True,False,TRUE,True,False,1,True,False,Nahi,False,False,haan,True,False,4.0,1.0,80.0,20.0
INSP00809,2026-01-28,SCH0064,False,True,False,False,True,Viraj Barad,Good condition,sch_0064,SCH0064,True,28-01-2026,2026-01-28,DASH_DD_MM_YYYY,False,False,No,False,False,TRUE,True,False,Not Available,False,False,FALSE,False,False,TRUE,True,False,2.0,3.0,40.0,60.0
INSP02711,2026-02-23,SCH0168,False,True,False,False,True,Zehaan Kumer,Toilets locked,SCH0168,SCH0168,False,23-02-2026,2026-02-23,DASH_DD_MM_YYYY,False,False,FALSE,False,False,Haan,True,False,FALSE,False,False,Broken,False,False,TRUE,True,False,2.0,3.0,40.0,60.0
INSP00515,2025-05-04,SCH0548,True,True,True,True,False,Vidhi Khalsa,No remarks,SCH-0548,SCH0548,True,05-04-2025,2025-05-04,DASH_MM_DD_AMBIGUOUS,True,False,Haan,True,False,TRUE,True,False,Available,True,False,TRUE,True,False,na,False,False,4.0,1.0,80.0,20.0
INSP02779,2026-08-02,SCH0481,True,True,True,True,False,Sai Mahal,Needs repair,sch0481,SCH0481,True,08-02-2026,2026-08-02,DASH_MM_DD_AMBIGUOUS,True,False,TRUE,True,False,H,True,False,TRUE,True,False,Working,True,False,na,False,False,4.0,1.0,80.0,20.0
INSP00410,2025-03-11,SCH0072,True,True,True,False,False,Wishi Babu,,sch0072,SCH0072,True,03-11-2025,2025-03-11,DASH_MM_DD_AMBIGUOUS,True,False,1,True,False,H,True,False,Haan,True,False,No,False,False,FALSE,False,False,3.0,2.0,60.0,40.0
INSP02010,2025-09-18,SCH0206,True,True,True,False,True,Praneel Bhandari,No remarks,sch_0206,SCH0206,True,18-09-2025,2025-09-18,DASH_DD_MM_YYYY,False,False,H,True,False,TRUE,True,False,TRUE,True,False,N,False,False,TRUE,True,False,4.0,1.0,80.0,20.0
INSP01338,2026-01-17,SCH0261,True,True,,True,False,Mitali Krishnamurthy,No remarks,SCH0261,SCH0261,False,17-01-2026,2026-01-17,DASH_DD_MM_YYYY,False,False,Functional,True,False,Yes,True,False,,,True,TRUE,True,False,FALSE,False,False,3.0,1.0,60.0,20.0
INSP02383,2026-02-05,SCH0199,False,True,True,False,False,Siya Grover,No remarks,199,SCH0199,True,02-05-2026,2026-02-05,DASH_MM_DD_AMBIGUOUS,True,False,Broken,False,False,Functional,True,False,TRUE,True,False,FALSE,False,False,FALSE,False,False,2.0,3.0,40.0,60.0
INSP01462,2025-06-03,SCH0138,False,True,True,True,False,Nidra Dasgupta,Toilets locked,sch_0138,SCH0138,True,03-Jun-25,2025-06-03,TEXT_MONTH,False,False,Kharab,False,False,Y,True,False,TRUE,True,False,TRUE,True,False,N,False,False,3.0,2.0,60.0,40.0
INSP01371,2026-03-01,SCH0275,False,True,True,,False,Laban Menon,Average,SCH0275,SCH0275,False,01.03.2026,2026-03-01,DOT_DD_MM_AMBIGUOUS,True,False,FALSE,False,False,Haan,True,False,Y,True,False,,,True,Nahi hai,False,False,2.0,2.0,40.0,40.0
INSP02807,2025-09-02,SCH0259,True,True,True,False,False,Aachal Johal,Good condition,SCH0259,SCH0259,False,02-Sep-25,2025-09-02,TEXT_MONTH,False,False,TRUE,True,False,1,True,False,Available,True,False,Nahi hai,False,False,FALSE,False,False,3.0,2.0,60.0,40.0
INSP01585,2025-09-15,SCH0263,True,True,,True,True,Chasmum Mittal,Good condition,sch0263,SCH0263,True,15-09-2025,2025-09-15,DASH_DD_MM_YYYY,False,False,1,True,False,1,True,False,,,True,H,True,False,Y,True,False,4.0,0.0,80.0,0.0
INSP00383,2025-09-17,SCH0473,True,True,True,False,False,Fariq Naidu,Needs repair,SCH0473,SCH0473,False,09-17-2025,2025-09-17,DASH_MM_DD_YYYY,False,False,TRUE,True,False,1,True,False,TRUE,True,False,Nahi,False,False,FALSE,False,False,3.0,2.0,60.0,40.0
INSP02016,2025-04-07,SCH0201,True,False,True,False,True,Ojas Garde,Good condition,201,SCH0201,True,04-07-2025,2025-04-07,DASH_MM_DD_AMBIGUOUS,True,False,TRUE,True,False,FALSE,False,False,TRUE,True,False,Not Available,False,False,H,True,False,3.0,2.0,60.0,40.0
INSP02663,2025-09-29,SCH0229,True,True,True,True,True,Falguni Dasgupta,,SCH-0229,SCH0229,True,29.09.2025,2025-09-29,DOT_DD_MM_YYYY,False,False,TRUE,True,False,Hai,True,False,TRUE,True,False,TRUE,True,False,Y,True,False,5.0,0.0,100.0,0.0
INSP02496,2025-10-09,SCH0243,False,True,False,True,True,Garima Mane,No remarks,SCH0243,SCH0243,False,10-09-2025,2025-10-09,DASH_MM_DD_AMBIGUOUS,True,False,FALSE,False,False,Y,True,False,Nahi hai,False,False,TRUE,True,False,TRUE,True,False,3.0,2.0,60.0,40.0
INSP02462,2025-07-07,SCH0016,True,True,True,True,,Viraj Batta,Toilets locked,SCH0016,SCH0016,False,07-07-2025,2025-07-07,DASH_MM_DD_AMBIGUOUS,True,False,TRUE,True,False,TRUE,True,False,TRUE,True,False,H,True,False,,,True,4.0,0.0,80.0,0.0
INSP01848,2026-01-18,SCH0051,True,True,True,True,False,Oscar Maharaj,Good condition,sch_0051,SCH0051,True,18-01-2026,2026-01-18,DASH_DD_MM_YYYY,False,False,Haan,True,False,Haan,True,False,1,True,False,TRUE,True,False,FALSE,False,False,4.0,1.0,80.0,20.0
INSP02059,2026-01-16,SCH0145,True,True,True,False,,Chaitaly Mutti,Good condition,SCH0145,SCH0145,False,16-01-2026,2026-01-16,DASH_DD_MM_YYYY,False,False,TRUE,True,False,Y,True,False,Haan,True,False,Nahi hai,False,False,,,True,3.0,1.0,60.0,20.0
INSP02629,2026-03-22,SCH0448,True,True,True,False,True,Jeremiah Sidhu,Toilets locked,SCH0448,SCH0448,False,03-22-2026,2026-03-22,DASH_MM_DD_YYYY,False,False,Y,True,False,TRUE,True,False,TRUE,True,False,FALSE,False,False,TRUE,True,False,4.0,1.0,80.0,20.0
INSP00553,2025-08-25,SCH0245,True,True,True,False,False,Jagvi Kumar,,SCH0245,SCH0245,False,25-Aug-25,2025-08-25,TEXT_MONTH,False,False,haan,True,False,Y,True,False,TRUE,True,False,Not Available,False,False,FALSE,False,False,3.0,2.0,60.0,40.0
INSP00223,2025-10-14,SCH0027,False,False,,False,False,Shravya Divan,,SCH0027,SCH0027,False,14-10-2025,2025-10-14,DASH_DD_MM_YYYY,False,False,N,False,False,Nahi,False,False,,,True,Not Available,False,False,Broken,False,False,0.0,4.0,0.0,80.0
INSP01097,2025-07-25,SCH0530,True,True,,True,False,Jagat Pathak,Toilets locked,S0530,SCH0530,True,25-07-2025,2025-07-25,DASH_DD_MM_YYYY,False,False,Functional,True,False,TRUE,True,False,,,True,TRUE,True,False,N,False,False,3.0,1.0,60.0,20.0
INSP00009,2025-12-29,SCH0555,True,True,True,True,True,Benjamin Bali,Needs repair,SCH0555,SCH0555,False,29-12-2025,2025-12-29,DASH_DD_MM_YYYY,False,False,TRUE,True,False,Available,True,False,Y,True,False,TRUE,True,False,TRUE,True,False,5.0,0.0,100.0,0.0
INSP02863,2026-01-23,SCH0586,,True,True,False,True,Onkar Mohanty,Needs repair,SCH0586,SCH0586,False,23-Jan-26,2026-01-23,TEXT_MONTH,False,False,,,True,Hai,True,False,Hai,True,False,Under Repair,False,False,Hai,True,False,3.0,1.0,60.0,20.0
INSP00317,2026-02-25,SCH0154,True,True,False,True,True,Chatresh Naik,,sch_0154,SCH0154,True,25-02-2026,2026-02-25,DASH_DD_MM_YYYY,False,False,TRUE,True,False,Hai,True,False,FALSE,False,False,TRUE,True,False,Hai,True,False,4.0,1.0,80.0,20.0
INSP01329,2025-04-16,SCH0151,True,True,False,True,False,Praneel Keer,Toilets locked,SCH0151,SCH0151,False,16-Apr-25,2025-04-16,TEXT_MONTH,False,False,H,True,False,H,True,False,FALSE,False,False,Y,True,False,FALSE,False,False,3.0,2.0,60.0,40.0
INSP00428,2025-06-28,SCH0207,,True,True,False,True,Robert Sarraf,Average,SCH0207,SCH0207,False,28.06.2025,2025-06-28,DOT_DD_MM_YYYY,False,False,,,True,Yes,True,False,TRUE,True,False,N,False,False,Hai,True,False,3.0,1.0,60.0,20.0
INSP00106,2026-01-17,SCH0441,True,True,True,True,True,Pahal Upadhyay,Needs repair,441,SCH0441,True,17.01.2026,2026-01-17,DOT_DD_MM_YYYY,False,False,TRUE,True,False,TRUE,True,False,TRUE,True,False,TRUE,True,False,TRUE,True,False,5.0,0.0,100.0,0.0
INSP02241,2025-05-22,SCH0505,True,True,False,False,False,Zaitra Narula,No remarks,SCH0505,SCH0505,False,22-May-25,2025-05-22,TEXT_MONTH,False,False,Haan,True,False,1,True,False,FALSE,False,False,Not Available,False,False,FALSE,False,False,2.0,3.0,40.0,60.0
INSP00143,2025-12-13,SCH0402,True,True,True,True,True,Bhavya Mannan,Good condition,sch0402,SCH0402,True,13-Dec-25,2025-12-13,TEXT_MONTH,False,False,TRUE,True,False,TRUE,True,False,TRUE,True,False,haan,True,False,Available,True,False,5.0,0.0,100.0,0.0
INSP00122,2025-07-03,SCH0359,True,True,False,True,False,Geetika Sampath,Average,SCH0359,SCH0359,False,03.07.2025,2025-07-03,DOT_DD_MM_AMBIGUOUS,True,False,TRUE,True,False,H,True,False,FALSE,False,False,Available,True,False,No,False,False,3.0,2.0,60.0,40.0
INSP02495,2025-07-26,SCH0504,,True,True,True,False,Vedhika Srinivas,Average,sch0504,SCH0504,True,26.07.2025,2025-07-26,DOT_DD_MM_YYYY,False,False,,,True,Hai,True,False,Functional,True,False,Functional,True,False,FALSE,False,False,3.0,1.0,60.0,20.0
INSP01190,2026-08-03,SCH0496,False,True,True,True,True,Damini Madan,Good condition,SCH-0496,SCH0496,True,08-03-2026,2026-08-03,DASH_MM_DD_AMBIGUOUS,True,False,Nahi hai,False,False,haan,True,False,H,True,False,TRUE,True,False,TRUE,True,False,4.0,1.0,80.0,20.0
INSP02081,2026-02-14,SCH0443,,True,False,True,False,Hema Basu,Good condition,SCH0443,SCH0443,False,02-14-2026,2026-02-14,DASH_MM_DD_YYYY,False,False,,,True,TRUE,True,False,Nahi hai,False,False,1,True,False,na,False,False,2.0,2.0,40.0,40.0
INSP02783,2025-07-17,SCH0480,True,True,True,True,False,Oni Bhagat,,sch0480,SCH0480,True,17-Jul-25,2025-07-17,TEXT_MONTH,False,False,1,True,False,TRUE,True,False,TRUE,True,False,Y,True,False,FALSE,False,False,4.0,1.0,80.0,20.0
INSP02114,2025-10-24,SCH0388,False,True,True,False,False,,,SCH-0388,SCH0388,True,24-10-2025,2025-10-24,DASH_DD_MM_YYYY,False,False,Nahi,False,False,haan,True,False,Hai,True,False,N,False,False,na,False,False,2.0,3.0,40.0,60.0
INSP00116,2026-07-01,SCH0071,False,False,True,True,False,Ekbal Mohanty,Average,S0071,SCH0071,True,07-01-2026,2026-07-01,DASH_MM_DD_AMBIGUOUS,True,False,na,False,False,FALSE,False,False,TRUE,True,False,Hai,True,False,FALSE,False,False,2.0,3.0,40.0,60.0
INSP01570,2026-10-02,SCH0257,True,True,True,True,False,Deepa Kalla,Toilets locked,sch0257,SCH0257,True,10-02-2026,2026-10-02,DASH_MM_DD_AMBIGUOUS,True,False,TRUE,True,False,TRUE,True,False,haan,True,False,TRUE,True,False,Nahi hai,False,False,4.0,1.0,80.0,20.0
INSP02269,2026-08-02,SCH0558,True,True,True,True,True,Prisha Tank,No remarks,SCH-0558,SCH0558,True,08-02-2026,2026-08-02,DASH_MM_DD_AMBIGUOUS,True,False,TRUE,True,False,TRUE,True,False,TRUE,True,False,Working,True,False,TRUE,True,False,5.0,0.0,100.0,0.0
INSP02261,2025-09-20,SCH0509,True,True,True,True,True,Yash Andra,Good condition,SCH0509,SCH0509,False,20-Sep-25,2025-09-20,TEXT_MONTH,False,False,TRUE,True,False,TRUE,True,False,TRUE,True,False,Yes,True,False,haan,True,False,5.0,0.0,100.0,0.0
INSP01818,2025-06-26,SCH0211,True,True,True,True,False,Krisha Sabharwal,Average,SCH0211,SCH0211,False,26-Jun-25,2025-06-26,TEXT_MONTH,False,False,Yes,True,False,Yes,True,False,Y,True,False,Yes,True,False,No,False,False,4.0,1.0,80.0,20.0
INSP01784,2025-07-30,SCH0397,True,True,True,True,False,,Good condition,SCH0397,SCH0397,False,30-Jul-25,2025-07-30,TEXT_MONTH,False,False,1,True,False,TRUE,True,False,TRUE,True,False,Haan,True,False,No,False,False,4.0,1.0,80.0,20.0
INSP02004,2025-05-10,SCH0132,,True,False,True,True,Andrew Raju,Average,sch0132,SCH0132,True,05-10-2025,2025-05-10,DASH_MM_DD_AMBIGUOUS,True,False,,,True,1,True,False,FALSE,False,False,H,True,False,H,True,False,3.0,1.0,60.0,20.0
INSP00673,2025-09-04,SCH0173,True,False,False,True,True,Vrishti Misra,No remarks,SCH-0173,SCH0173,True,04.09.2025,2025-09-04,DOT_DD_MM_AMBIGUOUS,True,False,TRUE,True,False,FALSE,False,False,Nahi,False,False,TRUE,True,False,Hai,True,False,3.0,2.0,60.0,40.0
INSP01727,2025-07-26,SCH0371,False,True,True,True,False,Irya Suri,,SCH0371,SCH0371,False,26-Jul-25,2025-07-26,TEXT_MONTH,False,False,FALSE,False,False,TRUE,True,False,haan,True,False,H,True,False,Nahi hai,False,False,3.0,2.0,60.0,40.0
INSP01819,2026-03-30,SCH0495,True,True,True,False,True,,,S0495,SCH0495,True,30-03-2026,2026-03-30,DASH_DD_MM_YYYY,False,False,Yes,True,False,Y,True,False,Yes,True,False,FALSE,False,False,TRUE,True,False,4.0,1.0,80.0,20.0
INSP02186,2025-04-05,SCH0193,False,True,True,False,True,Aayush Viswanathan,Average,sch_0193,SCH0193,True,04-05-2025,2025-04-05,DASH_MM_DD_AMBIGUOUS,True,False,N,False,False,TRUE,True,False,Available,True,False,N,False,False,Y,True,False,3.0,2.0,60.0,40.0
INSP00592,2025-03-12,SCH0329,True,,False,True,False,Laksh Narayanan,,sch_0329,SCH0329,True,03-12-2025,2025-03-12,DASH_MM_DD_AMBIGUOUS,True,False,Haan,True,False,,,True,FALSE,False,False,Hai,True,False,FALSE,False,False,2.0,2.0,40.0,40.0
INSP02187,2026-01-14,SCH0049,True,True,True,True,True,Idika Vasa,Good condition,SCH0049,SCH0049,False,14.01.2026,2026-01-14,DOT_DD_MM_YYYY,False,False,TRUE,True,False,TRUE,True,False,TRUE,True,False,Working,True,False,TRUE,True,False,5.0,0.0,100.0,0.0
INSP00889,2025-01-07,SCH0379,True,True,True,False,False,Wriddhish Lal,,S0379,SCH0379,True,01-07-2025,2025-01-07,DASH_MM_DD_AMBIGUOUS,True,False,TRUE,True,False,TRUE,True,False,Yes,True,False,0,False,False,FALSE,False,False,3.0,2.0,60.0,40.0
INSP01958,2025-10-18,SCH0525,False,True,True,True,True,Christopher Choudhury,Toilets locked,SCH0525,SCH0525,False,18-10-2025,2025-10-18,DASH_DD_MM_YYYY,False,False,N,False,False,TRUE,True,False,Haan,True,False,TRUE,True,False,TRUE,True,False,4.0,1.0,80.0,20.0
INSP02058,2025-10-16,SCH0588,True,True,,True,False,Vritti Om,No remarks,sch0588,SCH0588,True,10-16-2025,2025-10-16,DASH_MM_DD_YYYY,False,False,Yes,True,False,TRUE,True,False,,,True,Functional,True,False,FALSE,False,False,3.0,1.0,60.0,20.0
INSP00214,2025-08-30,SCH0147,True,True,True,True,True,Balveer Din,Needs repair,SCH0147,SCH0147,False,30-08-2025,2025-08-30,DASH_DD_MM_YYYY,False,False,Available,True,False,TRUE,True,False,H,True,False,TRUE,True,False,Yes,True,False,5.0,0.0,100.0,0.0
INSP00779,2025-08-08,SCH0418,True,True,True,False,,Gaurika Dugal,Good condition,sch_0418,SCH0418,True,08.08.2025,2025-08-08,DOT_DD_MM_AMBIGUOUS,True,False,TRUE,True,False,TRUE,True,False,Haan,True,False,Not Available,False,False,,,True,3.0,1.0,60.0,20.0
INSP01863,2025-08-27,SCH0092,False,,True,False,False,Pratyush Mani,,sch0092,SCH0092,True,27.08.2025,2025-08-27,DOT_DD_MM_YYYY,False,False,Nahi,False,False,,,True,Haan,True,False,Not Available,False,False,na,False,False,1.0,3.0,20.0,60.0
INSP00801,2025-06-08,SCH0552,False,True,True,True,True,Henry Modi,Average,sch0552,SCH0552,True,06-08-2025,2025-06-08,DASH_MM_DD_AMBIGUOUS,True,False,FALSE,False,False,Y,True,False,Available,True,False,haan,True,False,TRUE,True,False,4.0,1.0,80.0,20.0
INSP02610,2025-12-19,SCH0145,,True,True,True,False,Bishakha Subramaniam,No remarks,SCH0145,SCH0145,False,19-12-2025,2025-12-19,DASH_DD_MM_YYYY,False,False,,,True,1,True,False,TRUE,True,False,Y,True,False,Nahi,False,False,3.0,1.0,60.0,20.0
INSP01615,2025-05-22,SCH0534,True,True,True,True,False,Bishakha Baria,Needs repair,S0534,SCH0534,True,05-22-2025,2025-05-22,DASH_MM_DD_YYYY,False,False,Working,True,False,Yes,True,False,TRUE,True,False,Y,True,False,FALSE,False,False,4.0,1.0,80.0,20.0
INSP01703,2025-05-30,SCH0242,True,True,True,True,False,Harini Ahluwalia,Needs repair,SCH0242,SCH0242,False,30.05.2025,2025-05-30,DOT_DD_MM_YYYY,False,False,Y,True,False,TRUE,True,False,TRUE,True,False,H,True,False,N,False,False,4.0,1.0,80.0,20.0
INSP02407,2026-01-16,SCH0533,False,False,,True,False,Ati Lala,Needs repair,S0533,SCH0533,True,16-01-2026,2026-01-16,DASH_DD_MM_YYYY,False,False,FALSE,False,False,FALSE,False,False,,,True,TRUE,True,False,0,False,False,1.0,3.0,20.0,60.0
INSP02915,2025-11-21,SCH0144,,True,True,False,False,Oliver Dubey,,SCH0144,SCH0144,False,21-11-2025,2025-11-21,DASH_DD_MM_YYYY,False,False,,,True,TRUE,True,False,1,True,False,FALSE,False,False,FALSE,False,False,2.0,2.0,40.0,40.0
INSP02986,2025-09-04,SCH0293,True,True,True,True,True,Nandini Mann,Good condition,sch_0293,SCH0293,True,04-Sep-25,2025-09-04,TEXT_MONTH,False,False,Yes,True,False,TRUE,True,False,H,True,False,TRUE,True,False,TRUE,True,False,5.0,0.0,100.0,0.0
INSP02851,2026-03-22,SCH0442,True,False,True,False,True,Yug Chand,Needs repair,S0442,SCH0442,True,22.03.2026,2026-03-22,DOT_DD_MM_YYYY,False,False,TRUE,True,False,FALSE,False,False,TRUE,True,False,0,False,False,1,True,False,3.0,2.0,60.0,40.0
INSP01344,2026-10-03,SCH0450,False,True,True,False,False,Omya Minhas,Good condition,SCH0450,SCH0450,False,10-03-2026,2026-10-03,DASH_MM_DD_AMBIGUOUS,True,False,FALSE,False,False,TRUE,True,False,haan,True,False,FALSE,False,False,No,False,False,2.0,3.0,40.0,60.0
INSP00274,2025-07-21,SCH0453,True,True,True,False,False,Lekha Khanna,Average,SCH0453,SCH0453,False,21.07.2025,2025-07-21,DOT_DD_MM_YYYY,False,False,TRUE,True,False,TRUE,True,False,TRUE,True,False,0,False,False,N,False,False,3.0,2.0,60.0,40.0
INSP00072,2025-09-23,SCH0321,,True,True,False,False,,Good condition,SCH0321,SCH0321,False,23-Sep-25,2025-09-23,TEXT_MONTH,False,False,,,True,Haan,True,False,TRUE,True,False,No,False,False,FALSE,False,False,2.0,2.0,40.0,40.0
INSP02534,2025-05-29,SCH0023,True,True,True,False,False,Avi Rau,,SCH0023,SCH0023,False,29-05-2025,2025-05-29,DASH_DD_MM_YYYY,False,False,TRUE,True,False,haan,True,False,Y,True,False,na,False,False,FALSE,False,False,3.0,2.0,60.0,40.0
INSP01088,2025-07-31,SCH0316,True,True,True,True,False,Chatura Cheema,No remarks,S0316,SCH0316,True,31-07-2025,2025-07-31,DASH_DD_MM_YYYY,False,False,TRUE,True,False,TRUE,True,False,1,True,False,TRUE,True,False,FALSE,False,False,4.0,1.0,80.0,20.0
INSP00395,2026-02-28,SCH0191,True,,True,True,False,Harita Balan,Average,sch_0191,SCH0191,True,28-Feb-26,2026-02-28,TEXT_MONTH,False,False,Haan,True,False,,,True,Haan,True,False,Working,True,False,0,False,False,3.0,1.0,60.0,20.0
INSP00584,2025-08-09,SCH0196,True,True,True,False,False,Tanmayi Mann,Good condition,SCH0196,SCH0196,False,09.08.2025,2025-08-09,DOT_DD_MM_AMBIGUOUS,True,False,TRUE,True,False,Available,True,False,Available,True,False,na,False,False,FALSE,False,False,3.0,2.0,60.0,40.0
INSP01704,2025-06-04,SCH0433,False,,True,True,True,Gaurang Bandi,No remarks,SCH0433,SCH0433,False,06-04-2025,2025-06-04,DASH_MM_DD_AMBIGUOUS,True,False,No,False,False,,,True,Functional,True,False,TRUE,True,False,Functional,True,False,3.0,1.0,60.0,20.0
INSP02124,2025-04-27,SCH0043,True,True,True,True,True,,,SCH0043,SCH0043,False,27-Apr-25,2025-04-27,TEXT_MONTH,False,False,TRUE,True,False,Y,True,False,Haan,True,False,Haan,True,False,1,True,False,5.0,0.0,100.0,0.0
INSP02130,2025-02-10,SCH0199,True,True,True,False,True,,No remarks,SCH0199,SCH0199,False,02-10-2025,2025-02-10,DASH_MM_DD_AMBIGUOUS,True,False,H,True,False,Available,True,False,Functional,True,False,N,False,False,TRUE,True,False,4.0,1.0,80.0,20.0
INSP00501,2025-05-22,SCH0126,True,False,True,False,False,Chandresh Bava,Toilets locked,SCH0126,SCH0126,False,22-May-25,2025-05-22,TEXT_MONTH,False,False,TRUE,True,False,Not Available,False,False,TRUE,True,False,FALSE,False,False,Nahi,False,False,2.0,3.0,40.0,60.0
INSP02894,2025-06-19,SCH0479,True,,False,False,False,Faraj Nori,Good condition,SCH0479,SCH0479,False,19-06-2025,2025-06-19,DASH_DD_MM_YYYY,False,False,Haan,True,False,,,True,FALSE,False,False,Nahi hai,False,False,No,False,False,1.0,3.0,20.0,60.0
INSP02343,2025-09-07,SCH0320,True,False,True,True,False,Zayyan Khare,Good condition,sch_0320,SCH0320,True,09-07-2025,2025-09-07,DASH_MM_DD_AMBIGUOUS,True,False,TRUE,True,False,No,False,False,TRUE,True,False,TRUE,True,False,FALSE,False,False,3.0,2.0,60.0,40.0
INSP02881,2025-12-25,SCH0080,False,True,,True,True,Vansha Solanki,Average,SCH0080,SCH0080,False,25-12-2025,2025-12-25,DASH_DD_MM_YYYY,False,False,Nahi,False,False,1,True,False,,,True,TRUE,True,False,Hai,True,False,3.0,1.0,60.0,20.0
INSP01652,2025-12-25,SCH0088,True,True,True,True,True,Ayaan Tak,Good condition,SCH0088,SCH0088,False,25-12-2025,2025-12-25,DASH_DD_MM_YYYY,False,False,Haan,True,False,Functional,True,False,TRUE,True,False,Haan,True,False,Y,True,False,5.0,0.0,100.0,0.0
INSP01260,2025-05-12,SCH0477,False,True,,True,True,Avni Butala,Average,SCH0477,SCH0477,False,12-May-25,2025-05-12,TEXT_MONTH,False,False,N,False,False,1,True,False,,,True,TRUE,True,False,Hai,True,False,3.0,1.0,60.0,20.0
INSP02909,2025-12-16,SCH0308,False,False,,False,True,Laban Hari,Needs repair,sch_0308,SCH0308,True,16-12-2025,2025-12-16,DASH_DD_MM_YYYY,False,False,FALSE,False,False,Not Available,False,False,,,True,N,False,False,TRUE,True,False,1.0,3.0,20.0,60.0
INSP02242,2025-11-29,SCH0171,True,True,True,,False,Balendra Thaker,Needs repair,SCH0171,SCH0171,False,29-Nov-25,2025-11-29,TEXT_MONTH,False,False,TRUE,True,False,Yes,True,False,Hai,True,False,,,True,FALSE,False,False,3.0,1.0,60.0,20.0
INSP00206,2025-11-23,SCH0218,True,True,True,True,False,Yahvi Brahmbhatt,Average,SCH0218,SCH0218,False,23-11-2025,2025-11-23,DASH_DD_MM_YYYY,False,False,TRUE,True,False,haan,True,False,TRUE,True,False,TRUE,True,False,FALSE,False,False,4.0,1.0,80.0,20.0
INSP00734,2025-05-28,SCH0419,True,False,True,True,True,Anay Dubey,Good condition,SCH0419,SCH0419,False,28-05-2025,2025-05-28,DASH_DD_MM_YYYY,False,False,TRUE,True,False,FALSE,False,False,TRUE,True,False,H,True,False,Hai,True,False,4.0,1.0,80.0,20.0
INSP02514,2025-06-07,SCH0442,True,True,False,False,True,Benjamin Mahajan,,sch_0442,SCH0442,True,07-Jun-25,2025-06-07,TEXT_MONTH,False,False,TRUE,True,False,Working,True,False,FALSE,False,False,No,False,False,1,True,False,3.0,2.0,60.0,40.0
INSP00527,2026-03-30,SCH0209,True,False,True,False,False,Bhavini Contractor,No remarks,SCH-0209,SCH0209,True,30-03-2026,2026-03-30,DASH_DD_MM_YYYY,False,False,TRUE,True,False,Nahi hai,False,False,TRUE,True,False,FALSE,False,False,Nahi hai,False,False,2.0,3.0,40.0,60.0
INSP01917,2025-10-25,SCH0232,True,True,,False,True,Garima Dhawan,Toilets locked,SCH0232,SCH0232,False,10-25-2025,2025-10-25,DASH_MM_DD_YYYY,False,False,TRUE,True,False,TRUE,True,False,,,True,FALSE,False,False,Functional,True,False,3.0,1.0,60.0,20.0
INSP00899,2025-07-30,SCH0108,False,False,False,False,True,Upma Mani,,SCH-0108,SCH0108,True,30-07-2025,2025-07-30,DASH_DD_MM_YYYY,False,False,0,False,False,Not Available,False,False,FALSE,False,False,FALSE,False,False,1,True,False,1.0,4.0,20.0,80.0
INSP00378,2025-08-21,SCH0299,True,True,True,True,False,Ikshita Kadakia,Toilets locked,sch_0299,SCH0299,True,21-Aug-25,2025-08-21,TEXT_MONTH,False,False,Available,True,False,TRUE,True,False,Y,True,False,TRUE,True,False,Nahi,False,False,4.0,1.0,80.0,20.0
INSP01926,2025-04-06,SCH0247,True,True,True,True,True,,Needs repair,SCH0247,SCH0247,False,04-06-2025,2025-04-06,DASH_MM_DD_AMBIGUOUS,True,False,TRUE,True,False,1,True,False,TRUE,True,False,1,True,False,haan,True,False,5.0,0.0,100.0,0.0
INSP02820,2025-12-17,SCH0328,False,True,True,True,False,Yasti Arya,,sch0328,SCH0328,True,17-Dec-25,2025-12-17,TEXT_MONTH,False,False,N,False,False,Hai,True,False,TRUE,True,False,Functional,True,False,FALSE,False,False,3.0,2.0,60.0,40.0
INSP01612,2025-04-30,SCH0205,False,True,True,False,True,Azad Narayan,Needs repair,205,SCH0205,True,30.04.2025,2025-04-30,DOT_DD_MM_YYYY,False,False,FALSE,False,False,Hai,True,False,TRUE,True,False,Broken,False,False,TRUE,True,False,3.0,2.0,60.0,40.0
INSP00387,2025-07-05,SCH0307,True,True,True,True,True,Gaurang Chowdhury,Needs repair,SCH0307,SCH0307,False,07-05-2025,2025-07-05,DASH_MM_DD_AMBIGUOUS,True,False,TRUE,True,False,1,True,False,TRUE,True,False,H,True,False,Haan,True,False,5.0,0.0,100.0,0.0
INSP00199,2025-06-08,SCH0253,False,True,True,True,False,Harshil Choudhury,,sch0253,SCH0253,True,06-08-2025,2025-06-08,DASH_MM_DD_AMBIGUOUS,True,False,FALSE,False,False,H,True,False,1,True,False,TRUE,True,False,FALSE,False,False,3.0,2.0,60.0,40.0
INSP01051,2025-12-25,SCH0319,,True,True,True,True,Ubika Kari,Good condition,SCH0319,SCH0319,False,12-25-2025,2025-12-25,DASH_MM_DD_YYYY,False,False,,,True,TRUE,True,False,1,True,False,TRUE,True,False,Hai,True,False,4.0,0.0,80.0,0.0
INSP00591,2026-03-27,SCH0384,True,True,True,False,True,Anirudh Dewan,Needs repair,SCH0384,SCH0384,False,27-03-2026,2026-03-27,DASH_DD_MM_YYYY,False,False,TRUE,True,False,H,True,False,Y,True,False,FALSE,False,False,Y,True,False,4.0,1.0,80.0,20.0
INSP00520,2026-03-19,SCH0220,False,True,False,False,False,,No remarks,220,SCH0220,True,19.03.2026,2026-03-19,DOT_DD_MM_YYYY,False,False,Nahi hai,False,False,TRUE,True,False,Broken,False,False,FALSE,False,False,Nahi,False,False,1.0,4.0,20.0,80.0
INSP02132,2025-07-31,SCH0568,True,False,False,False,True,Yadavi Dora,Average,sch_0568,SCH0568,True,31-07-2025,2025-07-31,DASH_DD_MM_YYYY,False,False,TRUE,True,False,0,False,False,FALSE,False,False,N,False,False,Working,True,False,2.0,3.0,40.0,60.0
INSP02747,2025-07-23,SCH0174,True,True,True,False,False,Nathaniel Purohit,No remarks,SCH0174,SCH0174,False,23-07-2025,2025-07-23,DASH_DD_MM_YYYY,False,False,TRUE,True,False,Available,True,False,TRUE,True,False,N,False,False,FALSE,False,False,3.0,2.0,60.0,40.0
INSP00430,2026-01-31,SCH0412,False,True,True,False,True,Chandran Singhal,Toilets locked,SCH-0412,SCH0412,True,31-Jan-26,2026-01-31,TEXT_MONTH,False,False,FALSE,False,False,TRUE,True,False,TRUE,True,False,FALSE,False,False,Y,True,False,3.0,2.0,60.0,40.0
INSP01084,2026-01-03,SCH0194,False,True,True,,False,Nirja Bandi,Average,SCH0194,SCH0194,False,01-03-2026,2026-01-03,DASH_MM_DD_AMBIGUOUS,True,False,Nahi hai,False,False,Y,True,False,TRUE,True,False,,,True,No,False,False,2.0,2.0,40.0,40.0
INSP00208,2025-11-24,SCH0376,True,True,True,,False,,No remarks,SCH0376,SCH0376,False,24-11-2025,2025-11-24,DASH_DD_MM_YYYY,False,False,TRUE,True,False,TRUE,True,False,Y,True,False,,,True,FALSE,False,False,3.0,1.0,60.0,20.0
INSP00492,2025-10-04,SCH0536,True,True,True,True,False,Ethan Samra,No remarks,sch_0536,SCH0536,True,10-04-2025,2025-10-04,DASH_MM_DD_AMBIGUOUS,True,False,TRUE,True,False,TRUE,True,False,TRUE,True,False,TRUE,True,False,na,False,False,4.0,1.0,80.0,20.0
INSP02104,2025-10-17,SCH0321,False,True,False,False,True,Siddharth Ramesh,,321,SCH0321,True,17-10-2025,2025-10-17,DASH_DD_MM_YYYY,False,False,FALSE,False,False,TRUE,True,False,FALSE,False,False,No,False,False,TRUE,True,False,2.0,3.0,40.0,60.0
INSP00793,2025-09-06,SCH0228,True,True,False,False,True,,No remarks,SCH-0228,SCH0228,True,06.09.2025,2025-09-06,DOT_DD_MM_AMBIGUOUS,True,False,Functional,True,False,haan,True,False,No,False,False,N,False,False,Available,True,False,3.0,2.0,60.0,40.0
INSP02623,2025-04-16,SCH0074,True,True,False,True,False,Faras Deo,Needs repair,SCH0074,SCH0074,False,16-04-2025,2025-04-16,DASH_DD_MM_YYYY,False,False,H,True,False,TRUE,True,False,0,False,False,Y,True,False,Nahi,False,False,3.0,2.0,60.0,40.0
INSP01187,2025-12-19,SCH0269,True,True,True,False,False,Fariq Kunda,,SCH-0269,SCH0269,True,19-12-2025,2025-12-19,DASH_DD_MM_YYYY,False,False,Hai,True,False,TRUE,True,False,Y,True,False,FALSE,False,False,N,False,False,3.0,2.0,60.0,40.0
INSP01186,2025-04-26,SCH0540,False,False,False,False,False,Saumya Parsa,Toilets locked,S0540,SCH0540,True,04-26-2025,2025-04-26,DASH_MM_DD_YYYY,False,False,Kharab,False,False,Nahi,False,False,FALSE,False,False,na,False,False,FALSE,False,False,0.0,5.0,0.0,100.0
INSP01965,2026-07-02,SCH0079,True,True,True,True,True,Hardik Dhillon,No remarks,SCH-0079,SCH0079,True,07-02-2026,2026-07-02,DASH_MM_DD_AMBIGUOUS,True,False,Functional,True,False,TRUE,True,False,Yes,True,False,TRUE,True,False,haan,True,False,5.0,0.0,100.0,0.0
INSP01816,2025-09-25,SCH0216,True,True,False,True,True,Urishilla Gour,No remarks,SCH0216,SCH0216,False,25-09-2025,2025-09-25,DASH_DD_MM_YYYY,False,False,TRUE,True,False,Y,True,False,FALSE,False,False,TRUE,True,False,Y,True,False,4.0,1.0,80.0,20.0
INSP02352,2025-07-19,SCH0348,True,True,True,True,False,Siya Mody,No remarks,S0348,SCH0348,True,19-07-2025,2025-07-19,DASH_DD_MM_YYYY,False,False,Hai,True,False,Hai,True,False,Yes,True,False,Working,True,False,FALSE,False,False,4.0,1.0,80.0,20.0
INSP01411,2025-01-10,SCH0289,,True,True,True,False,,Needs repair,SCH0289,SCH0289,False,01-10-2025,2025-01-10,DASH_MM_DD_AMBIGUOUS,True,False,,,True,1,True,False,TRUE,True,False,Yes,True,False,0,False,False,3.0,1.0,60.0,20.0
INSP00084,2026-01-02,SCH0093,,True,True,True,,Meera Sura,Good condition,S0093,SCH0093,True,01-02-2026,2026-01-02,DASH_MM_DD_AMBIGUOUS,True,False,,,True,TRUE,True,False,TRUE,True,False,haan,True,False,,,True,3.0,0.0,60.0,0.0
INSP02554,2025-12-22,SCH0278,False,True,False,True,True,Irya Srinivas,Needs repair,SCH0278,SCH0278,False,22-Dec-25,2025-12-22,TEXT_MONTH,False,False,FALSE,False,False,TRUE,True,False,Broken,False,False,TRUE,True,False,Yes,True,False,3.0,2.0,60.0,40.0
INSP02346,2025-07-02,SCH0523,True,True,True,False,False,Girindra Gade,,sch0523,SCH0523,True,02.07.2025,2025-07-02,DOT_DD_MM_AMBIGUOUS,True,False,H,True,False,TRUE,True,False,Haan,True,False,FALSE,False,False,No,False,False,3.0,2.0,60.0,40.0
INSP00021,2025-04-12,SCH0199,True,True,False,True,False,,No remarks,sch0199,SCH0199,True,12-Apr-25,2025-04-12,TEXT_MONTH,False,False,TRUE,True,False,TRUE,True,False,FALSE,False,False,TRUE,True,False,Kharab,False,False,3.0,2.0,60.0,40.0
INSP01539,2025-08-05,SCH0149,False,True,False,True,True,Ubika Kala,Average,S0149,SCH0149,True,08-05-2025,2025-08-05,DASH_MM_DD_AMBIGUOUS,True,False,FALSE,False,False,Haan,True,False,FALSE,False,False,Yes,True,False,haan,True,False,3.0,2.0,60.0,40.0
INSP01707,2025-04-15,SCH0550,True,,True,True,False,Arjun Bava,No remarks,SCH0550,SCH0550,False,15-04-2025,2025-04-15,DASH_DD_MM_YYYY,False,False,Haan,True,False,,,True,TRUE,True,False,Hai,True,False,0,False,False,3.0,1.0,60.0,20.0
INSP01745,2026-03-21,SCH0599,True,True,True,True,True,Ijaya Andra,Average,SCH0599,SCH0599,False,03-21-2026,2026-03-21,DASH_MM_DD_YYYY,False,False,TRUE,True,False,TRUE,True,False,TRUE,True,False,TRUE,True,False,TRUE,True,False,5.0,0.0,100.0,0.0
INSP01406,2025-10-20,SCH0111,True,True,True,True,True,Aarush Venkataraman,No remarks,SCH0111,SCH0111,False,20-10-2025,2025-10-20,DASH_DD_MM_YYYY,False,False,TRUE,True,False,TRUE,True,False,TRUE,True,False,TRUE,True,False,TRUE,True,False,5.0,0.0,100.0,0.0
INSP02867,2026-01-14,SCH0535,False,True,True,True,True,Mohammed Prashad,,535,SCH0535,True,14-01-2026,2026-01-14,DASH_DD_MM_YYYY,False,False,Kharab,False,False,Available,True,False,TRUE,True,False,Yes,True,False,TRUE,True,False,4.0,1.0,80.0,20.0
INSP02832,2025-05-15,SCH0063,True,True,True,False,False,Eiravati Tripathi,Toilets locked,S0063,SCH0063,True,15-05-2025,2025-05-15,DASH_DD_MM_YYYY,False,False,haan,True,False,Y,True,False,TRUE,True,False,FALSE,False,False,na,False,False,3.0,2.0,60.0,40.0
INSP02883,2025-08-05,SCH0449,True,True,True,False,True,,No remarks,SCH0449,SCH0449,False,05-Aug-25,2025-08-05,TEXT_MONTH,False,False,TRUE,True,False,TRUE,True,False,TRUE,True,False,FALSE,False,False,Yes,True,False,4.0,1.0,80.0,20.0
INSP00974,2025-05-25,SCH0276,,True,False,True,True,Keya Zacharia,Good condition,SCH0276,SCH0276,False,25-05-2025,2025-05-25,DASH_DD_MM_YYYY,False,False,,,True,TRUE,True,False,FALSE,False,False,TRUE,True,False,haan,True,False,3.0,1.0,60.0,20.0
INSP02932,2025-08-19,SCH0516,False,True,True,True,False,Devansh Loyal,,sch_0516,SCH0516,True,08-19-2025,2025-08-19,DASH_MM_DD_YYYY,False,False,FALSE,False,False,Functional,True,False,TRUE,True,False,haan,True,False,0,False,False,3.0,2.0,60.0,40.0
INSP00884,2025-10-17,SCH0377,True,True,,True,True,Ishita Raja,,SCH0377,SCH0377,False,17-10-2025,2025-10-17,DASH_DD_MM_YYYY,False,False,Hai,True,False,Haan,True,False,,,True,TRUE,True,False,Haan,True,False,4.0,0.0,80.0,0.0
INSP01099,2025-04-25,SCH0239,True,True,True,False,,Orinder Sur,Good condition,sch0239,SCH0239,True,04-25-2025,2025-04-25,DASH_MM_DD_YYYY,False,False,TRUE,True,False,TRUE,True,False,TRUE,True,False,FALSE,False,False,,,True,3.0,1.0,60.0,20.0
INSP00157,2025-09-10,SCH0201,True,True,True,True,False,Wazir Panchal,Needs repair,SCH0201,SCH0201,False,09-10-2025,2025-09-10,DASH_MM_DD_AMBIGUOUS,True,False,TRUE,True,False,TRUE,True,False,Working,True,False,TRUE,True,False,FALSE,False,False,4.0,1.0,80.0,20.0
INSP02400,2025-05-07,SCH0464,True,True,True,True,False,,Average,SCH0464,SCH0464,False,05-07-2025,2025-05-07,DASH_MM_DD_AMBIGUOUS,True,False,TRUE,True,False,TRUE,True,False,haan,True,False,Haan,True,False,No,False,False,4.0,1.0,80.0,20.0
INSP00887,2025-09-23,SCH0105,True,True,,True,True,Balhaar Dhawan,Needs repair,SCH0105,SCH0105,False,23-09-2025,2025-09-23,DASH_DD_MM_YYYY,False,False,Hai,True,False,TRUE,True,False,,,True,TRUE,True,False,Y,True,False,4.0,0.0,80.0,0.0
INSP01779,2025-09-17,SCH0063,True,True,True,False,False,Zayan Aurora,Average,SCH0063,SCH0063,False,09-17-2025,2025-09-17,DASH_MM_DD_YYYY,False,False,Haan,True,False,Yes,True,False,Haan,True,False,FALSE,False,False,FALSE,False,False,3.0,2.0,60.0,40.0
INSP02608,2025-04-08,SCH0290,True,False,True,True,True,Fariq Mitra,Toilets locked,SCH0290,SCH0290,False,04-08-2025,2025-04-08,DASH_MM_DD_AMBIGUOUS,True,False,haan,True,False,Broken,False,False,TRUE,True,False,TRUE,True,False,Available,True,False,4.0,1.0,80.0,20.0
INSP01673,2026-02-26,SCH0471,True,False,True,True,False,Sarthak Bhardwaj,Good condition,sch_0471,SCH0471,True,02-26-2026,2026-02-26,DASH_MM_DD_YYYY,False,False,Y,True,False,N,False,False,TRUE,True,False,H,True,False,0,False,False,3.0,2.0,60.0,40.0
INSP02666,2025-04-21,SCH0600,False,True,True,False,False,Ganga Nayak,Needs repair,SCH0600,SCH0600,False,21-04-2025,2025-04-21,DASH_DD_MM_YYYY,False,False,No,False,False,Y,True,False,TRUE,True,False,Under Repair,False,False,Nahi hai,False,False,2.0,3.0,40.0,60.0
INSP02487,2025-12-10,SCH0438,False,True,True,True,False,Chanakya Hayer,,SCH0438,SCH0438,False,10-Dec-25,2025-12-10,TEXT_MONTH,False,False,Under Repair,False,False,TRUE,True,False,1,True,False,TRUE,True,False,Broken,False,False,3.0,2.0,60.0,40.0
INSP02977,2025-04-14,SCH0359,False,True,True,True,False,Jeremiah Chaudhari,,SCH-0359,SCH0359,True,14-04-2025,2025-04-14,DASH_DD_MM_YYYY,False,False,Nahi hai,False,False,TRUE,True,False,TRUE,True,False,haan,True,False,FALSE,False,False,3.0,2.0,60.0,40.0
INSP01454,2025-02-09,SCH0141,True,False,True,True,False,Adya Issac,No remarks,S0141,SCH0141,True,02-09-2025,2025-02-09,DASH_MM_DD_AMBIGUOUS,True,False,H,True,False,N,False,False,H,True,False,TRUE,True,False,FALSE,False,False,3.0,2.0,60.0,40.0
INSP02786,2025-05-19,SCH0358,True,,False,True,False,Ayush Deshmukh,,SCH0358,SCH0358,False,05-19-2025,2025-05-19,DASH_MM_DD_YYYY,False,False,Yes,True,False,,,True,Nahi,False,False,Available,True,False,na,False,False,2.0,2.0,40.0,40.0
INSP00459,2025-12-27,SCH0307,True,True,False,True,True,Reyansh Raval,,sch0307,SCH0307,True,27-12-2025,2025-12-27,DASH_DD_MM_YYYY,False,False,Y,True,False,TRUE,True,False,FALSE,False,False,Y,True,False,TRUE,True,False,4.0,1.0,80.0,20.0
INSP00079,2025-12-13,SCH0207,True,True,True,True,False,,No remarks,SCH-0207,SCH0207,True,13.12.2025,2025-12-13,DOT_DD_MM_YYYY,False,False,TRUE,True,False,TRUE,True,False,Functional,True,False,TRUE,True,False,Nahi,False,False,4.0,1.0,80.0,20.0
INSP01057,2025-06-06,SCH0009,True,True,True,False,False,Veda Chada,No remarks,S0009,SCH0009,True,06-06-2025,2025-06-06,DASH_MM_DD_AMBIGUOUS,True,False,TRUE,True,False,TRUE,True,False,Working,True,False,Nahi,False,False,Nahi,False,False,3.0,2.0,60.0,40.0
INSP00907,2026-12-03,SCH0598,True,True,False,False,True,Turvi Banerjee,Needs repair,sch0598,SCH0598,True,12-03-2026,2026-12-03,DASH_MM_DD_AMBIGUOUS,True,False,TRUE,True,False,TRUE,True,False,FALSE,False,False,FALSE,False,False,TRUE,True,False,3.0,2.0,60.0,40.0
INSP01750,2025-05-21,SCH0089,False,True,True,False,,Yashvi Mohan,,SCH0089,SCH0089,False,21-May-25,2025-05-21,TEXT_MONTH,False,False,FALSE,False,False,H,True,False,Y,True,False,Nahi,False,False,,,True,2.0,2.0,40.0,40.0
INSP02334,2025-11-22,SCH0046,True,True,True,False,False,Samesh Krishnan,Toilets locked,sch_0046,SCH0046,True,22-Nov-25,2025-11-22,TEXT_MONTH,False,False,haan,True,False,haan,True,False,Working,True,False,No,False,False,No,False,False,3.0,2.0,60.0,40.0
INSP02835,2025-10-28,SCH0273,True,True,True,False,False,Nathan Keer,Good condition,S0273,SCH0273,True,10-28-2025,2025-10-28,DASH_MM_DD_YYYY,False,False,Y,True,False,TRUE,True,False,TRUE,True,False,No,False,False,FALSE,False,False,3.0,2.0,60.0,40.0
INSP00381,2025-11-03,SCH0235,True,True,True,True,False,George Arya,No remarks,sch_0235,SCH0235,True,03-Nov-25,2025-11-03,TEXT_MONTH,False,False,TRUE,True,False,H,True,False,TRUE,True,False,TRUE,True,False,Not Available,False,False,4.0,1.0,80.0,20.0
INSP00948,2026-03-12,SCH0071,False,True,True,False,True,Nihal Devan,Good condition,SCH-0071,SCH0071,True,03-12-2026,2026-03-12,DASH_MM_DD_AMBIGUOUS,True,False,na,False,False,Working,True,False,Yes,True,False,FALSE,False,False,Hai,True,False,3.0,2.0,60.0,40.0
INSP01911,2025-05-19,SCH0423,True,True,,True,False,Owen Nagy,Average,sch0423,SCH0423,True,19.05.2025,2025-05-19,DOT_DD_MM_YYYY,False,False,TRUE,True,False,TRUE,True,False,,,True,Y,True,False,Under Repair,False,False,3.0,1.0,60.0,20.0
INSP02118,2026-01-03,SCH0429,True,True,True,True,True,Maanas Handa,Average,SCH0429,SCH0429,False,03.01.2026,2026-01-03,DOT_DD_MM_AMBIGUOUS,True,False,TRUE,True,False,TRUE,True,False,TRUE,True,False,Hai,True,False,TRUE,True,False,5.0,0.0,100.0,0.0
INSP00716,2025-10-27,SCH0117,True,True,True,True,True,Jagdish Gour,No remarks,SCH-0117,SCH0117,True,27.10.2025,2025-10-27,DOT_DD_MM_YYYY,False,False,TRUE,True,False,TRUE,True,False,Y,True,False,Available,True,False,1,True,False,5.0,0.0,100.0,0.0
INSP02108,2025-10-14,SCH0295,True,True,True,False,True,Widisha Pall,Toilets locked,SCH0295,SCH0295,False,10-14-2025,2025-10-14,DASH_MM_DD_YYYY,False,False,haan,True,False,Available,True,False,Hai,True,False,Nahi,False,False,Available,True,False,4.0,1.0,80.0,20.0
INSP00687,2025-10-17,SCH0284,True,True,True,True,False,Yug Kamdar,No remarks,SCH0284,SCH0284,False,17.10.2025,2025-10-17,DOT_DD_MM_YYYY,False,False,TRUE,True,False,Functional,True,False,Y,True,False,TRUE,True,False,FALSE,False,False,4.0,1.0,80.0,20.0
INSP02698,2025-06-03,SCH0282,True,True,True,True,False,Gaurika Upadhyay,,SCH0282,SCH0282,False,03-Jun-25,2025-06-03,TEXT_MONTH,False,False,TRUE,True,False,TRUE,True,False,1,True,False,TRUE,True,False,na,False,False,4.0,1.0,80.0,20.0
INSP01294,2025-10-23,SCH0099,False,True,True,True,True,Udant Muni,Needs repair,SCH0099,SCH0099,False,23-Oct-25,2025-10-23,TEXT_MONTH,False,False,FALSE,False,False,Yes,True,False,TRUE,True,False,Y,True,False,H,True,False,4.0,1.0,80.0,20.0
INSP00306,2025-06-17,SCH0447,True,,False,False,True,Isaiah Golla,Toilets locked,447,SCH0447,True,17-Jun-25,2025-06-17,TEXT_MONTH,False,False,Available,True,False,,,True,FALSE,False,False,FALSE,False,False,TRUE,True,False,2.0,2.0,40.0,40.0
INSP00210,2025-12-22,SCH0500,False,True,True,True,True,Divya Atwal,Toilets locked,sch0500,SCH0500,True,22-12-2025,2025-12-22,DASH_DD_MM_YYYY,False,False,FALSE,False,False,Y,True,False,TRUE,True,False,Working,True,False,Yes,True,False,4.0,1.0,80.0,20.0
INSP01660,2026-01-27,SCH0026,True,,True,True,False,,Good condition,SCH-0026,SCH0026,True,27-01-2026,2026-01-27,DASH_DD_MM_YYYY,False,False,Yes,True,False,,,True,Haan,True,False,TRUE,True,False,FALSE,False,False,3.0,1.0,60.0,20.0
INSP02341,2025-09-14,SCH0561,False,True,False,False,True,Nitara Comar,Toilets locked,SCH0561,SCH0561,False,14-09-2025,2025-09-14,DASH_DD_MM_YYYY,False,False,N,False,False,1,True,False,FALSE,False,False,FALSE,False,False,Hai,True,False,2.0,3.0,40.0,60.0
INSP01721,2025-08-04,SCH0600,False,True,True,True,True,Om Sanghvi,Needs repair,SCH0600,SCH0600,False,08-04-2025,2025-08-04,DASH_MM_DD_AMBIGUOUS,True,False,Nahi,False,False,TRUE,True,False,TRUE,True,False,Hai,True,False,TRUE,True,False,4.0,1.0,80.0,20.0
INSP00886,2025-07-12,SCH0409,True,True,True,True,False,Gautam Krishnan,Toilets locked,S0409,SCH0409,True,07-12-2025,2025-07-12,DASH_MM_DD_AMBIGUOUS,True,False,Y,True,False,haan,True,False,TRUE,True,False,TRUE,True,False,FALSE,False,False,4.0,1.0,80.0,20.0
INSP02615,2025-05-31,SCH0129,False,True,True,False,False,,No remarks,SCH0129,SCH0129,False,31-05-2025,2025-05-31,DASH_DD_MM_YYYY,False,False,FALSE,False,False,1,True,False,TRUE,True,False,FALSE,False,False,FALSE,False,False,2.0,3.0,40.0,60.0
INSP00918,2025-08-01,SCH0221,True,True,True,False,False,Umang Kulkarni,,SCH0221,SCH0221,False,01-Aug-25,2025-08-01,TEXT_MONTH,False,False,TRUE,True,False,H,True,False,TRUE,True,False,No,False,False,Kharab,False,False,3.0,2.0,60.0,40.0
INSP01861,2025-09-25,SCH0061,True,True,True,False,False,Aarush Ramakrishnan,Toilets locked,SCH0061,SCH0061,False,25-09-2025,2025-09-25,DASH_DD_MM_YYYY,False,False,TRUE,True,False,Functional,True,False,H,True,False,FALSE,False,False,0,False,False,3.0,2.0,60.0,40.0
INSP00192,2026-03-30,SCH0188,True,False,True,True,True,Tanvi Bahri,No remarks,sch0188,SCH0188,True,30-03-2026,2026-03-30,DASH_DD_MM_YYYY,False,False,Hai,True,False,FALSE,False,False,TRUE,True,False,1,True,False,1,True,False,4.0,1.0,80.0,20.0
INSP01949,2026-01-23,SCH0203,True,True,True,,True,Ganga Nayak,Needs repair,SCH0203,SCH0203,False,01-23-2026,2026-01-23,DASH_MM_DD_YYYY,False,False,H,True,False,TRUE,True,False,Functional,True,False,,,True,Working,True,False,4.0,0.0,80.0,0.0
INSP02148,2025-09-21,SCH0058,False,False,True,True,,Netra Shetty,Needs repair,S0058,SCH0058,True,21.09.2025,2025-09-21,DOT_DD_MM_YYYY,False,False,FALSE,False,False,FALSE,False,False,1,True,False,Working,True,False,,,True,2.0,2.0,40.0,40.0
INSP01266,2026-03-20,SCH0479,True,False,True,True,False,Wyatt Shroff,Needs repair,SCH-0479,SCH0479,True,20-03-2026,2026-03-20,DASH_DD_MM_YYYY,False,False,TRUE,True,False,N,False,False,Hai,True,False,TRUE,True,False,FALSE,False,False,3.0,2.0,60.0,40.0
INSP00484,2025-08-14,SCH0004,True,True,True,True,False,Michael Thakur,Toilets locked,sch_0004,SCH0004,True,14-Aug-25,2025-08-14,TEXT_MONTH,False,False,Y,True,False,haan,True,False,TRUE,True,False,1,True,False,Not Available,False,False,4.0,1.0,80.0,20.0
INSP00916,2025-08-11,SCH0274,True,False,True,False,False,Ethan Swaminathan,No remarks,SCH0274,SCH0274,False,11.08.2025,2025-08-11,DOT_DD_MM_AMBIGUOUS,True,False,Hai,True,False,FALSE,False,False,Working,True,False,FALSE,False,False,FALSE,False,False,2.0,3.0,40.0,60.0
INSP02733,2025-09-08,SCH0071,True,True,True,True,True,,Average,sch_0071,SCH0071,True,08.09.2025,2025-09-08,DOT_DD_MM_AMBIGUOUS,True,False,TRUE,True,False,TRUE,True,False,Haan,True,False,Yes,True,False,Haan,True,False,5.0,0.0,100.0,0.0
INSP00278,2026-06-02,SCH0530,False,True,True,False,False,Joshua Rajagopalan,Toilets locked,sch_0530,SCH0530,True,06-02-2026,2026-06-02,DASH_MM_DD_AMBIGUOUS,True,False,FALSE,False,False,TRUE,True,False,TRUE,True,False,FALSE,False,False,Nahi,False,False,2.0,3.0,40.0,60.0
INSP00989,2026-03-31,SCH0413,True,False,True,True,,Gavin Taneja,Toilets locked,SCH0413,SCH0413,False,31-03-2026,2026-03-31,DASH_DD_MM_YYYY,False,False,1,True,False,FALSE,False,False,TRUE,True,False,Hai,True,False,,,True,3.0,1.0,60.0,20.0
INSP01957,2026-03-26,SCH0210,True,True,False,True,False,Ayushman Raju,No remarks,SCH0210,SCH0210,False,26-03-2026,2026-03-26,DASH_DD_MM_YYYY,False,False,Y,True,False,TRUE,True,False,FALSE,False,False,TRUE,True,False,FALSE,False,False,3.0,2.0,60.0,40.0
INSP01246,2025-06-07,SCH0285,True,True,True,False,,Henry Basak,Good condition,SCH-0285,SCH0285,True,06-07-2025,2025-06-07,DASH_MM_DD_AMBIGUOUS,True,False,Hai,True,False,haan,True,False,TRUE,True,False,0,False,False,,,True,3.0,1.0,60.0,20.0
INSP00572,2026-02-21,SCH0369,True,True,False,True,True,Bakhshi Raman,Toilets locked,SCH-0369,SCH0369,True,21-02-2026,2026-02-21,DASH_DD_MM_YYYY,False,False,1,True,False,Working,True,False,Broken,False,False,TRUE,True,False,Available,True,False,4.0,1.0,80.0,20.0
INSP01436,2025-09-04,SCH0312,False,True,True,True,False,Manthan Raja,Average,SCH0312,SCH0312,False,09-04-2025,2025-09-04,DASH_MM_DD_AMBIGUOUS,True,False,Nahi,False,False,TRUE,True,False,TRUE,True,False,TRUE,True,False,na,False,False,3.0,2.0,60.0,40.0
INSP00994,2026-08-02,SCH0595,True,False,False,False,True,,Good condition,SCH0595,SCH0595,False,08-02-2026,2026-08-02,DASH_MM_DD_AMBIGUOUS,True,False,Haan,True,False,FALSE,False,False,N,False,False,Kharab,False,False,TRUE,True,False,2.0,3.0,40.0,60.0
INSP01567,2026-08-01,SCH0434,False,True,False,False,False,Jatin Ganesh,,SCH0434,SCH0434,False,08-01-2026,2026-08-01,DASH_MM_DD_AMBIGUOUS,True,False,FALSE,False,False,TRUE,True,False,FALSE,False,False,FALSE,False,False,FALSE,False,False,1.0,4.0,20.0,80.0
INSP01563,2025-10-10,SCH0589,False,False,True,False,False,Waida Thakkar,No remarks,SCH0589,SCH0589,False,10-10-2025,2025-10-10,DASH_MM_DD_AMBIGUOUS,True,False,FALSE,False,False,na,False,False,Yes,True,False,0,False,False,FALSE,False,False,1.0,4.0,20.0,80.0
INSP00586,2025-04-21,SCH0569,False,True,,True,True,,Needs repair,SCH0569,SCH0569,False,21-04-2025,2025-04-21,DASH_DD_MM_YYYY,False,False,FALSE,False,False,TRUE,True,False,,,True,haan,True,False,H,True,False,3.0,1.0,60.0,20.0
INSP02526,2025-10-28,SCH0484,False,True,False,True,False,Dayita Nayar,Needs repair,sch0484,SCH0484,True,10-28-2025,2025-10-28,DASH_MM_DD_YYYY,False,False,N,False,False,TRUE,True,False,N,False,False,TRUE,True,False,FALSE,False,False,2.0,3.0,40.0,60.0
INSP02788,2026-02-18,SCH0508,,True,True,,False,Samar Munshi,,SCH-0508,SCH0508,True,18.02.2026,2026-02-18,DOT_DD_MM_YYYY,False,False,,,True,TRUE,True,False,1,True,False,,,True,No,False,False,2.0,1.0,40.0,20.0
INSP01350,2025-08-21,SCH0169,True,True,False,True,False,Tarak Shetty,,SCH0169,SCH0169,False,21-08-2025,2025-08-21,DASH_DD_MM_YYYY,False,False,H,True,False,1,True,False,N,False,False,Hai,True,False,Nahi hai,False,False,3.0,2.0,60.0,40.0
INSP01008,2025-04-04,SCH0583,False,True,False,True,False,Omisha Oza,,SCH-0583,SCH0583,True,04-04-2025,2025-04-04,DASH_MM_DD_AMBIGUOUS,True,False,0,False,False,TRUE,True,False,na,False,False,Yes,True,False,Nahi hai,False,False,2.0,3.0,40.0,60.0
INSP00675,2025-07-31,SCH0513,True,False,True,True,True,,Average,SCH0513,SCH0513,False,31.07.2025,2025-07-31,DOT_DD_MM_YYYY,False,False,Hai,True,False,FALSE,False,False,1,True,False,TRUE,True,False,Y,True,False,4.0,1.0,80.0,20.0
INSP02203,2025-07-10,SCH0472,True,True,,True,True,Chanakya Tandon,Average,S0472,SCH0472,True,10-Jul-25,2025-07-10,TEXT_MONTH,False,False,TRUE,True,False,TRUE,True,False,,,True,TRUE,True,False,TRUE,True,False,4.0,0.0,80.0,0.0
INSP00856,2025-08-01,SCH0373,True,True,False,False,True,Jagrati Krishnamurthy,Needs repair,S0373,SCH0373,True,01-Aug-25,2025-08-01,TEXT_MONTH,False,False,TRUE,True,False,TRUE,True,False,0,False,False,Not Available,False,False,TRUE,True,False,3.0,2.0,60.0,40.0
INSP00448,2025-06-01,SCH0066,True,True,True,,True,Odika Maharaj,Needs repair,S0066,SCH0066,True,01-Jun-25,2025-06-01,TEXT_MONTH,False,False,Hai,True,False,TRUE,True,False,Functional,True,False,,,True,TRUE,True,False,4.0,0.0,80.0,0.0
INSP01862,2025-04-11,SCH0243,True,True,True,True,False,Praneel Kalla,Toilets locked,243,SCH0243,True,11-Apr-25,2025-04-11,TEXT_MONTH,False,False,1,True,False,TRUE,True,False,TRUE,True,False,TRUE,True,False,No,False,False,4.0,1.0,80.0,20.0
INSP01804,2025-05-13,SCH0246,True,True,False,,False,Madhav Wali,Needs repair,SCH-0246,SCH0246,True,13-05-2025,2025-05-13,DASH_DD_MM_YYYY,False,False,H,True,False,1,True,False,FALSE,False,False,,,True,Broken,False,False,2.0,2.0,40.0,40.0
INSP02382,2025-09-25,SCH0043,True,True,True,False,True,Caleb Thakur,Needs repair,SCH-0043,SCH0043,True,25-09-2025,2025-09-25,DASH_DD_MM_YYYY,False,False,TRUE,True,False,Yes,True,False,Haan,True,False,0,False,False,1,True,False,4.0,1.0,80.0,20.0
INSP02813,2025-03-12,SCH0281,True,True,False,False,True,Anita Tara,,SCH0281,SCH0281,False,03-12-2025,2025-03-12,DASH_MM_DD_AMBIGUOUS,True,False,TRUE,True,False,TRUE,True,False,FALSE,False,False,FALSE,False,False,TRUE,True,False,3.0,2.0,60.0,40.0
INSP02509,2025-11-03,SCH0589,True,True,True,True,False,Chanakya Taneja,Needs repair,sch_0589,SCH0589,True,11-03-2025,2025-11-03,DASH_MM_DD_AMBIGUOUS,True,False,H,True,False,Working,True,False,H,True,False,TRUE,True,False,na,False,False,4.0,1.0,80.0,20.0
INSP01915,2025-03-05,SCH0390,True,True,True,True,,Anay Golla,,SCH0390,SCH0390,False,03-05-2025,2025-03-05,DASH_MM_DD_AMBIGUOUS,True,False,Haan,True,False,TRUE,True,False,1,True,False,TRUE,True,False,,,True,4.0,0.0,80.0,0.0
INSP02809,2025-08-01,SCH0326,True,True,True,True,False,Anthony Jha,,sch_0326,SCH0326,True,01-Aug-25,2025-08-01,TEXT_MONTH,False,False,TRUE,True,False,TRUE,True,False,Haan,True,False,TRUE,True,False,FALSE,False,False,4.0,1.0,80.0,20.0
INSP02619,2025-12-21,SCH0320,True,True,True,True,False,Vihaan Parsa,Average,SCH0320,SCH0320,False,21-Dec-25,2025-12-21,TEXT_MONTH,False,False,haan,True,False,TRUE,True,False,TRUE,True,False,TRUE,True,False,FALSE,False,False,4.0,1.0,80.0,20.0
INSP01248,2026-03-22,SCH0520,True,True,True,False,False,Logan Balasubramanian,Average,SCH0520,SCH0520,False,22-03-2026,2026-03-22,DASH_DD_MM_YYYY,False,False,TRUE,True,False,TRUE,True,False,TRUE,True,False,Nahi,False,False,FALSE,False,False,3.0,2.0,60.0,40.0
INSP00295,2025-07-20,SCH0283,True,True,True,True,False,Unnati Tella,Needs repair,S0283,SCH0283,True,20-Jul-25,2025-07-20,TEXT_MONTH,False,False,TRUE,True,False,Yes,True,False,Functional,True,False,TRUE,True,False,FALSE,False,False,4.0,1.0,80.0,20.0
INSP00589,2026-03-30,SCH0044,False,False,True,False,False,Jacob Pandit,Toilets locked,SCH-0044,SCH0044,True,30-03-2026,2026-03-30,DASH_DD_MM_YYYY,False,False,Nahi hai,False,False,N,False,False,TRUE,True,False,FALSE,False,False,FALSE,False,False,1.0,4.0,20.0,80.0
INSP01282,2025-04-18,SCH0086,,True,True,True,False,Manbir Sethi,,SCH0086,SCH0086,False,18-Apr-25,2025-04-18,TEXT_MONTH,False,False,,,True,Y,True,False,Y,True,False,Yes,True,False,FALSE,False,False,3.0,1.0,60.0,20.0
INSP01589,2025-11-13,SCH0438,True,False,,True,False,Dhriti Pandit,No remarks,sch0438,SCH0438,True,11-13-2025,2025-11-13,DASH_MM_DD_YYYY,False,False,Functional,True,False,FALSE,False,False,,,True,haan,True,False,N,False,False,2.0,2.0,40.0,40.0
INSP02035,2025-05-04,SCH0445,True,,True,False,False,Chavvi Khurana,Good condition,SCH0445,SCH0445,False,04-May-25,2025-05-04,TEXT_MONTH,False,False,TRUE,True,False,,,True,haan,True,False,N,False,False,FALSE,False,False,2.0,2.0,40.0,40.0
INSP02695,2025-05-13,SCH0276,True,True,True,False,False,Upasna Kade,Good condition,SCH0276,SCH0276,False,13.05.2025,2025-05-13,DOT_DD_MM_YYYY,False,False,Yes,True,False,H,True,False,haan,True,False,FALSE,False,False,Not Available,False,False,3.0,2.0,60.0,40.0
INSP02520,2026-01-30,SCH0039,False,True,True,True,True,Ria Menon,Good condition,SCH0039,SCH0039,False,30.01.2026,2026-01-30,DOT_DD_MM_YYYY,False,False,na,False,False,TRUE,True,False,TRUE,True,False,1,True,False,TRUE,True,False,4.0,1.0,80.0,20.0
INSP02376,2025-04-14,SCH0417,True,True,True,False,True,,Good condition,sch_0417,SCH0417,True,14-04-2025,2025-04-14,DASH_DD_MM_YYYY,False,False,TRUE,True,False,TRUE,True,False,TRUE,True,False,FALSE,False,False,Haan,True,False,4.0,1.0,80.0,20.0
INSP01418,2025-07-18,SCH0204,True,True,True,True,True,Tara Loyal,Average,SCH0204,SCH0204,False,18-07-2025,2025-07-18,DASH_DD_MM_YYYY,False,False,TRUE,True,False,TRUE,True,False,TRUE,True,False,TRUE,True,False,TRUE,True,False,5.0,0.0,100.0,0.0
INSP00426,2025-07-19,SCH0254,False,False,True,False,True,Wishi Rama,Average,S0254,SCH0254,True,19-07-2025,2025-07-19,DASH_DD_MM_YYYY,False,False,FALSE,False,False,FALSE,False,False,TRUE,True,False,FALSE,False,False,TRUE,True,False,2.0,3.0,40.0,60.0
INSP00535,2025-04-14,SCH0280,True,True,True,True,True,Yahvi Sengupta,Good condition,sch_0280,SCH0280,True,14-04-2025,2025-04-14,DASH_DD_MM_YYYY,False,False,H,True,False,TRUE,True,False,TRUE,True,False,TRUE,True,False,TRUE,True,False,5.0,0.0,100.0,0.0
INSP01055,2026-03-01,SCH0500,True,True,True,False,True,Janya Saxena,Needs repair,SCH0500,SCH0500,False,03-01-2026,2026-03-01,DASH_MM_DD_AMBIGUOUS,True,False,Working,True,False,TRUE,True,False,Y,True,False,FALSE,False,False,TRUE,True,False,4.0,1.0,80.0,20.0
INSP02567,2026-03-27,SCH0524,True,True,True,True,False,Arin Sood,,SCH0524,SCH0524,False,27-03-2026,2026-03-27,DASH_DD_MM_YYYY,False,False,TRUE,True,False,Yes,True,False,Available,True,False,haan,True,False,FALSE,False,False,4.0,1.0,80.0,20.0
INSP02635,2025-05-28,SCH0003,True,True,True,True,False,,Average,SCH0003,SCH0003,False,28-May-25,2025-05-28,TEXT_MONTH,False,False,Yes,True,False,TRUE,True,False,TRUE,True,False,TRUE,True,False,FALSE,False,False,4.0,1.0,80.0,20.0
INSP02928,2025-01-08,SCH0508,False,False,False,True,False,Vinaya Ghosh,Needs repair,SCH-0508,SCH0508,True,01-08-2025,2025-01-08,DASH_MM_DD_AMBIGUOUS,True,False,FALSE,False,False,FALSE,False,False,FALSE,False,False,Functional,True,False,FALSE,False,False,1.0,4.0,20.0,80.0
INSP00133,2025-08-04,SCH0250,False,True,True,True,True,Mugdha Varma,Average,SCH-0250,SCH0250,True,08-04-2025,2025-08-04,DASH_MM_DD_AMBIGUOUS,True,False,FALSE,False,False,TRUE,True,False,Y,True,False,Hai,True,False,TRUE,True,False,4.0,1.0,80.0,20.0
INSP02184,2025-05-11,SCH0230,True,False,False,True,True,Yatin Prasad,Average,SCH0230,SCH0230,False,05-11-2025,2025-05-11,DASH_MM_DD_AMBIGUOUS,True,False,TRUE,True,False,FALSE,False,False,FALSE,False,False,TRUE,True,False,TRUE,True,False,3.0,2.0,60.0,40.0
INSP00422,2025-12-31,SCH0093,True,True,True,False,True,Leela Narula,Needs repair,SCH0093,SCH0093,False,31-12-2025,2025-12-31,DASH_DD_MM_YYYY,False,False,TRUE,True,False,TRUE,True,False,TRUE,True,False,na,False,False,TRUE,True,False,4.0,1.0,80.0,20.0
INSP02796,2025-07-06,SCH0600,False,True,True,True,,Anay Mahal,No remarks,SCH0600,SCH0600,False,06.07.2025,2025-07-06,DOT_DD_MM_AMBIGUOUS,True,False,FALSE,False,False,TRUE,True,False,TRUE,True,False,TRUE,True,False,,,True,3.0,1.0,60.0,20.0
INSP02149,2025-08-22,SCH0566,True,True,False,False,True,Alka Bawa,,566,SCH0566,True,08-22-2025,2025-08-22,DASH_MM_DD_YYYY,False,False,TRUE,True,False,TRUE,True,False,FALSE,False,False,FALSE,False,False,TRUE,True,False,3.0,2.0,60.0,40.0
INSP01369,2025-04-28,SCH0287,True,True,True,False,False,Rachana Dass,Toilets locked,SCH0287,SCH0287,False,28-04-2025,2025-04-28,DASH_DD_MM_YYYY,False,False,Functional,True,False,Working,True,False,TRUE,True,False,FALSE,False,False,na,False,False,3.0,2.0,60.0,40.0
INSP00557,2025-04-30,SCH0356,False,True,True,False,True,Saumya Narang,Average,SCH0356,SCH0356,False,30-04-2025,2025-04-30,DASH_DD_MM_YYYY,False,False,FALSE,False,False,Yes,True,False,TRUE,True,False,FALSE,False,False,1,True,False,3.0,2.0,60.0,40.0
INSP02460,2025-04-16,SCH0257,True,True,False,False,False,Dipta De,Toilets locked,SCH-0257,SCH0257,True,04-16-2025,2025-04-16,DASH_MM_DD_YYYY,False,False,TRUE,True,False,haan,True,False,No,False,False,Not Available,False,False,Nahi,False,False,2.0,3.0,40.0,60.0
INSP01661,2025-12-25,SCH0119,True,True,True,False,True,Wyatt Sharaf,Toilets locked,SCH0119,SCH0119,False,25-12-2025,2025-12-25,DASH_DD_MM_YYYY,False,False,TRUE,True,False,H,True,False,haan,True,False,Under Repair,False,False,Haan,True,False,4.0,1.0,80.0,20.0
INSP02817,2025-06-22,SCH0054,False,True,,True,,Aahana Sani,,S0054,SCH0054,True,22-Jun-25,2025-06-22,TEXT_MONTH,False,False,FALSE,False,False,Yes,True,False,,,True,TRUE,True,False,,,True,2.0,1.0,40.0,20.0
INSP02045,2025-07-06,SCH0458,True,True,True,False,False,Rishi Sridhar,Good condition,SCH0458,SCH0458,False,06.07.2025,2025-07-06,DOT_DD_MM_AMBIGUOUS,True,False,TRUE,True,False,1,True,False,Hai,True,False,Nahi hai,False,False,FALSE,False,False,3.0,2.0,60.0,40.0
INSP00571,2025-07-30,SCH0223,True,True,True,True,,Yash Sami,,SCH0223,SCH0223,False,07-30-2025,2025-07-30,DASH_MM_DD_YYYY,False,False,TRUE,True,False,TRUE,True,False,TRUE,True,False,TRUE,True,False,,,True,4.0,0.0,80.0,0.0
INSP00353,2025-06-17,SCH0276,True,True,True,False,False,Patrick Rau,,SCH-0276,SCH0276,True,17-06-2025,2025-06-17,DASH_DD_MM_YYYY,False,False,TRUE,True,False,TRUE,True,False,Y,True,False,Broken,False,False,No,False,False,3.0,2.0,60.0,40.0
INSP00092,2026-01-07,SCH0555,True,True,True,False,False,Warda Krishna,,sch_0555,SCH0555,True,07.01.2026,2026-01-07,DOT_DD_MM_AMBIGUOUS,True,False,Haan,True,False,Hai,True,False,Available,True,False,FALSE,False,False,Under Repair,False,False,3.0,2.0,60.0,40.0
INSP02969,2025-10-09,SCH0329,True,True,True,True,True,Rayaan Mital,Needs repair,sch_0329,SCH0329,True,10-09-2025,2025-10-09,DASH_MM_DD_AMBIGUOUS,True,False,TRUE,True,False,Functional,True,False,1,True,False,1,True,False,Hai,True,False,5.0,0.0,100.0,0.0
INSP02665,2025-04-11,SCH0314,False,True,True,False,False,,No remarks,SCH0314,SCH0314,False,11.04.2025,2025-04-11,DOT_DD_MM_AMBIGUOUS,True,False,FALSE,False,False,TRUE,True,False,Y,True,False,No,False,False,Broken,False,False,2.0,3.0,40.0,60.0
INSP01171,2025-11-29,SCH0534,True,False,True,True,True,Chaitaly Balan,No remarks,SCH0534,SCH0534,False,29-Nov-25,2025-11-29,TEXT_MONTH,False,False,TRUE,True,False,Nahi hai,False,False,Yes,True,False,Working,True,False,Haan,True,False,4.0,1.0,80.0,20.0
INSP02896,2025-09-06,SCH0075,False,False,False,,True,Praneel Deo,,SCH-0075,SCH0075,True,09-06-2025,2025-09-06,DASH_MM_DD_AMBIGUOUS,True,False,Not Available,False,False,No,False,False,FALSE,False,False,,,True,Available,True,False,1.0,3.0,20.0,60.0
INSP01286,2026-03-24,SCH0423,True,,True,True,False,Wazir Sehgal,Average,sch_0423,SCH0423,True,24.03.2026,2026-03-24,DOT_DD_MM_YYYY,False,False,TRUE,True,False,,,True,TRUE,True,False,TRUE,True,False,FALSE,False,False,3.0,1.0,60.0,20.0
INSP02169,2025-06-16,SCH0037,True,True,False,True,False,Qarin Parmar,No remarks,SCH0037,SCH0037,False,16-06-2025,2025-06-16,DASH_DD_MM_YYYY,False,False,haan,True,False,TRUE,True,False,FALSE,False,False,1,True,False,No,False,False,3.0,2.0,60.0,40.0
INSP02216,2025-09-27,SCH0318,True,True,False,False,False,Vedika Deshpande,,sch_0318,SCH0318,True,27.09.2025,2025-09-27,DOT_DD_MM_YYYY,False,False,TRUE,True,False,TRUE,True,False,Nahi,False,False,FALSE,False,False,No,False,False,2.0,3.0,40.0,60.0
INSP01592,2025-06-17,SCH0234,True,True,True,True,False,Jhalak Choudhry,,SCH0234,SCH0234,False,17-06-2025,2025-06-17,DASH_DD_MM_YYYY,False,False,TRUE,True,False,TRUE,True,False,haan,True,False,Hai,True,False,na,False,False,4.0,1.0,80.0,20.0
INSP02634,2026-02-11,SCH0442,True,False,True,True,True,Wazir Kapur,Toilets locked,SCH0442,SCH0442,False,11-Feb-26,2026-02-11,TEXT_MONTH,False,False,Functional,True,False,FALSE,False,False,Y,True,False,TRUE,True,False,TRUE,True,False,4.0,1.0,80.0,20.0
INSP00698,2025-08-15,SCH0351,True,True,True,True,True,Victor Bhandari,,SCH0351,SCH0351,False,15.08.2025,2025-08-15,DOT_DD_MM_YYYY,False,False,TRUE,True,False,H,True,False,TRUE,True,False,Available,True,False,Y,True,False,5.0,0.0,100.0,0.0
INSP02637,2025-09-17,SCH0327,True,True,False,False,True,Oscar Sunder,No remarks,SCH-0327,SCH0327,True,17-09-2025,2025-09-17,DASH_DD_MM_YYYY,False,False,Yes,True,False,Functional,True,False,No,False,False,FALSE,False,False,Y,True,False,3.0,2.0,60.0,40.0
INSP00349,2026-05-02,SCH0207,False,True,True,True,False,Qushi Shere,Good condition,SCH0207,SCH0207,False,05-02-2026,2026-05-02,DASH_MM_DD_AMBIGUOUS,True,False,0,False,False,TRUE,True,False,Available,True,False,Yes,True,False,FALSE,False,False,3.0,2.0,60.0,40.0
INSP01747,2025-05-30,SCH0344,False,True,True,False,False,Edhitha Soman,No remarks,SCH0344,SCH0344,False,30-05-2025,2025-05-30,DASH_DD_MM_YYYY,False,False,Kharab,False,False,TRUE,True,False,H,True,False,FALSE,False,False,Not Available,False,False,2.0,3.0,40.0,60.0
INSP02470,2025-10-14,SCH0078,,True,False,False,True,Yauvani Mistry,Average,S0078,SCH0078,True,14-10-2025,2025-10-14,DASH_DD_MM_YYYY,False,False,,,True,TRUE,True,False,Nahi hai,False,False,Nahi,False,False,TRUE,True,False,2.0,2.0,40.0,40.0
INSP02858,2025-10-07,SCH0154,True,True,True,False,True,Reyansh Bhatnagar,,sch0154,SCH0154,True,10-07-2025,2025-10-07,DASH_MM_DD_AMBIGUOUS,True,False,TRUE,True,False,TRUE,True,False,Y,True,False,Nahi,False,False,H,True,False,4.0,1.0,80.0,20.0
INSP02358,2025-06-24,SCH0109,True,True,True,True,True,Wakeeta Gaba,Average,sch0109,SCH0109,True,24-06-2025,2025-06-24,DASH_DD_MM_YYYY,False,False,TRUE,True,False,H,True,False,TRUE,True,False,1,True,False,TRUE,True,False,5.0,0.0,100.0,0.0
INSP01138,2025-06-12,SCH0007,True,True,True,False,True,Brinda Nanda,No remarks,SCH0007,SCH0007,False,06-12-2025,2025-06-12,DASH_MM_DD_AMBIGUOUS,True,False,TRUE,True,False,TRUE,True,False,Hai,True,False,Nahi hai,False,False,1,True,False,4.0,1.0,80.0,20.0
INSP02005,2025-08-04,SCH0422,True,,False,False,True,Ranveer Chadha,Toilets locked,sch_0422,SCH0422,True,08-04-2025,2025-08-04,DASH_MM_DD_AMBIGUOUS,True,False,TRUE,True,False,,,True,na,False,False,Nahi hai,False,False,TRUE,True,False,2.0,2.0,40.0,40.0
INSP01621,2025-10-01,SCH0482,True,False,True,True,False,Darsh Narang,Needs repair,sch_0482,SCH0482,True,01.10.2025,2025-10-01,DOT_DD_MM_AMBIGUOUS,True,False,haan,True,False,Nahi,False,False,Haan,True,False,TRUE,True,False,0,False,False,3.0,2.0,60.0,40.0
INSP02979,2025-08-03,SCH0031,True,True,,False,True,Samesh Dar,Needs repair,sch0031,SCH0031,True,08-03-2025,2025-08-03,DASH_MM_DD_AMBIGUOUS,True,False,1,True,False,TRUE,True,False,,,True,FALSE,False,False,Y,True,False,3.0,1.0,60.0,20.0
INSP02963,2025-08-19,SCH0398,True,True,True,True,False,Anika Pandya,Toilets locked,SCH0398,SCH0398,False,19-08-2025,2025-08-19,DASH_DD_MM_YYYY,False,False,TRUE,True,False,Functional,True,False,TRUE,True,False,TRUE,True,False,No,False,False,4.0,1.0,80.0,20.0
INSP01340,2026-03-15,SCH0223,True,True,True,False,True,Lipika Kara,Average,SCH0223,SCH0223,False,15-Mar-26,2026-03-15,TEXT_MONTH,False,False,TRUE,True,False,TRUE,True,False,TRUE,True,False,FALSE,False,False,TRUE,True,False,4.0,1.0,80.0,20.0
INSP02620,2026-02-09,SCH0584,True,False,True,False,True,Ucchal Kapur,Needs repair,584,SCH0584,True,09-Feb-26,2026-02-09,TEXT_MONTH,False,False,TRUE,True,False,na,False,False,TRUE,True,False,FALSE,False,False,TRUE,True,False,3.0,2.0,60.0,40.0
INSP00454,2025-06-22,SCH0071,False,,True,True,True,Yashvi Talwar,Toilets locked,SCH0071,SCH0071,False,22-06-2025,2025-06-22,DASH_DD_MM_YYYY,False,False,0,False,False,,,True,Y,True,False,H,True,False,Working,True,False,3.0,1.0,60.0,20.0
INSP00914,2025-12-09,SCH0323,True,True,True,True,False,Ati Suri,Average,SCH0323,SCH0323,False,12-09-2025,2025-12-09,DASH_MM_DD_AMBIGUOUS,True,False,Y,True,False,TRUE,True,False,Yes,True,False,Haan,True,False,0,False,False,4.0,1.0,80.0,20.0
INSP02339,2026-01-07,SCH0069,True,False,True,True,True,Hritik Dutt,,69,SCH0069,True,01-07-2026,2026-01-07,DASH_MM_DD_AMBIGUOUS,True,False,TRUE,True,False,Broken,False,False,TRUE,True,False,TRUE,True,False,TRUE,True,False,4.0,1.0,80.0,20.0
INSP01200,2025-06-24,SCH0009,True,,True,True,False,Janya Murty,Good condition,9,SCH0009,True,24.06.2025,2025-06-24,DOT_DD_MM_YYYY,False,False,Hai,True,False,,,True,haan,True,False,TRUE,True,False,FALSE,False,False,3.0,1.0,60.0,20.0
INSP01275,2026-03-29,SCH0562,True,True,False,False,True,Ekanta Mangat,Average,SCH0562,SCH0562,False,29-03-2026,2026-03-29,DASH_DD_MM_YYYY,False,False,TRUE,True,False,Y,True,False,Nahi,False,False,Nahi,False,False,TRUE,True,False,3.0,2.0,60.0,40.0
INSP02060,2025-12-20,SCH0571,False,True,False,True,True,Dev Walia,,sch0571,SCH0571,True,12-20-2025,2025-12-20,DASH_MM_DD_YYYY,False,False,na,False,False,Hai,True,False,FALSE,False,False,TRUE,True,False,1,True,False,3.0,2.0,60.0,40.0
INSP00038,2025-08-16,SCH0496,True,True,True,False,True,Deepa Mahal,Needs repair,sch0496,SCH0496,True,16-Aug-25,2025-08-16,TEXT_MONTH,False,False,H,True,False,TRUE,True,False,Haan,True,False,FALSE,False,False,H,True,False,4.0,1.0,80.0,20.0
INSP00975,2025-05-26,SCH0464,False,True,True,True,True,Gaurika Ranganathan,Good condition,SCH0464,SCH0464,False,26-05-2025,2025-05-26,DASH_DD_MM_YYYY,False,False,Nahi hai,False,False,Y,True,False,TRUE,True,False,TRUE,True,False,TRUE,True,False,4.0,1.0,80.0,20.0
INSP02912,2025-11-24,SCH0404,False,True,True,True,True,Veer Narayanan,Needs repair,SCH0404,SCH0404,False,24-11-2025,2025-11-24,DASH_DD_MM_YYYY,False,False,Nahi hai,False,False,Haan,True,False,TRUE,True,False,TRUE,True,False,Available,True,False,4.0,1.0,80.0,20.0
INSP00984,2025-10-14,SCH0114,,True,False,True,False,,Needs repair,114,SCH0114,True,14-10-2025,2025-10-14,DASH_DD_MM_YYYY,False,False,,,True,H,True,False,No,False,False,Hai,True,False,FALSE,False,False,2.0,2.0,40.0,40.0
INSP02014,2025-04-28,SCH0409,False,True,True,True,,Kiaan Vaidya,Average,SCH0409,SCH0409,False,28-04-2025,2025-04-28,DASH_DD_MM_YYYY,False,False,Nahi,False,False,1,True,False,TRUE,True,False,Yes,True,False,,,True,3.0,1.0,60.0,20.0
INSP02120,2025-07-26,SCH0457,True,True,True,False,False,Victor Subramaniam,Needs repair,sch0457,SCH0457,True,26-Jul-25,2025-07-26,TEXT_MONTH,False,False,Available,True,False,TRUE,True,False,TRUE,True,False,Not Available,False,False,FALSE,False,False,3.0,2.0,60.0,40.0
INSP01419,2026-02-17,SCH0280,False,True,True,True,False,Joshua Korpal,Needs repair,SCH0280,SCH0280,False,17-02-2026,2026-02-17,DASH_DD_MM_YYYY,False,False,FALSE,False,False,TRUE,True,False,H,True,False,Working,True,False,Kharab,False,False,3.0,2.0,60.0,40.0
INSP01285,2026-03-30,SCH0291,True,False,True,True,False,Yutika Behl,Average,sch_0291,SCH0291,True,30-03-2026,2026-03-30,DASH_DD_MM_YYYY,False,False,TRUE,True,False,Kharab,False,False,Yes,True,False,Yes,True,False,na,False,False,3.0,2.0,60.0,40.0
INSP02162,2025-10-07,SCH0001,True,True,True,False,False,Imaran Iyengar,No remarks,SCH0001,SCH0001,False,10-07-2025,2025-10-07,DASH_MM_DD_AMBIGUOUS,True,False,TRUE,True,False,Yes,True,False,1,True,False,FALSE,False,False,FALSE,False,False,3.0,2.0,60.0,40.0
INSP00040,2025-04-18,SCH0180,True,True,True,False,True,Xavier Manda,Needs repair,sch0180,SCH0180,True,04-18-2025,2025-04-18,DASH_MM_DD_YYYY,False,False,TRUE,True,False,TRUE,True,False,TRUE,True,False,Under Repair,False,False,Functional,True,False,4.0,1.0,80.0,20.0
INSP01487,2025-05-18,SCH0280,True,True,True,True,True,,,SCH-0280,SCH0280,True,18-05-2025,2025-05-18,DASH_DD_MM_YYYY,False,False,Y,True,False,haan,True,False,TRUE,True,False,Y,True,False,Working,True,False,5.0,0.0,100.0,0.0
INSP01992,2025-09-06,SCH0382,True,True,True,True,False,Indali Gandhi,No remarks,SCH-0382,SCH0382,True,09-06-2025,2025-09-06,DASH_MM_DD_AMBIGUOUS,True,False,H,True,False,Available,True,False,TRUE,True,False,TRUE,True,False,0,False,False,4.0,1.0,80.0,20.0
INSP00170,2025-04-07,SCH0102,True,True,True,True,True,Ekani Kaul,Good condition,sch0102,SCH0102,True,04-07-2025,2025-04-07,DASH_MM_DD_AMBIGUOUS,True,False,Haan,True,False,TRUE,True,False,TRUE,True,False,TRUE,True,False,Hai,True,False,5.0,0.0,100.0,0.0
INSP01356,2025-05-18,SCH0017,True,True,False,False,False,Dipta Kapoor,,S0017,SCH0017,True,05-18-2025,2025-05-18,DASH_MM_DD_YYYY,False,False,TRUE,True,False,Available,True,False,0,False,False,FALSE,False,False,Under Repair,False,False,2.0,3.0,40.0,60.0
INSP00738,2025-08-28,SCH0497,False,True,True,True,False,,Good condition,SCH0497,SCH0497,False,28-08-2025,2025-08-28,DASH_DD_MM_YYYY,False,False,FALSE,False,False,TRUE,True,False,TRUE,True,False,TRUE,True,False,Kharab,False,False,3.0,2.0,60.0,40.0
INSP01737,2025-10-05,SCH0181,True,True,True,True,False,,,sch_0181,SCH0181,True,10-05-2025,2025-10-05,DASH_MM_DD_AMBIGUOUS,True,False,TRUE,True,False,TRUE,True,False,TRUE,True,False,Haan,True,False,FALSE,False,False,4.0,1.0,80.0,20.0
INSP02839,2026-02-11,SCH0511,True,True,True,True,True,Rudra Memon,,SCH0511,SCH0511,False,11.02.2026,2026-02-11,DOT_DD_MM_AMBIGUOUS,True,False,TRUE,True,False,TRUE,True,False,1,True,False,Yes,True,False,Haan,True,False,5.0,0.0,100.0,0.0
INSP01565,2025-05-26,SCH0533,True,False,True,,True,,Average,SCH-0533,SCH0533,True,26-05-2025,2025-05-26,DASH_DD_MM_YYYY,False,False,TRUE,True,False,0,False,False,TRUE,True,False,,,True,TRUE,True,False,3.0,1.0,60.0,20.0
INSP02088,2026-05-03,SCH0087,True,True,True,True,True,Rachana Wali,Toilets locked,sch_0087,SCH0087,True,05-03-2026,2026-05-03,DASH_MM_DD_AMBIGUOUS,True,False,1,True,False,TRUE,True,False,haan,True,False,TRUE,True,False,Y,True,False,5.0,0.0,100.0,0.0
INSP00635,2025-10-30,SCH0523,True,True,False,True,False,,,SCH-0523,SCH0523,True,30.10.2025,2025-10-30,DOT_DD_MM_YYYY,False,False,TRUE,True,False,TRUE,True,False,0,False,False,TRUE,True,False,na,False,False,3.0,2.0,60.0,40.0
INSP02785,2025-07-04,SCH0067,True,False,True,True,False,Yatin Dara,Average,SCH0067,SCH0067,False,04-Jul-25,2025-07-04,TEXT_MONTH,False,False,1,True,False,FALSE,False,False,TRUE,True,False,TRUE,True,False,FALSE,False,False,3.0,2.0,60.0,40.0
INSP02090,2025-07-24,SCH0491,,True,True,False,False,Jonathan Iyer,Toilets locked,SCH0491,SCH0491,False,24-Jul-25,2025-07-24,TEXT_MONTH,False,False,,,True,TRUE,True,False,TRUE,True,False,Under Repair,False,False,0,False,False,2.0,2.0,40.0,40.0
INSP01641,2026-01-26,SCH0430,True,True,False,False,True,Darpan Ganesh,Good condition,430,SCH0430,True,26-Jan-26,2026-01-26,TEXT_MONTH,False,False,Working,True,False,TRUE,True,False,N,False,False,Nahi hai,False,False,TRUE,True,False,3.0,2.0,60.0,40.0
INSP01291,2026-03-29,SCH0163,,True,False,True,True,Sachi Mahal,,sch0163,SCH0163,True,29.03.2026,2026-03-29,DOT_DD_MM_YYYY,False,False,,,True,TRUE,True,False,na,False,False,Hai,True,False,Working,True,False,3.0,1.0,60.0,20.0
INSP02461,2026-04-03,SCH0435,True,True,False,False,False,Adya Date,No remarks,S0435,SCH0435,True,04-03-2026,2026-04-03,DASH_MM_DD_AMBIGUOUS,True,False,TRUE,True,False,TRUE,True,False,N,False,False,FALSE,False,False,Under Repair,False,False,2.0,3.0,40.0,60.0
INSP01381,2026-02-13,SCH0460,True,True,False,False,False,Ishaan Sharaf,Good condition,SCH0460,SCH0460,False,13-02-2026,2026-02-13,DASH_DD_MM_YYYY,False,False,TRUE,True,False,haan,True,False,0,False,False,FALSE,False,False,FALSE,False,False,2.0,3.0,40.0,60.0
INSP00580,2025-04-15,SCH0164,False,True,False,False,False,Nathan Dhar,Good condition,SCH0164,SCH0164,False,15-04-2025,2025-04-15,DASH_DD_MM_YYYY,False,False,FALSE,False,False,Y,True,False,FALSE,False,False,0,False,False,na,False,False,1.0,4.0,20.0,80.0
INSP00329,2025-12-23,SCH0294,True,True,True,True,False,Simon Koshy,No remarks,SCH-0294,SCH0294,True,23-12-2025,2025-12-23,DASH_DD_MM_YYYY,False,False,Available,True,False,Y,True,False,Functional,True,False,TRUE,True,False,FALSE,False,False,4.0,1.0,80.0,20.0
INSP01833,2025-05-17,SCH0252,True,True,True,False,True,Nirja Bhardwaj,Toilets locked,sch_0252,SCH0252,True,17-05-2025,2025-05-17,DASH_DD_MM_YYYY,False,False,TRUE,True,False,Yes,True,False,Yes,True,False,FALSE,False,False,TRUE,True,False,4.0,1.0,80.0,20.0
INSP00893,2025-09-02,SCH0062,False,False,True,True,True,Vaishnavi Setty,Toilets locked,SCH-0062,SCH0062,True,02.09.2025,2025-09-02,DOT_DD_MM_AMBIGUOUS,True,False,FALSE,False,False,No,False,False,TRUE,True,False,1,True,False,TRUE,True,False,3.0,2.0,60.0,40.0
INSP01144,2025-07-11,SCH0112,False,True,False,True,False,Utkarsh Mallick,Toilets locked,sch_0112,SCH0112,True,11.07.2025,2025-07-11,DOT_DD_MM_AMBIGUOUS,True,False,N,False,False,haan,True,False,FALSE,False,False,TRUE,True,False,FALSE,False,False,2.0,3.0,40.0,60.0
INSP00781,2025-05-09,SCH0441,False,False,True,True,True,Samaksh Shukla,No remarks,SCH0441,SCH0441,False,05-09-2025,2025-05-09,DASH_MM_DD_AMBIGUOUS,True,False,N,False,False,FALSE,False,False,Yes,True,False,TRUE,True,False,haan,True,False,3.0,2.0,60.0,40.0
INSP00160,2026-01-01,SCH0200,False,False,True,True,False,Nidra Hayer,No remarks,sch0200,SCH0200,True,01-Jan-26,2026-01-01,TEXT_MONTH,False,False,FALSE,False,False,FALSE,False,False,Y,True,False,TRUE,True,False,0,False,False,2.0,3.0,40.0,60.0
INSP01731,2025-06-22,SCH0149,True,True,True,False,True,Ishani Goel,Toilets locked,sch_0149,SCH0149,True,06-22-2025,2025-06-22,DASH_MM_DD_YYYY,False,False,TRUE,True,False,Y,True,False,Functional,True,False,FALSE,False,False,H,True,False,4.0,1.0,80.0,20.0
INSP01930,2025-12-30,SCH0396,True,False,True,False,,Madhavi Bassi,Good condition,SCH0396,SCH0396,False,30-Dec-25,2025-12-30,TEXT_MONTH,False,False,haan,True,False,FALSE,False,False,TRUE,True,False,No,False,False,,,True,2.0,2.0,40.0,40.0
INSP02448,2025-07-28,SCH0445,True,True,True,False,False,,No remarks,SCH0445,SCH0445,False,28-Jul-25,2025-07-28,TEXT_MONTH,False,False,Functional,True,False,H,True,False,Y,True,False,FALSE,False,False,Nahi,False,False,3.0,2.0,60.0,40.0
INSP00062,2026-04-02,SCH0502,True,True,False,False,False,Abhiram Gandhi,,sch0502,SCH0502,True,04-02-2026,2026-04-02,DASH_MM_DD_AMBIGUOUS,True,False,TRUE,True,False,TRUE,True,False,Nahi,False,False,na,False,False,FALSE,False,False,2.0,3.0,40.0,60.0
INSP00850,2025-07-03,SCH0055,True,False,True,True,False,Niharika Kannan,Toilets locked,sch0055,SCH0055,True,03.07.2025,2025-07-03,DOT_DD_MM_AMBIGUOUS,True,False,TRUE,True,False,FALSE,False,False,TRUE,True,False,1,True,False,FALSE,False,False,3.0,2.0,60.0,40.0
INSP02246,2025-06-21,SCH0081,True,True,True,True,False,Upadhriti Chada,Toilets locked,SCH0081,SCH0081,False,21-Jun-25,2025-06-21,TEXT_MONTH,False,False,TRUE,True,False,Yes,True,False,TRUE,True,False,TRUE,True,False,Nahi,False,False,4.0,1.0,80.0,20.0
INSP01597,2026-10-01,SCH0326,True,,False,True,False,Aashi Bassi,Toilets locked,SCH0326,SCH0326,False,10-01-2026,2026-10-01,DASH_MM_DD_AMBIGUOUS,True,False,Yes,True,False,,,True,FALSE,False,False,TRUE,True,False,FALSE,False,False,2.0,2.0,40.0,40.0
INSP01044,2026-03-16,SCH0066,True,True,True,True,True,Chandresh Varghese,Toilets locked,S0066,SCH0066,True,16-03-2026,2026-03-16,DASH_DD_MM_YYYY,False,False,haan,True,False,TRUE,True,False,H,True,False,H,True,False,Y,True,False,5.0,0.0,100.0,0.0
INSP02984,2025-05-15,SCH0311,True,True,True,True,True,Bishakha Sood,No remarks,SCH-0311,SCH0311,True,05-15-2025,2025-05-15,DASH_MM_DD_YYYY,False,False,TRUE,True,False,haan,True,False,Available,True,False,Yes,True,False,1,True,False,5.0,0.0,100.0,0.0
INSP01545,2025-10-24,SCH0116,False,True,True,False,False,Rayaan Chauhan,Average,SCH0116,SCH0116,False,24-10-2025,2025-10-24,DASH_DD_MM_YYYY,False,False,FALSE,False,False,TRUE,True,False,TRUE,True,False,Nahi hai,False,False,Kharab,False,False,2.0,3.0,40.0,60.0
INSP02100,2025-05-08,SCH0194,True,True,True,False,False,Priya Tank,Needs repair,194,SCH0194,True,05-08-2025,2025-05-08,DASH_MM_DD_AMBIGUOUS,True,False,Functional,True,False,TRUE,True,False,TRUE,True,False,FALSE,False,False,FALSE,False,False,3.0,2.0,60.0,40.0
INSP01071,2025-05-25,SCH0456,True,True,False,True,True,Daniel Oak,No remarks,SCH-0456,SCH0456,True,25-05-2025,2025-05-25,DASH_DD_MM_YYYY,False,False,haan,True,False,TRUE,True,False,FALSE,False,False,TRUE,True,False,Hai,True,False,4.0,1.0,80.0,20.0
INSP00054,2025-12-04,SCH0271,True,True,True,True,False,,Toilets locked,SCH0271,SCH0271,False,12-04-2025,2025-12-04,DASH_MM_DD_AMBIGUOUS,True,False,Yes,True,False,Functional,True,False,Hai,True,False,TRUE,True,False,No,False,False,4.0,1.0,80.0,20.0
INSP02672,2025-10-29,SCH0229,,True,True,True,True,Ekani Devi,Needs repair,SCH0229,SCH0229,False,29-10-2025,2025-10-29,DASH_DD_MM_YYYY,False,False,,,True,Yes,True,False,TRUE,True,False,TRUE,True,False,TRUE,True,False,4.0,0.0,80.0,0.0
INSP00259,2025-10-28,SCH0392,True,True,True,False,False,Baghyawati Mani,Toilets locked,392,SCH0392,True,10-28-2025,2025-10-28,DASH_MM_DD_YYYY,False,False,TRUE,True,False,Y,True,False,H,True,False,N,False,False,No,False,False,3.0,2.0,60.0,40.0
INSP00506,2026-01-21,SCH0207,True,True,True,,,Vansha Chaudhary,Toilets locked,S0207,SCH0207,True,21-Jan-26,2026-01-21,TEXT_MONTH,False,False,TRUE,True,False,Yes,True,False,Y,True,False,,,True,,,True,3.0,0.0,60.0,0.0
INSP00753,2025-09-19,SCH0109,True,True,True,False,True,Mahika Sabharwal,Needs repair,sch0109,SCH0109,True,19-09-2025,2025-09-19,DASH_DD_MM_YYYY,False,False,TRUE,True,False,TRUE,True,False,TRUE,True,False,na,False,False,TRUE,True,False,4.0,1.0,80.0,20.0
INSP02402,2026-03-30,SCH0033,True,True,True,,False,Indrajit Sarma,Needs repair,SCH0033,SCH0033,False,30-Mar-26,2026-03-30,TEXT_MONTH,False,False,1,True,False,Haan,True,False,haan,True,False,,,True,FALSE,False,False,3.0,1.0,60.0,20.0
INSP00218,2025-04-19,SCH0457,True,True,True,True,True,Tanvi Ramakrishnan,Good condition,SCH-0457,SCH0457,True,04-19-2025,2025-04-19,DASH_MM_DD_YYYY,False,False,TRUE,True,False,Y,True,False,1,True,False,TRUE,True,False,haan,True,False,5.0,0.0,100.0,0.0
INSP00825,2025-10-19,SCH0152,True,True,False,True,False,Qabil Khanna,Average,SCH0152,SCH0152,False,19-Oct-25,2025-10-19,TEXT_MONTH,False,False,TRUE,True,False,TRUE,True,False,FALSE,False,False,Hai,True,False,FALSE,False,False,3.0,2.0,60.0,40.0
INSP01962,2026-01-02,SCH0172,True,True,,False,False,Chatura Bassi,Toilets locked,S0172,SCH0172,True,01-02-2026,2026-01-02,DASH_MM_DD_AMBIGUOUS,True,False,TRUE,True,False,Y,True,False,,,True,FALSE,False,False,FALSE,False,False,2.0,2.0,40.0,40.0
INSP02397,2025-05-15,SCH0095,True,True,True,,False,Kamya Virk,Average,SCH0095,SCH0095,False,15-May-25,2025-05-15,TEXT_MONTH,False,False,Yes,True,False,TRUE,True,False,TRUE,True,False,,,True,Nahi,False,False,3.0,1.0,60.0,20.0
INSP01390,2025-06-20,SCH0390,True,True,False,True,False,Inaya Grewal,Good condition,SCH0390,SCH0390,False,20-06-2025,2025-06-20,DASH_DD_MM_YYYY,False,False,TRUE,True,False,Y,True,False,No,False,False,TRUE,True,False,FALSE,False,False,3.0,2.0,60.0,40.0
INSP02633,2025-08-05,SCH0174,,True,True,False,True,Champak Chander,Average,SCH-0174,SCH0174,True,05.08.2025,2025-08-05,DOT_DD_MM_AMBIGUOUS,True,False,,,True,1,True,False,haan,True,False,FALSE,False,False,haan,True,False,3.0,1.0,60.0,20.0
INSP01267,2025-09-10,SCH0343,True,True,True,True,True,Amrita Buch,Toilets locked,SCH0343,SCH0343,False,09-10-2025,2025-09-10,DASH_MM_DD_AMBIGUOUS,True,False,TRUE,True,False,TRUE,True,False,Haan,True,False,Working,True,False,Functional,True,False,5.0,0.0,100.0,0.0
INSP02594,2025-06-24,SCH0107,True,True,True,True,False,Daksh Oza,No remarks,sch0107,SCH0107,True,24-06-2025,2025-06-24,DASH_DD_MM_YYYY,False,False,H,True,False,TRUE,True,False,TRUE,True,False,TRUE,True,False,Nahi,False,False,4.0,1.0,80.0,20.0
INSP01910,2025-05-04,SCH0439,True,False,True,False,False,Baljiwan Kunda,Good condition,SCH0439,SCH0439,False,05-04-2025,2025-05-04,DASH_MM_DD_AMBIGUOUS,True,False,TRUE,True,False,FALSE,False,False,Haan,True,False,No,False,False,0,False,False,2.0,3.0,40.0,60.0
INSP01599,2026-02-18,SCH0303,True,True,True,False,True,Balvan Naik,Needs repair,sch0303,SCH0303,True,02-18-2026,2026-02-18,DASH_MM_DD_YYYY,False,False,TRUE,True,False,TRUE,True,False,Yes,True,False,FALSE,False,False,TRUE,True,False,4.0,1.0,80.0,20.0
INSP02160,2025-07-05,SCH0594,True,True,True,False,False,Vrishti Dhaliwal,Toilets locked,SCH0594,SCH0594,False,07-05-2025,2025-07-05,DASH_MM_DD_AMBIGUOUS,True,False,Hai,True,False,Yes,True,False,TRUE,True,False,No,False,False,FALSE,False,False,3.0,2.0,60.0,40.0
INSP01608,2025-09-05,SCH0367,True,False,True,True,False,Bakhshi Sani,,sch_0367,SCH0367,True,05.09.2025,2025-09-05,DOT_DD_MM_AMBIGUOUS,True,False,1,True,False,N,False,False,TRUE,True,False,TRUE,True,False,Not Available,False,False,3.0,2.0,60.0,40.0
INSP01830,2025-09-11,SCH0390,,True,True,,True,Yauvani Mani,Average,SCH0390,SCH0390,False,11-Sep-25,2025-09-11,TEXT_MONTH,False,False,,,True,Working,True,False,Yes,True,False,,,True,TRUE,True,False,3.0,0.0,60.0,0.0
INSP00772,2025-12-12,SCH0104,True,True,True,False,True,Finn Bath,Good condition,sch_0104,SCH0104,True,12-12-2025,2025-12-12,DASH_MM_DD_AMBIGUOUS,True,False,Working,True,False,Functional,True,False,TRUE,True,False,Under Repair,False,False,Y,True,False,4.0,1.0,80.0,20.0
INSP02945,2025-11-11,SCH0551,False,,True,False,False,Aayush Vora,Toilets locked,sch0551,SCH0551,True,11-11-2025,2025-11-11,DASH_MM_DD_AMBIGUOUS,True,False,FALSE,False,False,,,True,TRUE,True,False,FALSE,False,False,No,False,False,1.0,3.0,20.0,60.0
INSP01961,2025-01-08,SCH0007,True,True,True,True,False,,No remarks,SCH-0007,SCH0007,True,01-08-2025,2025-01-08,DASH_MM_DD_AMBIGUOUS,True,False,Hai,True,False,Yes,True,False,1,True,False,TRUE,True,False,FALSE,False,False,4.0,1.0,80.0,20.0
INSP02823,2025-07-29,SCH0587,True,True,False,True,False,Kashvi Sarin,Toilets locked,sch0587,SCH0587,True,29.07.2025,2025-07-29,DOT_DD_MM_YYYY,False,False,TRUE,True,False,TRUE,True,False,FALSE,False,False,TRUE,True,False,N,False,False,3.0,2.0,60.0,40.0
INSP01086,2025-11-19,SCH0383,True,True,True,,False,Meera Narain,,sch0383,SCH0383,True,19-11-2025,2025-11-19,DASH_DD_MM_YYYY,False,False,Available,True,False,TRUE,True,False,TRUE,True,False,,,True,FALSE,False,False,3.0,1.0,60.0,20.0
INSP02250,2025-08-27,SCH0023,True,,True,True,False,Jagvi Bhardwaj,,SCH-0023,SCH0023,True,27-08-2025,2025-08-27,DASH_DD_MM_YYYY,False,False,TRUE,True,False,,,True,TRUE,True,False,Y,True,False,na,False,False,3.0,1.0,60.0,20.0
INSP02347,2026-02-14,SCH0556,True,True,True,True,True,Aadhya Ramanathan,Good condition,sch_0556,SCH0556,True,14-02-2026,2026-02-14,DASH_DD_MM_YYYY,False,False,TRUE,True,False,H,True,False,TRUE,True,False,Yes,True,False,TRUE,True,False,5.0,0.0,100.0,0.0
INSP01326,2025-05-19,SCH0360,,True,True,False,False,Vihaan Soman,Needs repair,SCH0360,SCH0360,False,19-05-2025,2025-05-19,DASH_DD_MM_YYYY,False,False,,,True,1,True,False,Working,True,False,FALSE,False,False,FALSE,False,False,2.0,2.0,40.0,40.0
INSP02235,2026-01-18,SCH0014,True,,True,False,False,,No remarks,SCH0014,SCH0014,False,01-18-2026,2026-01-18,DASH_MM_DD_YYYY,False,False,TRUE,True,False,,,True,TRUE,True,False,0,False,False,Nahi hai,False,False,2.0,2.0,40.0,40.0
INSP01742,2026-03-09,SCH0501,True,True,True,False,True,Ojasvi Nigam,Average,SCH-0501,SCH0501,True,03-09-2026,2026-03-09,DASH_MM_DD_AMBIGUOUS,True,False,TRUE,True,False,Functional,True,False,Y,True,False,Broken,False,False,TRUE,True,False,4.0,1.0,80.0,20.0
INSP01913,2025-09-08,SCH0553,True,True,True,True,False,,No remarks,SCH0553,SCH0553,False,09-08-2025,2025-09-08,DASH_MM_DD_AMBIGUOUS,True,False,H,True,False,1,True,False,TRUE,True,False,TRUE,True,False,FALSE,False,False,4.0,1.0,80.0,20.0
INSP02363,2026-03-26,SCH0076,True,True,True,False,True,Azaan Rastogi,Needs repair,76,SCH0076,True,26-03-2026,2026-03-26,DASH_DD_MM_YYYY,False,False,Hai,True,False,Y,True,False,1,True,False,FALSE,False,False,TRUE,True,False,4.0,1.0,80.0,20.0
INSP01404,2025-09-23,SCH0083,True,True,,True,True,Warinder Kari,Good condition,SCH0083,SCH0083,False,23-09-2025,2025-09-23,DASH_DD_MM_YYYY,False,False,1,True,False,TRUE,True,False,,,True,Hai,True,False,Hai,True,False,4.0,0.0,80.0,0.0
INSP02994,2025-12-18,SCH0150,True,True,False,False,True,Rachana Seth,Needs repair,SCH0150,SCH0150,False,18-12-2025,2025-12-18,DASH_DD_MM_YYYY,False,False,Hai,True,False,TRUE,True,False,FALSE,False,False,FALSE,False,False,TRUE,True,False,3.0,2.0,60.0,40.0
INSP02366,2025-09-05,SCH0436,False,True,True,False,False,Xiti Sandhu,Toilets locked,sch_0436,SCH0436,True,09-05-2025,2025-09-05,DASH_MM_DD_AMBIGUOUS,True,False,FALSE,False,False,TRUE,True,False,Working,True,False,FALSE,False,False,FALSE,False,False,2.0,3.0,40.0,60.0
INSP01914,2025-11-22,SCH0444,True,False,False,False,False,Zashil Bora,,SCH0444,SCH0444,False,11-22-2025,2025-11-22,DASH_MM_DD_YYYY,False,False,Working,True,False,Nahi,False,False,No,False,False,FALSE,False,False,0,False,False,1.0,4.0,20.0,80.0
INSP01164,2025-10-05,SCH0456,True,True,True,False,False,Finn Jhaveri,No remarks,sch0456,SCH0456,True,10-05-2025,2025-10-05,DASH_MM_DD_AMBIGUOUS,True,False,Functional,True,False,Haan,True,False,1,True,False,0,False,False,FALSE,False,False,3.0,2.0,60.0,40.0
INSP00964,2025-04-10,SCH0430,True,,True,True,False,Chakradev Loke,Toilets locked,sch_0430,SCH0430,True,04-10-2025,2025-04-10,DASH_MM_DD_AMBIGUOUS,True,False,TRUE,True,False,,,True,TRUE,True,False,1,True,False,0,False,False,3.0,1.0,60.0,20.0
INSP02564,2025-09-28,SCH0114,False,True,True,True,False,Bahadurjit Ben,,sch_0114,SCH0114,True,28-09-2025,2025-09-28,DASH_DD_MM_YYYY,False,False,Under Repair,False,False,TRUE,True,False,TRUE,True,False,TRUE,True,False,FALSE,False,False,3.0,2.0,60.0,40.0
INSP00399,2025-05-15,SCH0555,False,True,True,True,False,Jonathan Sharma,Toilets locked,SCH0555,SCH0555,False,15-05-2025,2025-05-15,DASH_DD_MM_YYYY,False,False,FALSE,False,False,Working,True,False,TRUE,True,False,TRUE,True,False,na,False,False,3.0,2.0,60.0,40.0
INSP00585,2026-02-03,SCH0495,False,True,True,False,True,Agastya Varma,Toilets locked,sch0495,SCH0495,True,02-03-2026,2026-02-03,DASH_MM_DD_AMBIGUOUS,True,False,na,False,False,TRUE,True,False,Hai,True,False,Nahi hai,False,False,Working,True,False,3.0,2.0,60.0,40.0
INSP00949,2025-01-11,SCH0136,True,True,True,True,True,Parth Wagle,Good condition,sch0136,SCH0136,True,01-11-2025,2025-01-11,DASH_MM_DD_AMBIGUOUS,True,False,Haan,True,False,TRUE,True,False,TRUE,True,False,haan,True,False,Yes,True,False,5.0,0.0,100.0,0.0
INSP00705,2025-05-12,SCH0266,True,True,True,True,False,Kiaan Date,No remarks,sch_0266,SCH0266,True,05-12-2025,2025-05-12,DASH_MM_DD_AMBIGUOUS,True,False,TRUE,True,False,Available,True,False,TRUE,True,False,Haan,True,False,na,False,False,4.0,1.0,80.0,20.0
INSP00432,2026-01-28,SCH0254,True,True,True,True,False,Max Bath,Good condition,SCH0254,SCH0254,False,28-01-2026,2026-01-28,DASH_DD_MM_YYYY,False,False,TRUE,True,False,TRUE,True,False,Yes,True,False,1,True,False,FALSE,False,False,4.0,1.0,80.0,20.0
INSP01689,2025-04-27,SCH0130,True,False,True,False,True,Libni Agarwal,No remarks,SCH0130,SCH0130,False,27-04-2025,2025-04-27,DASH_DD_MM_YYYY,False,False,H,True,False,Nahi,False,False,TRUE,True,False,FALSE,False,False,Yes,True,False,3.0,2.0,60.0,40.0
INSP00293,2025-08-23,SCH0064,True,True,True,True,True,Warinder Sachar,Needs repair,sch_0064,SCH0064,True,23-08-2025,2025-08-23,DASH_DD_MM_YYYY,False,False,TRUE,True,False,H,True,False,Haan,True,False,TRUE,True,False,Working,True,False,5.0,0.0,100.0,0.0
INSP00146,2025-07-07,SCH0518,True,True,False,False,False,Xiti Rege,Toilets locked,SCH0518,SCH0518,False,07-Jul-25,2025-07-07,TEXT_MONTH,False,False,Hai,True,False,Available,True,False,FALSE,False,False,FALSE,False,False,0,False,False,2.0,3.0,40.0,60.0
INSP00324,2026-01-22,SCH0564,True,True,False,True,False,Max Garg,Needs repair,SCH0564,SCH0564,False,22-Jan-26,2026-01-22,TEXT_MONTH,False,False,TRUE,True,False,TRUE,True,False,FALSE,False,False,H,True,False,na,False,False,3.0,2.0,60.0,40.0
INSP02723,2025-05-07,SCH0103,True,True,True,True,False,Theodore Sidhu,Needs repair,SCH-0103,SCH0103,True,05-07-2025,2025-05-07,DASH_MM_DD_AMBIGUOUS,True,False,1,True,False,TRUE,True,False,TRUE,True,False,TRUE,True,False,Nahi,False,False,4.0,1.0,80.0,20.0
INSP02224,2025-11-07,SCH0536,True,True,True,True,False,Amrita Raju,,SCH0536,SCH0536,False,11-07-2025,2025-11-07,DASH_MM_DD_AMBIGUOUS,True,False,H,True,False,TRUE,True,False,TRUE,True,False,TRUE,True,False,FALSE,False,False,4.0,1.0,80.0,20.0
INSP01166,2025-07-16,SCH0067,True,False,True,True,True,,Toilets locked,SCH0067,SCH0067,False,16-Jul-25,2025-07-16,TEXT_MONTH,False,False,TRUE,True,False,Broken,False,False,TRUE,True,False,TRUE,True,False,TRUE,True,False,4.0,1.0,80.0,20.0
INSP01453,2025-04-17,SCH0029,True,True,False,True,False,Nathan Shenoy,Needs repair,SCH0029,SCH0029,False,17.04.2025,2025-04-17,DOT_DD_MM_YYYY,False,False,Yes,True,False,TRUE,True,False,FALSE,False,False,TRUE,True,False,FALSE,False,False,3.0,2.0,60.0,40.0
INSP00003,2025-04-06,SCH0568,,False,True,True,False,Azad Pingle,Good condition,SCH-0568,SCH0568,True,04-06-2025,2025-04-06,DASH_MM_DD_AMBIGUOUS,True,False,,,True,FALSE,False,False,Available,True,False,Haan,True,False,N,False,False,2.0,2.0,40.0,40.0
INSP01713,2025-11-12,SCH0300,True,True,True,True,True,Kritika Wason,Toilets locked,SCH0300,SCH0300,False,11-12-2025,2025-11-12,DASH_MM_DD_AMBIGUOUS,True,False,Yes,True,False,H,True,False,TRUE,True,False,TRUE,True,False,haan,True,False,5.0,0.0,100.0,0.0
INSP00577,2026-02-25,SCH0536,False,True,True,True,,Krish Manda,No remarks,SCH0536,SCH0536,False,25-02-2026,2026-02-25,DASH_DD_MM_YYYY,False,False,N,False,False,H,True,False,haan,True,False,TRUE,True,False,,,True,3.0,1.0,60.0,20.0
INSP02424,2025-12-10,SCH0296,False,True,False,True,False,Ekaja Madan,Needs repair,sch_0296,SCH0296,True,10-Dec-25,2025-12-10,TEXT_MONTH,False,False,FALSE,False,False,1,True,False,FALSE,False,False,TRUE,True,False,0,False,False,2.0,3.0,40.0,60.0
INSP00340,2026-01-10,SCH0300,True,False,True,True,True,Neha Devi,Average,SCH0300,SCH0300,False,10-Jan-26,2026-01-10,TEXT_MONTH,False,False,Haan,True,False,FALSE,False,False,TRUE,True,False,Y,True,False,TRUE,True,False,4.0,1.0,80.0,20.0
INSP02903,2025-11-18,SCH0450,True,True,True,True,True,Yug Nair,Average,SCH-0450,SCH0450,True,18.11.2025,2025-11-18,DOT_DD_MM_YYYY,False,False,Available,True,False,TRUE,True,False,Y,True,False,Hai,True,False,Functional,True,False,5.0,0.0,100.0,0.0
INSP02479,2025-02-05,SCH0326,True,True,True,False,False,Upadhriti Chander,No remarks,sch_0326,SCH0326,True,02-05-2025,2025-02-05,DASH_MM_DD_AMBIGUOUS,True,False,1,True,False,Hai,True,False,Haan,True,False,FALSE,False,False,Under Repair,False,False,3.0,2.0,60.0,40.0
INSP00926,2025-04-16,SCH0403,True,True,True,True,True,Yadavi Madan,Needs repair,sch_0403,SCH0403,True,16-04-2025,2025-04-16,DASH_DD_MM_YYYY,False,False,TRUE,True,False,Available,True,False,Available,True,False,TRUE,True,False,Y,True,False,5.0,0.0,100.0,0.0
INSP00266,2025-12-04,SCH0237,True,True,True,False,False,Manthan Bal,Good condition,S0237,SCH0237,True,12-04-2025,2025-12-04,DASH_MM_DD_AMBIGUOUS,True,False,TRUE,True,False,Working,True,False,TRUE,True,False,FALSE,False,False,na,False,False,3.0,2.0,60.0,40.0
INSP00377,2025-10-29,SCH0050,True,False,False,False,False,,No remarks,SCH0050,SCH0050,False,29-10-2025,2025-10-29,DASH_DD_MM_YYYY,False,False,Haan,True,False,FALSE,False,False,0,False,False,na,False,False,Nahi hai,False,False,1.0,4.0,20.0,80.0
INSP02469,2025-09-25,SCH0037,,True,False,True,False,Anamika Kunda,Average,sch_0037,SCH0037,True,25-09-2025,2025-09-25,DASH_DD_MM_YYYY,False,False,,,True,Yes,True,False,FALSE,False,False,TRUE,True,False,0,False,False,2.0,2.0,40.0,40.0
INSP01464,2025-11-11,SCH0070,True,True,True,True,True,Dakshesh Memon,Good condition,SCH0070,SCH0070,False,11-11-2025,2025-11-11,DASH_MM_DD_AMBIGUOUS,True,False,Haan,True,False,haan,True,False,TRUE,True,False,Functional,True,False,Haan,True,False,5.0,0.0,100.0,0.0
INSP00272,2025-10-25,SCH0239,True,True,True,False,True,Jasmit Sampath,No remarks,S0239,SCH0239,True,25-10-2025,2025-10-25,DASH_DD_MM_YYYY,False,False,Functional,True,False,Yes,True,False,TRUE,True,False,FALSE,False,False,TRUE,True,False,4.0,1.0,80.0,20.0
INSP00697,2026-01-21,SCH0010,True,True,False,True,False,Parth Natt,No remarks,SCH-0010,SCH0010,True,01-21-2026,2026-01-21,DASH_MM_DD_YYYY,False,False,H,True,False,H,True,False,N,False,False,Hai,True,False,Nahi,False,False,3.0,2.0,60.0,40.0
INSP00245,2026-02-22,SCH0474,True,True,False,False,False,Rudra Jha,Good condition,SCH0474,SCH0474,False,22-02-2026,2026-02-22,DASH_DD_MM_YYYY,False,False,TRUE,True,False,TRUE,True,False,FALSE,False,False,Kharab,False,False,FALSE,False,False,2.0,3.0,40.0,60.0
INSP02956,2025-10-15,SCH0368,True,True,False,True,False,Quincy Bath,No remarks,sch_0368,SCH0368,True,10-15-2025,2025-10-15,DASH_MM_DD_YYYY,False,False,TRUE,True,False,Yes,True,False,FALSE,False,False,Hai,True,False,0,False,False,3.0,2.0,60.0,40.0
INSP00477,2025-05-26,SCH0505,False,True,True,True,,Manya Mani,Toilets locked,505,SCH0505,True,26.05.2025,2025-05-26,DOT_DD_MM_YYYY,False,False,Nahi hai,False,False,1,True,False,TRUE,True,False,Available,True,False,,,True,3.0,1.0,60.0,20.0
INSP02011,2025-05-07,SCH0120,True,True,True,True,True,Varsha Gupta,Average,SCH-0120,SCH0120,True,05-07-2025,2025-05-07,DASH_MM_DD_AMBIGUOUS,True,False,H,True,False,1,True,False,TRUE,True,False,Available,True,False,Haan,True,False,5.0,0.0,100.0,0.0
INSP01922,2025-06-02,SCH0228,True,True,True,True,True,,Needs repair,sch_0228,SCH0228,True,06-02-2025,2025-06-02,DASH_MM_DD_AMBIGUOUS,True,False,TRUE,True,False,1,True,False,TRUE,True,False,TRUE,True,False,Working,True,False,5.0,0.0,100.0,0.0
INSP00814,2026-06-03,SCH0221,True,,True,True,True,Ayushman Parmar,Good condition,SCH0221,SCH0221,False,06-03-2026,2026-06-03,DASH_MM_DD_AMBIGUOUS,True,False,Hai,True,False,,,True,TRUE,True,False,Hai,True,False,TRUE,True,False,4.0,0.0,80.0,0.0
INSP01872,2025-06-10,SCH0184,True,True,True,False,True,Ekanta Bose,Needs repair,SCH0184,SCH0184,False,06-10-2025,2025-06-10,DASH_MM_DD_AMBIGUOUS,True,False,TRUE,True,False,1,True,False,haan,True,False,FALSE,False,False,TRUE,True,False,4.0,1.0,80.0,20.0
INSP02669,2026-11-01,SCH0505,False,False,True,True,False,Harinakshi Contractor,Good condition,SCH0505,SCH0505,False,11-01-2026,2026-11-01,DASH_MM_DD_AMBIGUOUS,True,False,0,False,False,FALSE,False,False,TRUE,True,False,TRUE,True,False,FALSE,False,False,2.0,3.0,40.0,60.0
INSP02926,2025-09-25,SCH0064,False,True,True,True,True,,Needs repair,SCH-0064,SCH0064,True,09-25-2025,2025-09-25,DASH_MM_DD_YYYY,False,False,Nahi,False,False,TRUE,True,False,H,True,False,Available,True,False,Y,True,False,4.0,1.0,80.0,20.0
INSP01165,2025-08-21,SCH0463,False,True,True,False,True,,Toilets locked,sch0463,SCH0463,True,21-08-2025,2025-08-21,DASH_DD_MM_YYYY,False,False,No,False,False,TRUE,True,False,TRUE,True,False,na,False,False,H,True,False,3.0,2.0,60.0,40.0
INSP02289,2026-03-25,SCH0210,True,True,True,True,True,Chandresh Mahal,Needs repair,sch_0210,SCH0210,True,03-25-2026,2026-03-25,DASH_MM_DD_YYYY,False,False,Yes,True,False,TRUE,True,False,Available,True,False,Functional,True,False,Yes,True,False,5.0,0.0,100.0,0.0
INSP00251,2025-04-09,SCH0554,True,True,False,True,True,Laban Saini,Toilets locked,SCH0554,SCH0554,False,09.04.2025,2025-04-09,DOT_DD_MM_AMBIGUOUS,True,False,TRUE,True,False,Y,True,False,FALSE,False,False,Yes,True,False,Y,True,False,4.0,1.0,80.0,20.0
INSP00414,2026-03-17,SCH0401,True,True,True,False,False,Ekapad Sibal,Toilets locked,401,SCH0401,True,17.03.2026,2026-03-17,DOT_DD_MM_YYYY,False,False,TRUE,True,False,Haan,True,False,Yes,True,False,N,False,False,FALSE,False,False,3.0,2.0,60.0,40.0
INSP00546,2025-09-06,SCH0219,True,True,True,,False,,Good condition,sch_0219,SCH0219,True,09-06-2025,2025-09-06,DASH_MM_DD_AMBIGUOUS,True,False,Yes,True,False,Functional,True,False,TRUE,True,False,,,True,N,False,False,3.0,1.0,60.0,20.0
INSP01194,2025-07-21,SCH0231,True,True,False,True,True,Pranav Sagar,Average,SCH0231,SCH0231,False,21-07-2025,2025-07-21,DASH_DD_MM_YYYY,False,False,H,True,False,Hai,True,False,Nahi hai,False,False,TRUE,True,False,TRUE,True,False,4.0,1.0,80.0,20.0
INSP00739,2025-04-12,SCH0583,False,True,True,True,True,Sai Issac,Good condition,S0583,SCH0583,True,12-Apr-25,2025-04-12,TEXT_MONTH,False,False,FALSE,False,False,TRUE,True,False,H,True,False,Working,True,False,Y,True,False,4.0,1.0,80.0,20.0
INSP00311,2025-11-22,SCH0143,False,True,True,True,True,Divya Sankaran,,SCH0143,SCH0143,False,22-11-2025,2025-11-22,DASH_DD_MM_YYYY,False,False,N,False,False,Yes,True,False,TRUE,True,False,Haan,True,False,TRUE,True,False,4.0,1.0,80.0,20.0
INSP00894,2025-10-14,SCH0347,True,True,True,False,True,Sarthak Dey,Good condition,SCH-0347,SCH0347,True,14-10-2025,2025-10-14,DASH_DD_MM_YYYY,False,False,H,True,False,TRUE,True,False,TRUE,True,False,FALSE,False,False,Hai,True,False,4.0,1.0,80.0,20.0
INSP01132,2025-10-22,SCH0317,True,True,True,True,False,Akshay Magar,Average,SCH0317,SCH0317,False,22.10.2025,2025-10-22,DOT_DD_MM_YYYY,False,False,Working,True,False,Haan,True,False,Y,True,False,Available,True,False,FALSE,False,False,4.0,1.0,80.0,20.0
INSP01450,2025-12-07,SCH0147,True,True,False,False,False,Lakshmi Mandal,Needs repair,SCH-0147,SCH0147,True,12-07-2025,2025-12-07,DASH_MM_DD_AMBIGUOUS,True,False,H,True,False,TRUE,True,False,FALSE,False,False,na,False,False,No,False,False,2.0,3.0,40.0,60.0
INSP00016,2025-05-16,SCH0028,True,True,True,True,True,Nidhi Kadakia,Good condition,SCH0028,SCH0028,False,05-16-2025,2025-05-16,DASH_MM_DD_YYYY,False,False,Functional,True,False,TRUE,True,False,Yes,True,False,Haan,True,False,Yes,True,False,5.0,0.0,100.0,0.0
INSP02109,2025-07-21,SCH0122,True,,True,False,True,Nirja Bassi,Toilets locked,S0122,SCH0122,True,21-07-2025,2025-07-21,DASH_DD_MM_YYYY,False,False,TRUE,True,False,,,True,Functional,True,False,FALSE,False,False,1,True,False,3.0,1.0,60.0,20.0
INSP00722,2025-09-06,SCH0212,True,True,True,True,True,,Needs repair,S0212,SCH0212,True,09-06-2025,2025-09-06,DASH_MM_DD_AMBIGUOUS,True,False,TRUE,True,False,haan,True,False,TRUE,True,False,Y,True,False,TRUE,True,False,5.0,0.0,100.0,0.0
INSP01421,2025-08-04,SCH0352,True,False,True,False,False,Diya Guha,Average,SCH-0352,SCH0352,True,08-04-2025,2025-08-04,DASH_MM_DD_AMBIGUOUS,True,False,TRUE,True,False,FALSE,False,False,TRUE,True,False,Nahi,False,False,N,False,False,2.0,3.0,40.0,60.0
INSP02770,2026-01-14,SCH0119,True,True,True,False,False,Yamini Agate,Toilets locked,119,SCH0119,True,14-01-2026,2026-01-14,DASH_DD_MM_YYYY,False,False,Hai,True,False,TRUE,True,False,TRUE,True,False,na,False,False,FALSE,False,False,3.0,2.0,60.0,40.0
INSP00982,2025-07-31,SCH0128,False,,True,False,False,Aarini Atwal,No remarks,SCH-0128,SCH0128,True,31-07-2025,2025-07-31,DASH_DD_MM_YYYY,False,False,FALSE,False,False,,,True,TRUE,True,False,0,False,False,FALSE,False,False,1.0,3.0,20.0,60.0
INSP02219,2025-05-23,SCH0159,True,True,True,False,True,Ekbal Bakshi,Average,SCH-0159,SCH0159,True,05-23-2025,2025-05-23,DASH_MM_DD_YYYY,False,False,Hai,True,False,TRUE,True,False,Y,True,False,FALSE,False,False,TRUE,True,False,4.0,1.0,80.0,20.0
INSP01540,2025-07-21,SCH0559,,True,False,True,True,Faqid Kapur,Needs repair,SCH0559,SCH0559,False,21.07.2025,2025-07-21,DOT_DD_MM_YYYY,False,False,,,True,TRUE,True,False,0,False,False,TRUE,True,False,TRUE,True,False,3.0,1.0,60.0,20.0
INSP02662,2026-03-02,SCH0122,True,True,True,False,False,Janya Joshi,Needs repair,sch_0122,SCH0122,True,03-02-2026,2026-03-02,DASH_MM_DD_AMBIGUOUS,True,False,Working,True,False,TRUE,True,False,1,True,False,N,False,False,FALSE,False,False,3.0,2.0,60.0,40.0
INSP01551,2025-06-20,SCH0096,False,True,True,False,True,Ekavir Mallick,Needs repair,SCH0096,SCH0096,False,20-06-2025,2025-06-20,DASH_DD_MM_YYYY,False,False,na,False,False,TRUE,True,False,TRUE,True,False,FALSE,False,False,TRUE,True,False,3.0,2.0,60.0,40.0
INSP02548,2025-05-31,SCH0033,False,True,False,True,True,Odika Nori,,SCH0033,SCH0033,False,31-05-2025,2025-05-31,DASH_DD_MM_YYYY,False,False,N,False,False,TRUE,True,False,FALSE,False,False,Hai,True,False,haan,True,False,3.0,2.0,60.0,40.0
INSP00364,2025-10-22,SCH0100,True,True,True,True,True,Aachal Toor,No remarks,sch0100,SCH0100,True,10-22-2025,2025-10-22,DASH_MM_DD_YYYY,False,False,TRUE,True,False,TRUE,True,False,TRUE,True,False,TRUE,True,False,TRUE,True,False,5.0,0.0,100.0,0.0
INSP00983,2026-01-26,SCH0584,True,True,True,True,False,Ridhi Pathak,Toilets locked,sch_0584,SCH0584,True,26.01.2026,2026-01-26,DOT_DD_MM_YYYY,False,False,Functional,True,False,Hai,True,False,TRUE,True,False,TRUE,True,False,FALSE,False,False,4.0,1.0,80.0,20.0
INSP00183,2025-01-04,SCH0257,True,True,True,False,True,Meghana Chowdhury,,SCH0257,SCH0257,False,01-04-2025,2025-01-04,DASH_MM_DD_AMBIGUOUS,True,False,TRUE,True,False,TRUE,True,False,1,True,False,FALSE,False,False,Available,True,False,4.0,1.0,80.0,20.0
INSP00986,2025-10-28,SCH0122,,,True,False,False,Yatan Prabhu,Needs repair,SCH0122,SCH0122,False,28-10-2025,2025-10-28,DASH_DD_MM_YYYY,False,False,,,True,,,True,Hai,True,False,FALSE,False,False,Broken,False,False,1.0,2.0,20.0,40.0
INSP01195,2026-03-26,SCH0070,True,True,True,True,False,Yashasvi Ahluwalia,Good condition,SCH0070,SCH0070,False,26-03-2026,2026-03-26,DASH_DD_MM_YYYY,False,False,haan,True,False,Functional,True,False,TRUE,True,False,1,True,False,FALSE,False,False,4.0,1.0,80.0,20.0
INSP01974,2025-10-14,SCH0275,True,True,,False,True,Bahadurjit Mallick,Average,SCH0275,SCH0275,False,10-14-2025,2025-10-14,DASH_MM_DD_YYYY,False,False,haan,True,False,TRUE,True,False,,,True,FALSE,False,False,TRUE,True,False,3.0,1.0,60.0,20.0
INSP01870,2025-07-23,SCH0173,True,True,True,False,False,,No remarks,SCH-0173,SCH0173,True,23-07-2025,2025-07-23,DASH_DD_MM_YYYY,False,False,Working,True,False,Y,True,False,TRUE,True,False,FALSE,False,False,0,False,False,3.0,2.0,60.0,40.0
INSP01122,2025-05-12,SCH0157,True,True,False,False,False,,Good condition,SCH0157,SCH0157,False,05-12-2025,2025-05-12,DASH_MM_DD_AMBIGUOUS,True,False,TRUE,True,False,TRUE,True,False,na,False,False,Nahi,False,False,FALSE,False,False,2.0,3.0,40.0,60.0
INSP00188,2025-04-18,SCH0509,True,True,True,False,False,Ekansh Dayal,No remarks,sch_0509,SCH0509,True,18-Apr-25,2025-04-18,TEXT_MONTH,False,False,TRUE,True,False,TRUE,True,False,Hai,True,False,na,False,False,Kharab,False,False,3.0,2.0,60.0,40.0
INSP00620,2025-06-18,SCH0368,True,True,True,False,False,Timothy Balasubramanian,Toilets locked,sch0368,SCH0368,True,18.06.2025,2025-06-18,DOT_DD_MM_YYYY,False,False,TRUE,True,False,TRUE,True,False,TRUE,True,False,FALSE,False,False,No,False,False,3.0,2.0,60.0,40.0
INSP02899,2025-02-05,SCH0154,False,True,True,True,False,Urvashi Barad,,S0154,SCH0154,True,02-05-2025,2025-02-05,DASH_MM_DD_AMBIGUOUS,True,False,FALSE,False,False,1,True,False,TRUE,True,False,Yes,True,False,FALSE,False,False,3.0,2.0,60.0,40.0
INSP01176,2025-06-13,SCH0345,False,True,True,True,True,Yug Parsa,,sch_0345,SCH0345,True,13-Jun-25,2025-06-13,TEXT_MONTH,False,False,FALSE,False,False,TRUE,True,False,TRUE,True,False,haan,True,False,Yes,True,False,4.0,1.0,80.0,20.0
INSP01183,2025-09-03,SCH0133,True,True,True,True,True,Zilmil Doshi,Average,SCH0133,SCH0133,False,03-Sep-25,2025-09-03,TEXT_MONTH,False,False,TRUE,True,False,TRUE,True,False,Yes,True,False,Functional,True,False,1,True,False,5.0,0.0,100.0,0.0
INSP02508,2025-04-19,SCH0566,True,True,True,,False,Tanay Sahota,No remarks,SCH0566,SCH0566,False,19-04-2025,2025-04-19,DASH_DD_MM_YYYY,False,False,Haan,True,False,TRUE,True,False,TRUE,True,False,,,True,Nahi hai,False,False,3.0,1.0,60.0,20.0
INSP02320,2025-11-10,SCH0277,False,True,True,True,True,Ati Sama,Good condition,SCH0277,SCH0277,False,10.11.2025,2025-11-10,DOT_DD_MM_AMBIGUOUS,True,False,No,False,False,Working,True,False,TRUE,True,False,TRUE,True,False,Yes,True,False,4.0,1.0,80.0,20.0
INSP00615,2025-07-20,SCH0372,True,True,True,False,True,Nandini Golla,Good condition,SCH0372,SCH0372,False,20-07-2025,2025-07-20,DASH_DD_MM_YYYY,False,False,H,True,False,Functional,True,False,Yes,True,False,Under Repair,False,False,Yes,True,False,4.0,1.0,80.0,20.0
INSP01514,2025-10-09,SCH0402,False,True,True,False,True,Vivaan Bhattacharyya,Average,SCH-0402,SCH0402,True,10-09-2025,2025-10-09,DASH_MM_DD_AMBIGUOUS,True,False,No,False,False,Functional,True,False,TRUE,True,False,Nahi,False,False,TRUE,True,False,3.0,2.0,60.0,40.0
INSP01467,2025-12-28,SCH0368,True,,True,True,False,,Average,SCH0368,SCH0368,False,28-12-2025,2025-12-28,DASH_DD_MM_YYYY,False,False,TRUE,True,False,,,True,Available,True,False,Y,True,False,FALSE,False,False,3.0,1.0,60.0,20.0
INSP00402,2025-08-31,SCH0357,True,True,True,True,False,Siddharth Sethi,Average,S0357,SCH0357,True,31.08.2025,2025-08-31,DOT_DD_MM_YYYY,False,False,TRUE,True,False,Hai,True,False,TRUE,True,False,Haan,True,False,FALSE,False,False,4.0,1.0,80.0,20.0
INSP00995,2026-01-14,SCH0031,True,False,True,False,False,Rajata Dhaliwal,Toilets locked,SCH0031,SCH0031,False,14-01-2026,2026-01-14,DASH_DD_MM_YYYY,False,False,TRUE,True,False,FALSE,False,False,haan,True,False,Broken,False,False,Nahi,False,False,2.0,3.0,40.0,60.0
INSP00935,2026-02-22,SCH0364,False,False,True,True,True,Ronith Gole,Average,S0364,SCH0364,True,22.02.2026,2026-02-22,DOT_DD_MM_YYYY,False,False,FALSE,False,False,FALSE,False,False,TRUE,True,False,TRUE,True,False,TRUE,True,False,3.0,2.0,60.0,40.0
INSP00372,2025-05-24,SCH0315,True,True,True,True,False,,Needs repair,S0315,SCH0315,True,24.05.2025,2025-05-24,DOT_DD_MM_YYYY,False,False,TRUE,True,False,Haan,True,False,Haan,True,False,TRUE,True,False,No,False,False,4.0,1.0,80.0,20.0
INSP02091,2025-06-13,SCH0199,True,True,True,False,False,,No remarks,199,SCH0199,True,13-06-2025,2025-06-13,DASH_DD_MM_YYYY,False,False,TRUE,True,False,TRUE,True,False,TRUE,True,False,FALSE,False,False,FALSE,False,False,3.0,2.0,60.0,40.0
INSP02284,2025-04-08,SCH0556,True,True,True,False,True,Samesh Gulati,Good condition,SCH0556,SCH0556,False,04-08-2025,2025-04-08,DASH_MM_DD_AMBIGUOUS,True,False,TRUE,True,False,haan,True,False,H,True,False,FALSE,False,False,TRUE,True,False,4.0,1.0,80.0,20.0
INSP00594,2026-03-20,SCH0203,True,True,True,True,True,Raghav Chaudhuri,Toilets locked,SCH0203,SCH0203,False,20-Mar-26,2026-03-20,TEXT_MONTH,False,False,Yes,True,False,Y,True,False,Hai,True,False,Working,True,False,Yes,True,False,5.0,0.0,100.0,0.0
INSP02829,2025-12-07,SCH0491,True,False,True,True,False,Januja Pal,,sch0491,SCH0491,True,12-07-2025,2025-12-07,DASH_MM_DD_AMBIGUOUS,True,False,TRUE,True,False,na,False,False,TRUE,True,False,TRUE,True,False,FALSE,False,False,3.0,2.0,60.0,40.0
INSP00727,2025-09-11,SCH0022,True,True,True,True,True,Unni Sama,No remarks,SCH0022,SCH0022,False,09-11-2025,2025-09-11,DASH_MM_DD_AMBIGUOUS,True,False,TRUE,True,False,TRUE,True,False,TRUE,True,False,TRUE,True,False,1,True,False,5.0,0.0,100.0,0.0
INSP00827,2025-06-29,SCH0080,,True,True,False,True,Aditya Vyas,No remarks,SCH-0080,SCH0080,True,29-Jun-25,2025-06-29,TEXT_MONTH,False,False,,,True,Haan,True,False,H,True,False,Kharab,False,False,TRUE,True,False,3.0,1.0,60.0,20.0
INSP01869,2025-01-09,SCH0394,True,True,,,True,Yash Nadig,Needs repair,SCH0394,SCH0394,False,01-09-2025,2025-01-09,DASH_MM_DD_AMBIGUOUS,True,False,Working,True,False,Haan,True,False,,,True,,,True,TRUE,True,False,3.0,0.0,60.0,0.0
INSP00688,2025-12-19,SCH0141,True,True,True,False,False,Rayaan Sundaram,No remarks,SCH0141,SCH0141,False,19.12.2025,2025-12-19,DOT_DD_MM_YYYY,False,False,Yes,True,False,Y,True,False,TRUE,True,False,FALSE,False,False,Nahi hai,False,False,3.0,2.0,60.0,40.0
INSP02335,2025-10-26,SCH0107,True,True,True,True,False,Faqid Amble,Average,SCH0107,SCH0107,False,26-10-2025,2025-10-26,DASH_DD_MM_YYYY,False,False,Hai,True,False,TRUE,True,False,Available,True,False,Hai,True,False,FALSE,False,False,4.0,1.0,80.0,20.0
INSP00137,2025-04-17,SCH0237,True,True,False,True,False,Leela Mangal,Toilets locked,sch_0237,SCH0237,True,04-17-2025,2025-04-17,DASH_MM_DD_YYYY,False,False,Functional,True,False,Available,True,False,FALSE,False,False,TRUE,True,False,0,False,False,3.0,2.0,60.0,40.0
INSP02577,2026-03-01,SCH0184,True,True,True,False,True,,Average,SCH-0184,SCH0184,True,01.03.2026,2026-03-01,DOT_DD_MM_AMBIGUOUS,True,False,1,True,False,1,True,False,TRUE,True,False,FALSE,False,False,TRUE,True,False,4.0,1.0,80.0,20.0
INSP00629,2026-02-26,SCH0035,True,True,True,True,False,,Good condition,SCH-0035,SCH0035,True,26-02-2026,2026-02-26,DASH_DD_MM_YYYY,False,False,TRUE,True,False,TRUE,True,False,Hai,True,False,Y,True,False,FALSE,False,False,4.0,1.0,80.0,20.0
INSP00335,2026-03-29,SCH0248,False,True,False,True,False,Christopher Yadav,Good condition,SCH-0248,SCH0248,True,29-03-2026,2026-03-29,DASH_DD_MM_YYYY,False,False,FALSE,False,False,Y,True,False,Nahi,False,False,Working,True,False,FALSE,False,False,2.0,3.0,40.0,60.0
INSP01806,2025-11-24,SCH0102,True,False,True,True,True,Aadhya Lad,Toilets locked,SCH-0102,SCH0102,True,24-11-2025,2025-11-24,DASH_DD_MM_YYYY,False,False,TRUE,True,False,na,False,False,TRUE,True,False,Hai,True,False,TRUE,True,False,4.0,1.0,80.0,20.0
INSP00391,2025-08-16,SCH0600,False,True,True,True,False,Forum Shetty,No remarks,sch0600,SCH0600,True,16-08-2025,2025-08-16,DASH_DD_MM_YYYY,False,False,Kharab,False,False,Y,True,False,1,True,False,Hai,True,False,FALSE,False,False,3.0,2.0,60.0,40.0
INSP02934,2026-03-14,SCH0535,True,True,False,False,False,,Average,SCH-0535,SCH0535,True,14.03.2026,2026-03-14,DOT_DD_MM_YYYY,False,False,TRUE,True,False,H,True,False,FALSE,False,False,No,False,False,N,False,False,2.0,3.0,40.0,60.0
INSP01110,2025-07-20,SCH0391,True,True,True,False,False,Adya Gara,Good condition,SCH-0391,SCH0391,True,20-07-2025,2025-07-20,DASH_DD_MM_YYYY,False,False,TRUE,True,False,TRUE,True,False,TRUE,True,False,FALSE,False,False,Nahi,False,False,3.0,2.0,60.0,40.0
INSP01938,2025-12-20,SCH0150,True,True,True,False,False,Arin Nagi,,SCH0150,SCH0150,False,20-12-2025,2025-12-20,DASH_DD_MM_YYYY,False,False,haan,True,False,Yes,True,False,H,True,False,FALSE,False,False,FALSE,False,False,3.0,2.0,60.0,40.0
INSP02838,2025-12-07,SCH0170,False,True,,False,False,Divya Bhalla,Needs repair,S0170,SCH0170,True,12-07-2025,2025-12-07,DASH_MM_DD_AMBIGUOUS,True,False,FALSE,False,False,Y,True,False,,,True,Nahi hai,False,False,N,False,False,1.0,3.0,20.0,60.0
INSP00711,2025-12-26,SCH0513,True,False,True,True,False,,Average,SCH-0513,SCH0513,True,26-12-2025,2025-12-26,DASH_DD_MM_YYYY,False,False,TRUE,True,False,No,False,False,Yes,True,False,TRUE,True,False,No,False,False,3.0,2.0,60.0,40.0
INSP01040,2025-08-27,SCH0348,True,True,True,True,True,,Toilets locked,sch0348,SCH0348,True,27-08-2025,2025-08-27,DASH_DD_MM_YYYY,False,False,Haan,True,False,Working,True,False,haan,True,False,TRUE,True,False,TRUE,True,False,5.0,0.0,100.0,0.0
INSP02072,2025-06-26,SCH0032,True,True,True,False,True,Warjas Doshi,Good condition,32,SCH0032,True,06-26-2025,2025-06-26,DASH_MM_DD_YYYY,False,False,TRUE,True,False,TRUE,True,False,H,True,False,FALSE,False,False,Hai,True,False,4.0,1.0,80.0,20.0
INSP02874,2025-07-24,SCH0443,True,True,True,False,False,Bhavika Om,Toilets locked,SCH0443,SCH0443,False,24-Jul-25,2025-07-24,TEXT_MONTH,False,False,Haan,True,False,TRUE,True,False,Y,True,False,Broken,False,False,FALSE,False,False,3.0,2.0,60.0,40.0
INSP02729,2025-09-25,SCH0355,True,True,True,,False,Ganga Shere,Toilets locked,SCH0355,SCH0355,False,25.09.2025,2025-09-25,DOT_DD_MM_YYYY,False,False,Y,True,False,TRUE,True,False,Hai,True,False,,,True,FALSE,False,False,3.0,1.0,60.0,20.0
INSP01562,2025-04-08,SCH0372,True,True,False,False,,Pooja Gill,Toilets locked,SCH0372,SCH0372,False,04-08-2025,2025-04-08,DASH_MM_DD_AMBIGUOUS,True,False,TRUE,True,False,TRUE,True,False,FALSE,False,False,na,False,False,,,True,2.0,2.0,40.0,40.0
INSP02898,2025-11-25,SCH0095,True,False,True,False,False,Max Dewan,Good condition,sch_0095,SCH0095,True,25-11-2025,2025-11-25,DASH_DD_MM_YYYY,False,False,Y,True,False,FALSE,False,False,Working,True,False,na,False,False,FALSE,False,False,2.0,3.0,40.0,60.0
INSP01595,2025-07-26,SCH0538,,True,True,True,,Ira Bala,Good condition,SCH-0538,SCH0538,True,26.07.2025,2025-07-26,DOT_DD_MM_YYYY,False,False,,,True,TRUE,True,False,Hai,True,False,TRUE,True,False,,,True,3.0,0.0,60.0,0.0
INSP02991,2025-11-23,SCH0205,True,,False,False,True,Avi Vig,No remarks,SCH-0205,SCH0205,True,23-Nov-25,2025-11-23,TEXT_MONTH,False,False,Yes,True,False,,,True,FALSE,False,False,FALSE,False,False,Functional,True,False,2.0,2.0,40.0,40.0
INSP02652,2025-04-22,SCH0019,True,False,True,True,True,Ayush Mangat,,SCH-0019,SCH0019,True,22-04-2025,2025-04-22,DASH_DD_MM_YYYY,False,False,TRUE,True,False,FALSE,False,False,Hai,True,False,Working,True,False,Y,True,False,4.0,1.0,80.0,20.0
INSP01113,2025-07-17,SCH0319,True,True,True,True,,,Toilets locked,S0319,SCH0319,True,17-07-2025,2025-07-17,DASH_DD_MM_YYYY,False,False,1,True,False,TRUE,True,False,Functional,True,False,TRUE,True,False,,,True,4.0,0.0,80.0,0.0
INSP00466,2026-01-16,SCH0397,True,True,,True,True,Ojas Behl,,sch_0397,SCH0397,True,16-01-2026,2026-01-16,DASH_DD_MM_YYYY,False,False,TRUE,True,False,TRUE,True,False,,,True,Y,True,False,1,True,False,4.0,0.0,80.0,0.0
INSP01561,2025-05-01,SCH0306,False,True,True,False,False,Gautam Sahota,Needs repair,306,SCH0306,True,05-01-2025,2025-05-01,DASH_MM_DD_AMBIGUOUS,True,False,FALSE,False,False,1,True,False,TRUE,True,False,No,False,False,na,False,False,2.0,3.0,40.0,60.0
INSP01224,2026-02-18,SCH0144,True,True,False,True,False,Forum Minhas,,SCH0144,SCH0144,False,02-18-2026,2026-02-18,DASH_MM_DD_YYYY,False,False,Y,True,False,TRUE,True,False,FALSE,False,False,TRUE,True,False,No,False,False,3.0,2.0,60.0,40.0
INSP02111,2025-04-15,SCH0214,,True,True,True,True,Radha Prabhu,,SCH0214,SCH0214,False,15-Apr-25,2025-04-15,TEXT_MONTH,False,False,,,True,Available,True,False,TRUE,True,False,TRUE,True,False,TRUE,True,False,4.0,0.0,80.0,0.0
INSP02472,2025-12-02,SCH0430,True,True,False,True,True,Wakeeta Dey,,sch_0430,SCH0430,True,02-Dec-25,2025-12-02,TEXT_MONTH,False,False,TRUE,True,False,1,True,False,Nahi,False,False,1,True,False,TRUE,True,False,4.0,1.0,80.0,20.0
INSP01509,2025-10-15,SCH0292,True,False,True,False,True,,Good condition,SCH0292,SCH0292,False,15-10-2025,2025-10-15,DASH_DD_MM_YYYY,False,False,haan,True,False,na,False,False,TRUE,True,False,na,False,False,TRUE,True,False,3.0,2.0,60.0,40.0
INSP02716,2026-09-01,SCH0120,True,True,True,False,,,No remarks,sch0120,SCH0120,True,09-01-2026,2026-09-01,DASH_MM_DD_AMBIGUOUS,True,False,TRUE,True,False,TRUE,True,False,TRUE,True,False,FALSE,False,False,,,True,3.0,1.0,60.0,20.0
INSP01105,2025-06-05,SCH0153,True,False,True,True,True,Dalbir Sur,Average,SCH0153,SCH0153,False,06-05-2025,2025-06-05,DASH_MM_DD_AMBIGUOUS,True,False,TRUE,True,False,FALSE,False,False,Working,True,False,TRUE,True,False,Hai,True,False,4.0,1.0,80.0,20.0
INSP00661,2025-08-28,SCH0276,True,True,True,False,True,Bhavika Venkataraman,Good condition,sch0276,SCH0276,True,28.08.2025,2025-08-28,DOT_DD_MM_YYYY,False,False,Y,True,False,Y,True,False,TRUE,True,False,FALSE,False,False,TRUE,True,False,4.0,1.0,80.0,20.0
INSP00339,2025-08-15,SCH0493,False,True,True,True,False,Maanav Luthra,No remarks,SCH0493,SCH0493,False,15-08-2025,2025-08-15,DASH_DD_MM_YYYY,False,False,FALSE,False,False,Working,True,False,Y,True,False,TRUE,True,False,Not Available,False,False,3.0,2.0,60.0,40.0
INSP00216,2025-08-03,SCH0545,,False,False,True,False,Mohammed Varghese,,SCH-0545,SCH0545,True,03-Aug-25,2025-08-03,TEXT_MONTH,False,False,,,True,FALSE,False,False,Nahi hai,False,False,TRUE,True,False,FALSE,False,False,1.0,3.0,20.0,60.0
INSP01616,2025-06-09,SCH0081,True,False,True,False,True,Nisha Wason,,SCH0081,SCH0081,False,06-09-2025,2025-06-09,DASH_MM_DD_AMBIGUOUS,True,False,TRUE,True,False,Nahi,False,False,H,True,False,N,False,False,1,True,False,3.0,2.0,60.0,40.0
INSP01342,2026-03-31,SCH0330,True,True,True,True,False,Jatin Date,,sch_0330,SCH0330,True,31-Mar-26,2026-03-31,TEXT_MONTH,False,False,Yes,True,False,Haan,True,False,1,True,False,TRUE,True,False,FALSE,False,False,4.0,1.0,80.0,20.0
INSP02646,2025-09-06,SCH0226,False,True,True,False,False,Chaman Maharaj,Average,226,SCH0226,True,06-Sep-25,2025-09-06,TEXT_MONTH,False,False,FALSE,False,False,Y,True,False,haan,True,False,No,False,False,Broken,False,False,2.0,3.0,40.0,60.0
INSP02965,2025-07-21,SCH0460,True,True,True,False,False,Jagdish Bakshi,Toilets locked,sch0460,SCH0460,True,21.07.2025,2025-07-21,DOT_DD_MM_YYYY,False,False,1,True,False,Functional,True,False,Haan,True,False,Kharab,False,False,FALSE,False,False,3.0,2.0,60.0,40.0
INSP02947,2025-08-27,SCH0146,False,True,True,True,False,Charles Balasubramanian,,SCH0146,SCH0146,False,27-Aug-25,2025-08-27,TEXT_MONTH,False,False,Kharab,False,False,Working,True,False,TRUE,True,False,TRUE,True,False,N,False,False,3.0,2.0,60.0,40.0
INSP01847,2025-10-07,SCH0469,True,True,True,False,True,Quincy Pau,,S0469,SCH0469,True,10-07-2025,2025-10-07,DASH_MM_DD_AMBIGUOUS,True,False,Haan,True,False,TRUE,True,False,Y,True,False,Broken,False,False,Available,True,False,4.0,1.0,80.0,20.0
INSP01593,2025-05-10,SCH0436,True,True,False,True,False,Janaki Jhaveri,Toilets locked,sch0436,SCH0436,True,05-10-2025,2025-05-10,DASH_MM_DD_AMBIGUOUS,True,False,Working,True,False,TRUE,True,False,Not Available,False,False,1,True,False,FALSE,False,False,3.0,2.0,60.0,40.0
INSP02047,2025-04-19,SCH0114,True,,True,,True,Aryan Sachdeva,Good condition,SCH0114,SCH0114,False,19.04.2025,2025-04-19,DOT_DD_MM_YYYY,False,False,TRUE,True,False,,,True,TRUE,True,False,,,True,TRUE,True,False,3.0,0.0,60.0,0.0
INSP02654,2025-07-04,SCH0489,True,True,True,False,True,Hardik Bhatia,Good condition,SCH0489,SCH0489,False,07-04-2025,2025-07-04,DASH_MM_DD_AMBIGUOUS,True,False,TRUE,True,False,TRUE,True,False,Y,True,False,Nahi hai,False,False,Haan,True,False,4.0,1.0,80.0,20.0
INSP00817,2025-07-06,SCH0301,False,True,True,True,True,Ayushman Viswanathan,No remarks,SCH0301,SCH0301,False,07-06-2025,2025-07-06,DASH_MM_DD_AMBIGUOUS,True,False,na,False,False,Yes,True,False,Haan,True,False,TRUE,True,False,TRUE,True,False,4.0,1.0,80.0,20.0
INSP01068,2025-08-13,SCH0086,True,True,True,,True,Balveer Jhaveri,,sch0086,SCH0086,True,13-08-2025,2025-08-13,DASH_DD_MM_YYYY,False,False,TRUE,True,False,1,True,False,TRUE,True,False,,,True,Available,True,False,4.0,0.0,80.0,0.0
INSP02139,2026-04-03,SCH0067,True,True,,False,True,Widisha Badal,Good condition,sch0067,SCH0067,True,04-03-2026,2026-04-03,DASH_MM_DD_AMBIGUOUS,True,False,Available,True,False,TRUE,True,False,,,True,FALSE,False,False,TRUE,True,False,3.0,1.0,60.0,20.0
INSP00275,2026-06-02,SCH0351,False,True,True,True,True,Advik Baria,,SCH0351,SCH0351,False,06-02-2026,2026-06-02,DASH_MM_DD_AMBIGUOUS,True,False,FALSE,False,False,TRUE,True,False,Functional,True,False,TRUE,True,False,Yes,True,False,4.0,1.0,80.0,20.0
INSP02367,2025-05-23,SCH0095,True,True,False,True,True,Alka Comar,Needs repair,S0095,SCH0095,True,23-May-25,2025-05-23,TEXT_MONTH,False,False,Functional,True,False,Y,True,False,0,False,False,TRUE,True,False,Hai,True,False,4.0,1.0,80.0,20.0
INSP00866,2026-01-05,SCH0103,False,True,True,True,True,Zehaan Nigam,Needs repair,103,SCH0103,True,05-Jan-26,2026-01-05,TEXT_MONTH,False,False,0,False,False,haan,True,False,TRUE,True,False,TRUE,True,False,TRUE,True,False,4.0,1.0,80.0,20.0
INSP00102,2025-08-12,SCH0332,True,True,True,True,True,Jalsa Kumer,Needs repair,S0332,SCH0332,True,08-12-2025,2025-08-12,DASH_MM_DD_AMBIGUOUS,True,False,TRUE,True,False,TRUE,True,False,Working,True,False,Available,True,False,TRUE,True,False,5.0,0.0,100.0,0.0
INSP01502,2025-12-01,SCH0258,True,True,True,False,True,Arunima Ramakrishnan,Good condition,sch_0258,SCH0258,True,01.12.2025,2025-12-01,DOT_DD_MM_AMBIGUOUS,True,False,Haan,True,False,Yes,True,False,TRUE,True,False,FALSE,False,False,TRUE,True,False,4.0,1.0,80.0,20.0
INSP02938,2026-03-11,SCH0014,True,True,True,False,False,Nidra Barad,Toilets locked,SCH0014,SCH0014,False,11-Mar-26,2026-03-11,TEXT_MONTH,False,False,TRUE,True,False,Y,True,False,H,True,False,FALSE,False,False,FALSE,False,False,3.0,2.0,60.0,40.0
INSP00172,2025-01-04,SCH0334,False,True,True,False,False,Ria Palla,,SCH0334,SCH0334,False,01-04-2025,2025-01-04,DASH_MM_DD_AMBIGUOUS,True,False,Nahi,False,False,TRUE,True,False,TRUE,True,False,na,False,False,FALSE,False,False,2.0,3.0,40.0,60.0
INSP00108,2025-07-07,SCH0568,True,True,,True,False,Januja Patla,Good condition,SCH0568,SCH0568,False,07-07-2025,2025-07-07,DASH_MM_DD_AMBIGUOUS,True,False,Y,True,False,TRUE,True,False,,,True,Haan,True,False,No,False,False,3.0,1.0,60.0,20.0
INSP02217,2025-05-01,SCH0552,True,True,True,,False,Girik Prashad,Toilets locked,SCH0552,SCH0552,False,01-May-25,2025-05-01,TEXT_MONTH,False,False,Haan,True,False,Yes,True,False,TRUE,True,False,,,True,FALSE,False,False,3.0,1.0,60.0,20.0
INSP01522,2025-11-11,SCH0384,True,True,True,True,False,Amol Khalsa,,SCH-0384,SCH0384,True,11-11-2025,2025-11-11,DASH_MM_DD_AMBIGUOUS,True,False,TRUE,True,False,haan,True,False,Haan,True,False,TRUE,True,False,FALSE,False,False,4.0,1.0,80.0,20.0
INSP01827,2025-08-09,SCH0231,False,True,True,False,True,Omaja Bhatnagar,Average,sch0231,SCH0231,True,08-09-2025,2025-08-09,DASH_MM_DD_AMBIGUOUS,True,False,No,False,False,TRUE,True,False,TRUE,True,False,N,False,False,Yes,True,False,3.0,2.0,60.0,40.0
INSP02322,2026-03-24,SCH0304,True,True,True,False,False,Nathan Pathak,Needs repair,sch_0304,SCH0304,True,24-03-2026,2026-03-24,DASH_DD_MM_YYYY,False,False,TRUE,True,False,Yes,True,False,haan,True,False,na,False,False,na,False,False,3.0,2.0,60.0,40.0
INSP01968,2025-05-12,SCH0096,True,True,False,True,True,Upma Kulkarni,Needs repair,SCH0096,SCH0096,False,05-12-2025,2025-05-12,DASH_MM_DD_AMBIGUOUS,True,False,haan,True,False,Hai,True,False,FALSE,False,False,Haan,True,False,TRUE,True,False,4.0,1.0,80.0,20.0
INSP02416,2025-03-09,SCH0285,True,True,False,True,False,Varsha Manda,Toilets locked,sch0285,SCH0285,True,03-09-2025,2025-03-09,DASH_MM_DD_AMBIGUOUS,True,False,H,True,False,TRUE,True,False,FALSE,False,False,TRUE,True,False,Nahi,False,False,3.0,2.0,60.0,40.0
INSP02121,2025-07-27,SCH0414,True,False,True,True,False,Ayush Deo,No remarks,SCH0414,SCH0414,False,27-Jul-25,2025-07-27,TEXT_MONTH,False,False,Haan,True,False,FALSE,False,False,TRUE,True,False,haan,True,False,Nahi hai,False,False,3.0,2.0,60.0,40.0
INSP02374,2025-05-17,SCH0485,False,True,False,True,True,Anirudh Korpal,Average,sch_0485,SCH0485,True,17.05.2025,2025-05-17,DOT_DD_MM_YYYY,False,False,FALSE,False,False,TRUE,True,False,Nahi hai,False,False,TRUE,True,False,TRUE,True,False,3.0,2.0,60.0,40.0
INSP02464,2025-08-29,SCH0273,False,True,True,True,True,Baghyawati Sen,Needs repair,S0273,SCH0273,True,29-08-2025,2025-08-29,DASH_DD_MM_YYYY,False,False,FALSE,False,False,TRUE,True,False,TRUE,True,False,TRUE,True,False,TRUE,True,False,4.0,1.0,80.0,20.0
INSP02708,2025-05-26,SCH0014,False,True,False,False,,Ishanvi Viswanathan,Toilets locked,sch0014,SCH0014,True,26-May-25,2025-05-26,TEXT_MONTH,False,False,FALSE,False,False,H,True,False,FALSE,False,False,N,False,False,,,True,1.0,3.0,20.0,60.0
INSP01963,2026-03-20,SCH0429,True,True,False,True,False,Eshana Singh,No remarks,SCH0429,SCH0429,False,20-03-2026,2026-03-20,DASH_DD_MM_YYYY,False,False,TRUE,True,False,1,True,False,FALSE,False,False,TRUE,True,False,FALSE,False,False,3.0,2.0,60.0,40.0
INSP00296,2026-05-01,SCH0300,True,True,False,,True,Jason Randhawa,,sch0300,SCH0300,True,05-01-2026,2026-05-01,DASH_MM_DD_AMBIGUOUS,True,False,Haan,True,False,H,True,False,FALSE,False,False,,,True,Working,True,False,3.0,1.0,60.0,20.0
INSP00713,2026-04-01,SCH0059,,False,False,True,True,Viraj Mitra,Needs repair,SCH0059,SCH0059,False,04-01-2026,2026-04-01,DASH_MM_DD_AMBIGUOUS,True,False,,,True,FALSE,False,False,FALSE,False,False,Haan,True,False,Y,True,False,2.0,2.0,40.0,40.0
INSP00073,2025-06-11,SCH0560,False,True,True,,True,Ishanvi Mander,Average,SCH0560,SCH0560,False,06-11-2025,2025-06-11,DASH_MM_DD_AMBIGUOUS,True,False,Nahi,False,False,Available,True,False,Y,True,False,,,True,TRUE,True,False,3.0,1.0,60.0,20.0
INSP01525,2025-05-13,SCH0353,True,False,True,False,True,Timothy Borra,Average,SCH0353,SCH0353,False,13-05-2025,2025-05-13,DASH_DD_MM_YYYY,False,False,TRUE,True,False,Nahi,False,False,Y,True,False,na,False,False,TRUE,True,False,3.0,2.0,60.0,40.0
INSP02393,2026-06-02,SCH0328,False,True,True,False,True,Orinder Subramanian,Toilets locked,SCH0328,SCH0328,False,06-02-2026,2026-06-02,DASH_MM_DD_AMBIGUOUS,True,False,FALSE,False,False,TRUE,True,False,Yes,True,False,FALSE,False,False,H,True,False,3.0,2.0,60.0,40.0
INSP02980,2025-12-21,SCH0481,False,False,True,True,True,Prisha Kaur,Good condition,SCH-0481,SCH0481,True,21-12-2025,2025-12-21,DASH_DD_MM_YYYY,False,False,FALSE,False,False,FALSE,False,False,TRUE,True,False,Y,True,False,TRUE,True,False,3.0,2.0,60.0,40.0
INSP00482,2026-02-12,SCH0092,True,True,True,False,True,Tejas Maharaj,Good condition,SCH0092,SCH0092,False,02-12-2026,2026-02-12,DASH_MM_DD_AMBIGUOUS,True,False,TRUE,True,False,H,True,False,TRUE,True,False,Kharab,False,False,TRUE,True,False,4.0,1.0,80.0,20.0
INSP02338,2025-05-21,SCH0542,True,True,True,True,True,Mason Bhavsar,Needs repair,SCH0542,SCH0542,False,21.05.2025,2025-05-21,DOT_DD_MM_YYYY,False,False,TRUE,True,False,Functional,True,False,TRUE,True,False,Yes,True,False,TRUE,True,False,5.0,0.0,100.0,0.0
INSP01531,2025-04-12,SCH0509,False,True,,False,True,Saksham Bera,No remarks,SCH0509,SCH0509,False,04-12-2025,2025-04-12,DASH_MM_DD_AMBIGUOUS,True,False,na,False,False,TRUE,True,False,,,True,FALSE,False,False,TRUE,True,False,2.0,2.0,40.0,40.0
INSP02686,2025-04-20,SCH0243,False,True,True,True,False,Vedant Som,Needs repair,SCH0243,SCH0243,False,20-04-2025,2025-04-20,DASH_DD_MM_YYYY,False,False,FALSE,False,False,TRUE,True,False,Haan,True,False,TRUE,True,False,Nahi,False,False,3.0,2.0,60.0,40.0
INSP01873,2026-03-08,SCH0165,True,True,True,True,True,,Good condition,sch0165,SCH0165,True,08.03.2026,2026-03-08,DOT_DD_MM_AMBIGUOUS,True,False,haan,True,False,TRUE,True,False,Available,True,False,TRUE,True,False,Y,True,False,5.0,0.0,100.0,0.0
INSP01515,2025-07-11,SCH0029,False,True,True,False,True,Omkaar Krishnan,Average,SCH0029,SCH0029,False,11.07.2025,2025-07-11,DOT_DD_MM_AMBIGUOUS,True,False,FALSE,False,False,TRUE,True,False,TRUE,True,False,FALSE,False,False,TRUE,True,False,3.0,2.0,60.0,40.0
INSP01491,2025-11-12,SCH0230,,False,True,False,True,Harsh Sagar,No remarks,SCH0230,SCH0230,False,12.11.2025,2025-11-12,DOT_DD_MM_AMBIGUOUS,True,False,,,True,FALSE,False,False,TRUE,True,False,FALSE,False,False,TRUE,True,False,2.0,2.0,40.0,40.0
INSP01172,2025-11-19,SCH0151,True,True,True,False,True,Samaksh Sidhu,Good condition,SCH0151,SCH0151,False,19-11-2025,2025-11-19,DASH_DD_MM_YYYY,False,False,TRUE,True,False,Y,True,False,Available,True,False,FALSE,False,False,TRUE,True,False,4.0,1.0,80.0,20.0
INSP02580,2025-01-07,SCH0546,True,,True,True,True,Ayushman Sahota,No remarks,sch0546,SCH0546,True,01-07-2025,2025-01-07,DASH_MM_DD_AMBIGUOUS,True,False,TRUE,True,False,,,True,TRUE,True,False,Y,True,False,1,True,False,4.0,0.0,80.0,0.0
INSP02038,2025-08-04,SCH0428,False,True,True,,False,Zaitra Rege,Needs repair,SCH0428,SCH0428,False,08-04-2025,2025-08-04,DASH_MM_DD_AMBIGUOUS,True,False,FALSE,False,False,TRUE,True,False,TRUE,True,False,,,True,FALSE,False,False,2.0,2.0,40.0,40.0
INSP02673,2025-06-14,SCH0214,True,True,True,False,True,Laksh Babu,Good condition,sch_0214,SCH0214,True,14-06-2025,2025-06-14,DASH_DD_MM_YYYY,False,False,TRUE,True,False,TRUE,True,False,TRUE,True,False,0,False,False,Y,True,False,4.0,1.0,80.0,20.0
INSP02185,2025-05-29,SCH0186,False,False,False,False,True,Timothy Ganguly,,SCH0186,SCH0186,False,05-29-2025,2025-05-29,DASH_MM_DD_YYYY,False,False,Nahi,False,False,FALSE,False,False,N,False,False,Under Repair,False,False,TRUE,True,False,1.0,4.0,20.0,80.0
INSP02336,2025-10-16,SCH0443,True,True,False,False,False,Lucky Natt,Toilets locked,sch0443,SCH0443,True,16-10-2025,2025-10-16,DASH_DD_MM_YYYY,False,False,TRUE,True,False,TRUE,True,False,No,False,False,FALSE,False,False,FALSE,False,False,2.0,3.0,40.0,60.0
INSP02395,2025-11-13,SCH0141,True,True,True,False,False,Madhavi Ben,,sch0141,SCH0141,True,13-11-2025,2025-11-13,DASH_DD_MM_YYYY,False,False,TRUE,True,False,H,True,False,Yes,True,False,0,False,False,FALSE,False,False,3.0,2.0,60.0,40.0
INSP00406,2025-07-16,SCH0367,False,True,True,True,True,Vedika Sodhi,Average,SCH0367,SCH0367,False,16.07.2025,2025-07-16,DOT_DD_MM_YYYY,False,False,No,False,False,TRUE,True,False,TRUE,True,False,TRUE,True,False,Available,True,False,4.0,1.0,80.0,20.0
INSP00758,2025-12-10,SCH0034,True,True,True,,False,Inaya Barman,Toilets locked,sch_0034,SCH0034,True,10-Dec-25,2025-12-10,TEXT_MONTH,False,False,Y,True,False,TRUE,True,False,TRUE,True,False,,,True,Nahi,False,False,3.0,1.0,60.0,20.0
INSP02115,2025-11-10,SCH0381,False,True,False,True,True,Meghana Sama,Average,sch0381,SCH0381,True,10.11.2025,2025-11-10,DOT_DD_MM_AMBIGUOUS,True,False,na,False,False,TRUE,True,False,FALSE,False,False,TRUE,True,False,1,True,False,3.0,2.0,60.0,40.0
INSP02303,2025-09-24,SCH0334,True,True,True,True,True,Vyanjana Tandon,Good condition,sch_0334,SCH0334,True,24.09.2025,2025-09-24,DOT_DD_MM_YYYY,False,False,Functional,True,False,TRUE,True,False,Haan,True,False,TRUE,True,False,TRUE,True,False,5.0,0.0,100.0,0.0
INSP00098,2025-09-14,SCH0520,,False,True,True,False,Mitesh Mahajan,No remarks,SCH0520,SCH0520,False,14-09-2025,2025-09-14,DASH_DD_MM_YYYY,False,False,,,True,FALSE,False,False,TRUE,True,False,TRUE,True,False,FALSE,False,False,2.0,2.0,40.0,40.0
INSP01334,2026-01-24,SCH0260,True,True,False,,False,Amruta Talwar,Needs repair,sch_0260,SCH0260,True,24-01-2026,2026-01-24,DASH_DD_MM_YYYY,False,False,Available,True,False,TRUE,True,False,Nahi,False,False,,,True,na,False,False,2.0,2.0,40.0,40.0
INSP02513,2025-11-05,SCH0468,False,True,False,True,False,,No remarks,SCH0468,SCH0468,False,11-05-2025,2025-11-05,DASH_MM_DD_AMBIGUOUS,True,False,No,False,False,1,True,False,0,False,False,Haan,True,False,FALSE,False,False,2.0,3.0,40.0,60.0
INSP00744,2025-06-28,SCH0268,False,True,True,False,False,,Needs repair,SCH0268,SCH0268,False,28-06-2025,2025-06-28,DASH_DD_MM_YYYY,False,False,Nahi,False,False,Available,True,False,H,True,False,Nahi hai,False,False,na,False,False,2.0,3.0,40.0,60.0
INSP00807,2025-08-20,SCH0131,True,True,False,,False,Hiral Bhattacharyya,No remarks,SCH0131,SCH0131,False,20.08.2025,2025-08-20,DOT_DD_MM_YYYY,False,False,H,True,False,Hai,True,False,0,False,False,,,True,N,False,False,2.0,2.0,40.0,40.0
INSP02911,2025-11-28,SCH0153,True,True,False,,True,Qushi Gulati,Needs repair,S0153,SCH0153,True,28-Nov-25,2025-11-28,TEXT_MONTH,False,False,Yes,True,False,Yes,True,False,Under Repair,False,False,,,True,TRUE,True,False,3.0,1.0,60.0,20.0
INSP02079,2025-08-13,SCH0212,True,True,False,False,True,Vasana Kaul,No remarks,SCH0212,SCH0212,False,13-08-2025,2025-08-13,DASH_DD_MM_YYYY,False,False,1,True,False,Functional,True,False,Nahi hai,False,False,FALSE,False,False,TRUE,True,False,3.0,2.0,60.0,40.0
INSP02630,2025-07-01,SCH0490,True,True,True,True,True,Dayita Choudhry,Toilets locked,SCH-0490,SCH0490,True,01-Jul-25,2025-07-01,TEXT_MONTH,False,False,TRUE,True,False,Haan,True,False,Working,True,False,TRUE,True,False,TRUE,True,False,5.0,0.0,100.0,0.0
INSP01536,2025-06-04,SCH0474,True,True,False,True,False,Nandini Parikh,Needs repair,sch_0474,SCH0474,True,04.06.2025,2025-06-04,DOT_DD_MM_AMBIGUOUS,True,False,TRUE,True,False,TRUE,True,False,No,False,False,Hai,True,False,Kharab,False,False,3.0,2.0,60.0,40.0
INSP02308,2026-01-09,SCH0486,False,True,,True,False,Ekansh Natarajan,Average,SCH0486,SCH0486,False,01-09-2026,2026-01-09,DASH_MM_DD_AMBIGUOUS,True,False,0,False,False,TRUE,True,False,,,True,TRUE,True,False,FALSE,False,False,2.0,2.0,40.0,40.0
INSP02267,2025-05-15,SCH0347,True,True,True,,True,Thomas Lala,Toilets locked,SCH0347,SCH0347,False,15-05-2025,2025-05-15,DASH_DD_MM_YYYY,False,False,TRUE,True,False,TRUE,True,False,TRUE,True,False,,,True,Y,True,False,4.0,0.0,80.0,0.0
INSP02467,2026-02-13,SCH0435,True,True,True,False,True,Faris Parmar,,sch0435,SCH0435,True,13-Feb-26,2026-02-13,TEXT_MONTH,False,False,Yes,True,False,haan,True,False,Y,True,False,FALSE,False,False,TRUE,True,False,4.0,1.0,80.0,20.0
INSP00149,2025-08-07,SCH0465,True,True,True,False,False,Azaan Sani,Needs repair,SCH0465,SCH0465,False,08-07-2025,2025-08-07,DASH_MM_DD_AMBIGUOUS,True,False,Available,True,False,1,True,False,TRUE,True,False,FALSE,False,False,FALSE,False,False,3.0,2.0,60.0,40.0
INSP01978,2025-10-26,SCH0311,False,True,False,True,True,Mugdha Badami,Average,SCH0311,SCH0311,False,26.10.2025,2025-10-26,DOT_DD_MM_YYYY,False,False,FALSE,False,False,haan,True,False,FALSE,False,False,1,True,False,TRUE,True,False,3.0,2.0,60.0,40.0
INSP02163,2025-10-10,SCH0043,True,True,True,,True,Ayaan Solanki,Good condition,SCH-0043,SCH0043,True,10-10-2025,2025-10-10,DASH_MM_DD_AMBIGUOUS,True,False,Yes,True,False,1,True,False,Hai,True,False,,,True,Functional,True,False,4.0,0.0,80.0,0.0
INSP02304,2025-08-31,SCH0539,True,True,True,True,False,Shivansh Loke,Toilets locked,SCH0539,SCH0539,False,31.08.2025,2025-08-31,DOT_DD_MM_YYYY,False,False,Yes,True,False,TRUE,True,False,TRUE,True,False,Y,True,False,na,False,False,4.0,1.0,80.0,20.0
INSP01316,2026-03-17,SCH0293,False,True,True,True,False,Ranveer Dutt,No remarks,SCH0293,SCH0293,False,17.03.2026,2026-03-17,DOT_DD_MM_YYYY,False,False,0,False,False,TRUE,True,False,H,True,False,Y,True,False,FALSE,False,False,3.0,2.0,60.0,40.0
INSP00693,2026-03-10,SCH0102,True,True,False,,False,,Toilets locked,SCH0102,SCH0102,False,03-10-2026,2026-03-10,DASH_MM_DD_AMBIGUOUS,True,False,TRUE,True,False,TRUE,True,False,No,False,False,,,True,na,False,False,2.0,2.0,40.0,40.0
INSP00819,2025-08-24,SCH0058,True,True,False,,True,Harrison Shah,Good condition,SCH0058,SCH0058,False,24-Aug-25,2025-08-24,TEXT_MONTH,False,False,Y,True,False,TRUE,True,False,Nahi,False,False,,,True,Y,True,False,3.0,1.0,60.0,20.0
INSP01729,2026-03-01,SCH0354,True,False,True,False,False,Ojasvi Venkataraman,,SCH0354,SCH0354,False,03-01-2026,2026-03-01,DASH_MM_DD_AMBIGUOUS,True,False,TRUE,True,False,N,False,False,TRUE,True,False,No,False,False,Nahi hai,False,False,2.0,3.0,40.0,60.0
INSP01387,2026-02-21,SCH0566,False,False,True,True,False,Samarth Narain,No remarks,sch_0566,SCH0566,True,02-21-2026,2026-02-21,DASH_MM_DD_YYYY,False,False,FALSE,False,False,FALSE,False,False,TRUE,True,False,haan,True,False,FALSE,False,False,2.0,3.0,40.0,60.0
INSP01846,2025-07-28,SCH0163,True,False,False,True,False,Ucchal Ramaswamy,No remarks,S0163,SCH0163,True,28-07-2025,2025-07-28,DASH_DD_MM_YYYY,False,False,TRUE,True,False,FALSE,False,False,No,False,False,TRUE,True,False,N,False,False,2.0,3.0,40.0,60.0
INSP02405,2026-01-24,SCH0559,False,True,False,True,True,Hemangini Garg,,SCH0559,SCH0559,False,24-Jan-26,2026-01-24,TEXT_MONTH,False,False,FALSE,False,False,Y,True,False,na,False,False,Yes,True,False,TRUE,True,False,3.0,2.0,60.0,40.0
INSP02430,2026-03-05,SCH0298,True,True,True,False,True,Liam Prabhakar,No remarks,sch0298,SCH0298,True,05-Mar-26,2026-03-05,TEXT_MONTH,False,False,TRUE,True,False,Hai,True,False,Hai,True,False,N,False,False,H,True,False,4.0,1.0,80.0,20.0
INSP01600,2025-12-09,SCH0172,False,True,False,False,True,Radhika Oza,Toilets locked,sch_0172,SCH0172,True,12-09-2025,2025-12-09,DASH_MM_DD_AMBIGUOUS,True,False,FALSE,False,False,TRUE,True,False,FALSE,False,False,na,False,False,TRUE,True,False,2.0,3.0,40.0,60.0
INSP02485,2025-05-01,SCH0334,True,True,True,True,True,Eiravati Naidu,Good condition,sch0334,SCH0334,True,05-01-2025,2025-05-01,DASH_MM_DD_AMBIGUOUS,True,False,1,True,False,TRUE,True,False,TRUE,True,False,Available,True,False,TRUE,True,False,5.0,0.0,100.0,0.0
INSP02585,2026-02-14,SCH0555,False,True,True,True,False,Benjamin Chatterjee,,555,SCH0555,True,14-02-2026,2026-02-14,DASH_DD_MM_YYYY,False,False,Nahi hai,False,False,TRUE,True,False,TRUE,True,False,TRUE,True,False,na,False,False,3.0,2.0,60.0,40.0
INSP00702,2025-12-12,SCH0364,True,True,True,,True,Abha Agarwal,,SCH0364,SCH0364,False,12-Dec-25,2025-12-12,TEXT_MONTH,False,False,Working,True,False,TRUE,True,False,Yes,True,False,,,True,TRUE,True,False,4.0,0.0,80.0,0.0
INSP01500,2026-03-19,SCH0094,True,True,True,False,True,Diya Parmer,Needs repair,SCH0094,SCH0094,False,19-03-2026,2026-03-19,DASH_DD_MM_YYYY,False,False,H,True,False,1,True,False,TRUE,True,False,Kharab,False,False,TRUE,True,False,4.0,1.0,80.0,20.0
INSP02794,2025-09-18,SCH0230,True,True,True,True,True,Akshay Pingle,Needs repair,SCH0230,SCH0230,False,18.09.2025,2025-09-18,DOT_DD_MM_YYYY,False,False,Haan,True,False,haan,True,False,TRUE,True,False,TRUE,True,False,TRUE,True,False,5.0,0.0,100.0,0.0
INSP00922,2025-03-12,SCH0132,True,True,False,True,True,,Average,SCH0132,SCH0132,False,03-12-2025,2025-03-12,DASH_MM_DD_AMBIGUOUS,True,False,Y,True,False,H,True,False,na,False,False,Yes,True,False,TRUE,True,False,4.0,1.0,80.0,20.0
INSP01425,2025-08-21,SCH0409,True,True,,True,True,Eiravati Mangal,,SCH0409,SCH0409,False,21-08-2025,2025-08-21,DASH_DD_MM_YYYY,False,False,TRUE,True,False,Y,True,False,,,True,Y,True,False,TRUE,True,False,4.0,0.0,80.0,0.0
INSP01709,2026-03-08,SCH0270,True,False,,True,True,Vasatika Sinha,,sch0270,SCH0270,True,08-Mar-26,2026-03-08,TEXT_MONTH,False,False,TRUE,True,False,FALSE,False,False,,,True,TRUE,True,False,Yes,True,False,3.0,1.0,60.0,20.0
INSP00906,2025-12-27,SCH0033,,True,True,True,True,Anvi Kant,Needs repair,SCH0033,SCH0033,False,27.12.2025,2025-12-27,DOT_DD_MM_YYYY,False,False,,,True,Yes,True,False,Hai,True,False,haan,True,False,Yes,True,False,4.0,0.0,80.0,0.0
INSP00455,2026-03-16,SCH0205,True,True,True,False,False,Ekansh Gulati,,SCH0205,SCH0205,False,16-03-2026,2026-03-16,DASH_DD_MM_YYYY,False,False,Hai,True,False,1,True,False,TRUE,True,False,FALSE,False,False,Not Available,False,False,3.0,2.0,60.0,40.0
INSP02471,2025-08-05,SCH0431,True,True,,False,True,Ikshita Shroff,Needs repair,sch_0431,SCH0431,True,05.08.2025,2025-08-05,DOT_DD_MM_AMBIGUOUS,True,False,haan,True,False,H,True,False,,,True,0,False,False,TRUE,True,False,3.0,1.0,60.0,20.0
INSP02209,2025-11-13,SCH0193,False,True,True,False,,Amara Sathe,Needs repair,SCH-0193,SCH0193,True,13-11-2025,2025-11-13,DASH_DD_MM_YYYY,False,False,Nahi,False,False,TRUE,True,False,TRUE,True,False,FALSE,False,False,,,True,2.0,2.0,40.0,40.0
INSP02656,2025-10-16,SCH0205,False,True,True,False,False,Andrew Nigam,Average,205,SCH0205,True,16-10-2025,2025-10-16,DASH_DD_MM_YYYY,False,False,na,False,False,H,True,False,Hai,True,False,FALSE,False,False,0,False,False,2.0,3.0,40.0,60.0
INSP02299,2025-08-16,SCH0449,True,False,True,False,True,Abhimanyu Om,Needs repair,SCH-0449,SCH0449,True,16-08-2025,2025-08-16,DASH_DD_MM_YYYY,False,False,TRUE,True,False,FALSE,False,False,haan,True,False,Broken,False,False,TRUE,True,False,3.0,2.0,60.0,40.0
INSP00168,2025-04-09,SCH0568,False,True,True,True,True,Ranveer Magar,Good condition,SCH0568,SCH0568,False,04-09-2025,2025-04-09,DASH_MM_DD_AMBIGUOUS,True,False,FALSE,False,False,TRUE,True,False,H,True,False,TRUE,True,False,Y,True,False,4.0,1.0,80.0,20.0
INSP00731,2025-05-11,SCH0371,True,,True,False,True,Widisha Dalal,Toilets locked,SCH0371,SCH0371,False,05-11-2025,2025-05-11,DASH_MM_DD_AMBIGUOUS,True,False,H,True,False,,,True,TRUE,True,False,FALSE,False,False,TRUE,True,False,3.0,1.0,60.0,20.0
INSP02277,2025-05-20,SCH0569,False,True,True,False,False,Yatin Magar,Needs repair,569,SCH0569,True,05-20-2025,2025-05-20,DASH_MM_DD_YYYY,False,False,FALSE,False,False,TRUE,True,False,TRUE,True,False,FALSE,False,False,FALSE,False,False,2.0,3.0,40.0,60.0
INSP01311,2025-08-05,SCH0145,False,True,True,False,False,Sudiksha Tank,Average,SCH-0145,SCH0145,True,08-05-2025,2025-08-05,DASH_MM_DD_AMBIGUOUS,True,False,Nahi hai,False,False,Working,True,False,Y,True,False,FALSE,False,False,FALSE,False,False,2.0,3.0,40.0,60.0
INSP02422,2025-09-30,SCH0188,False,True,True,True,False,Dayamai Luthra,No remarks,sch_0188,SCH0188,True,30-09-2025,2025-09-30,DASH_DD_MM_YYYY,False,False,na,False,False,TRUE,True,False,Yes,True,False,TRUE,True,False,FALSE,False,False,3.0,2.0,60.0,40.0
INSP00027,2025-08-11,SCH0023,True,True,True,False,True,,Toilets locked,SCH0023,SCH0023,False,11-Aug-25,2025-08-11,TEXT_MONTH,False,False,H,True,False,TRUE,True,False,Functional,True,False,0,False,False,TRUE,True,False,4.0,1.0,80.0,20.0
INSP02098,2025-11-29,SCH0329,,True,False,False,True,,,sch0329,SCH0329,True,11-29-2025,2025-11-29,DASH_MM_DD_YYYY,False,False,,,True,Y,True,False,Nahi hai,False,False,No,False,False,TRUE,True,False,2.0,2.0,40.0,40.0
INSP01898,2025-12-23,SCH0418,True,True,True,True,False,Yahvi Divan,Needs repair,SCH0418,SCH0418,False,23-12-2025,2025-12-23,DASH_DD_MM_YYYY,False,False,TRUE,True,False,Haan,True,False,Hai,True,False,Hai,True,False,No,False,False,4.0,1.0,80.0,20.0
INSP01653,2026-03-07,SCH0346,True,True,True,False,True,Abha Raval,Average,SCH0346,SCH0346,False,07-Mar-26,2026-03-07,TEXT_MONTH,False,False,TRUE,True,False,H,True,False,TRUE,True,False,FALSE,False,False,Yes,True,False,4.0,1.0,80.0,20.0
INSP01623,2025-04-24,SCH0257,False,True,True,True,True,Rachit Rastogi,Toilets locked,SCH0257,SCH0257,False,24-04-2025,2025-04-24,DASH_DD_MM_YYYY,False,False,FALSE,False,False,TRUE,True,False,Hai,True,False,TRUE,True,False,TRUE,True,False,4.0,1.0,80.0,20.0
INSP00588,2026-02-10,SCH0309,True,True,True,True,False,Dayita Mahal,,SCH0309,SCH0309,False,02-10-2026,2026-02-10,DASH_MM_DD_AMBIGUOUS,True,False,Y,True,False,TRUE,True,False,Yes,True,False,Yes,True,False,0,False,False,4.0,1.0,80.0,20.0
INSP01402,2025-04-26,SCH0262,True,True,True,False,True,Bhavna Chandra,,sch_0262,SCH0262,True,26-04-2025,2025-04-26,DASH_DD_MM_YYYY,False,False,TRUE,True,False,Hai,True,False,TRUE,True,False,FALSE,False,False,TRUE,True,False,4.0,1.0,80.0,20.0
INSP00998,2026-02-23,SCH0040,True,True,True,True,False,Chanakya Kata,Good condition,SCH0040,SCH0040,False,23-02-2026,2026-02-23,DASH_DD_MM_YYYY,False,False,TRUE,True,False,haan,True,False,haan,True,False,TRUE,True,False,FALSE,False,False,4.0,1.0,80.0,20.0
INSP01177,2025-02-09,SCH0148,True,True,True,True,True,Triya Singh,Good condition,SCH0148,SCH0148,False,02-09-2025,2025-02-09,DASH_MM_DD_AMBIGUOUS,True,False,TRUE,True,False,H,True,False,TRUE,True,False,H,True,False,Available,True,False,5.0,0.0,100.0,0.0
INSP01701,2025-12-14,SCH0256,False,True,True,False,False,Vasana Wagle,Toilets locked,SCH-0256,SCH0256,True,14-12-2025,2025-12-14,DASH_DD_MM_YYYY,False,False,Nahi,False,False,Yes,True,False,TRUE,True,False,FALSE,False,False,FALSE,False,False,2.0,3.0,40.0,60.0
INSP01041,2026-01-17,SCH0029,True,True,True,True,True,Devansh Chaudhary,No remarks,SCH0029,SCH0029,False,17.01.2026,2026-01-17,DOT_DD_MM_YYYY,False,False,Y,True,False,TRUE,True,False,TRUE,True,False,Working,True,False,Haan,True,False,5.0,0.0,100.0,0.0
INSP00034,2025-04-13,SCH0403,True,True,True,True,False,Chanakya Baria,No remarks,S0403,SCH0403,True,13.04.2025,2025-04-13,DOT_DD_MM_YYYY,False,False,TRUE,True,False,TRUE,True,False,TRUE,True,False,TRUE,True,False,N,False,False,4.0,1.0,80.0,20.0
INSP02410,2025-12-05,SCH0417,False,True,False,True,True,Harshil Mall,Toilets locked,SCH-0417,SCH0417,True,12-05-2025,2025-12-05,DASH_MM_DD_AMBIGUOUS,True,False,FALSE,False,False,TRUE,True,False,N,False,False,Functional,True,False,TRUE,True,False,3.0,2.0,60.0,40.0
INSP01380,2026-03-03,SCH0181,True,True,False,True,True,Udant Wali,Average,SCH0181,SCH0181,False,03-03-2026,2026-03-03,DASH_MM_DD_AMBIGUOUS,True,False,haan,True,False,TRUE,True,False,Nahi hai,False,False,TRUE,True,False,H,True,False,4.0,1.0,80.0,20.0
INSP00042,2026-02-23,SCH0196,True,True,True,True,False,Varenya Parmer,Toilets locked,sch0196,SCH0196,True,23-02-2026,2026-02-23,DASH_DD_MM_YYYY,False,False,haan,True,False,TRUE,True,False,Haan,True,False,TRUE,True,False,FALSE,False,False,4.0,1.0,80.0,20.0
INSP01877,2025-10-15,SCH0265,True,True,True,False,True,Raghav Doshi,No remarks,SCH0265,SCH0265,False,15-Oct-25,2025-10-15,TEXT_MONTH,False,False,TRUE,True,False,Y,True,False,Y,True,False,FALSE,False,False,Y,True,False,4.0,1.0,80.0,20.0
INSP02952,2025-06-11,SCH0393,True,True,True,True,True,Ishita Chokshi,Good condition,SCH0393,SCH0393,False,06-11-2025,2025-06-11,DASH_MM_DD_AMBIGUOUS,True,False,Available,True,False,TRUE,True,False,Haan,True,False,Haan,True,False,1,True,False,5.0,0.0,100.0,0.0
INSP02309,2025-08-11,SCH0142,True,True,True,True,False,Tanish Zacharia,No remarks,SCH0142,SCH0142,False,11-Aug-25,2025-08-11,TEXT_MONTH,False,False,1,True,False,1,True,False,H,True,False,TRUE,True,False,Nahi,False,False,4.0,1.0,80.0,20.0
INSP02741,2025-07-24,SCH0302,True,True,True,False,False,Aryan Roy,Average,SCH0302,SCH0302,False,07-24-2025,2025-07-24,DASH_MM_DD_YYYY,False,False,TRUE,True,False,TRUE,True,False,Working,True,False,FALSE,False,False,No,False,False,3.0,2.0,60.0,40.0
INSP02280,2025-07-12,SCH0226,True,True,True,True,False,Anita Parmar,Needs repair,sch0226,SCH0226,True,07-12-2025,2025-07-12,DASH_MM_DD_AMBIGUOUS,True,False,Available,True,False,TRUE,True,False,Haan,True,False,1,True,False,No,False,False,4.0,1.0,80.0,20.0
INSP02019,2025-05-28,SCH0282,True,True,True,True,True,Samarth Deshpande,Toilets locked,SCH0282,SCH0282,False,28.05.2025,2025-05-28,DOT_DD_MM_YYYY,False,False,TRUE,True,False,Yes,True,False,TRUE,True,False,TRUE,True,False,TRUE,True,False,5.0,0.0,100.0,0.0
INSP02000,2025-01-09,SCH0217,False,True,True,True,True,Triya Dhawan,,sch_0217,SCH0217,True,01-09-2025,2025-01-09,DASH_MM_DD_AMBIGUOUS,True,False,FALSE,False,False,Available,True,False,Y,True,False,1,True,False,Y,True,False,4.0,1.0,80.0,20.0
INSP00610,2025-08-06,SCH0062,True,True,True,False,True,Niharika Nori,Good condition,SCH0062,SCH0062,False,08-06-2025,2025-08-06,DASH_MM_DD_AMBIGUOUS,True,False,1,True,False,Functional,True,False,TRUE,True,False,0,False,False,Functional,True,False,4.0,1.0,80.0,20.0
INSP01133,2025-05-13,SCH0489,True,False,True,True,False,Yug Halder,,sch_0489,SCH0489,True,13-05-2025,2025-05-13,DASH_DD_MM_YYYY,False,False,TRUE,True,False,FALSE,False,False,H,True,False,Haan,True,False,Nahi hai,False,False,3.0,2.0,60.0,40.0
INSP00029,2025-03-06,SCH0132,True,True,,True,True,Arin Lall,Toilets locked,SCH0132,SCH0132,False,03-06-2025,2025-03-06,DASH_MM_DD_AMBIGUOUS,True,False,Available,True,False,Yes,True,False,,,True,TRUE,True,False,TRUE,True,False,4.0,0.0,80.0,0.0
INSP00442,2025-09-01,SCH0564,True,True,True,False,True,Yamini Sridhar,Needs repair,S0564,SCH0564,True,01-Sep-25,2025-09-01,TEXT_MONTH,False,False,1,True,False,TRUE,True,False,TRUE,True,False,FALSE,False,False,TRUE,True,False,4.0,1.0,80.0,20.0
INSP00666,2025-05-27,SCH0431,,True,False,True,False,Nidra Kashyap,No remarks,S0431,SCH0431,True,27-05-2025,2025-05-27,DASH_DD_MM_YYYY,False,False,,,True,TRUE,True,False,FALSE,False,False,TRUE,True,False,Not Available,False,False,2.0,2.0,40.0,40.0
INSP02993,2026-02-24,SCH0544,True,True,,False,True,Advika Sehgal,No remarks,sch0544,SCH0544,True,24-02-2026,2026-02-24,DASH_DD_MM_YYYY,False,False,Yes,True,False,Y,True,False,,,True,No,False,False,TRUE,True,False,3.0,1.0,60.0,20.0
INSP00494,2026-01-10,SCH0537,True,False,True,False,False,Lucky Chauhan,Average,SCH0537,SCH0537,False,10-Jan-26,2026-01-10,TEXT_MONTH,False,False,Haan,True,False,FALSE,False,False,Hai,True,False,Under Repair,False,False,FALSE,False,False,2.0,3.0,40.0,60.0
INSP01259,2025-05-24,SCH0338,True,True,True,True,False,Daksha Gupta,No remarks,S0338,SCH0338,True,24-05-2025,2025-05-24,DASH_DD_MM_YYYY,False,False,TRUE,True,False,Haan,True,False,H,True,False,TRUE,True,False,Kharab,False,False,4.0,1.0,80.0,20.0
INSP01302,2026-06-02,SCH0286,True,True,True,True,False,Priya Kala,Good condition,SCH0286,SCH0286,False,06-02-2026,2026-06-02,DASH_MM_DD_AMBIGUOUS,True,False,TRUE,True,False,Yes,True,False,Y,True,False,H,True,False,FALSE,False,False,4.0,1.0,80.0,20.0
INSP02671,2025-10-28,SCH0489,True,True,True,True,True,Owen Dhaliwal,No remarks,SCH0489,SCH0489,False,28-Oct-25,2025-10-28,TEXT_MONTH,False,False,TRUE,True,False,TRUE,True,False,haan,True,False,TRUE,True,False,TRUE,True,False,5.0,0.0,100.0,0.0
INSP02489,2025-08-24,SCH0544,True,True,True,False,True,Oni Khurana,Needs repair,sch_0544,SCH0544,True,24-08-2025,2025-08-24,DASH_DD_MM_YYYY,False,False,TRUE,True,False,TRUE,True,False,Yes,True,False,FALSE,False,False,Available,True,False,4.0,1.0,80.0,20.0
INSP01383,2025-01-12,SCH0133,True,False,True,,False,Robert Bahri,No remarks,SCH0133,SCH0133,False,01-12-2025,2025-01-12,DASH_MM_DD_AMBIGUOUS,True,False,haan,True,False,Nahi,False,False,TRUE,True,False,,,True,Broken,False,False,2.0,2.0,40.0,40.0
INSP01305,2025-08-15,SCH0402,,True,True,,False,Azad Prakash,Needs repair,sch_0402,SCH0402,True,15-08-2025,2025-08-15,DASH_DD_MM_YYYY,False,False,,,True,TRUE,True,False,TRUE,True,False,,,True,Nahi,False,False,2.0,1.0,40.0,20.0
INSP00237,2025-12-17,SCH0180,,True,True,True,False,Ria Babu,Toilets locked,SCH0180,SCH0180,False,17-12-2025,2025-12-17,DASH_DD_MM_YYYY,False,False,,,True,TRUE,True,False,TRUE,True,False,TRUE,True,False,FALSE,False,False,3.0,1.0,60.0,20.0
INSP01986,2025-12-03,SCH0115,False,True,True,True,True,Christopher Chakraborty,Average,S0115,SCH0115,True,03-Dec-25,2025-12-03,TEXT_MONTH,False,False,FALSE,False,False,haan,True,False,Y,True,False,Yes,True,False,Available,True,False,4.0,1.0,80.0,20.0
INSP00552,2025-10-15,SCH0162,False,True,False,True,False,Adweta Gupta,Good condition,SCH-0162,SCH0162,True,10-15-2025,2025-10-15,DASH_MM_DD_YYYY,False,False,na,False,False,TRUE,True,False,FALSE,False,False,TRUE,True,False,Nahi hai,False,False,2.0,3.0,40.0,60.0
INSP00521,2025-04-13,SCH0018,True,True,True,False,False,,Average,18,SCH0018,True,13-Apr-25,2025-04-13,TEXT_MONTH,False,False,TRUE,True,False,TRUE,True,False,Yes,True,False,FALSE,False,False,FALSE,False,False,3.0,2.0,60.0,40.0
INSP01233,2025-07-19,SCH0395,True,True,True,True,True,Chatresh Misra,Toilets locked,SCH0395,SCH0395,False,19-07-2025,2025-07-19,DASH_DD_MM_YYYY,False,False,TRUE,True,False,1,True,False,Available,True,False,TRUE,True,False,Y,True,False,5.0,0.0,100.0,0.0
INSP01139,2025-04-20,SCH0376,True,,True,False,False,Krish Hayer,Needs repair,sch_0376,SCH0376,True,20.04.2025,2025-04-20,DOT_DD_MM_YYYY,False,False,TRUE,True,False,,,True,TRUE,True,False,FALSE,False,False,na,False,False,2.0,2.0,40.0,40.0
INSP01906,2025-01-05,SCH0400,True,True,True,True,True,Eta Kanda,Needs repair,SCH-0400,SCH0400,True,01-05-2025,2025-01-05,DASH_MM_DD_AMBIGUOUS,True,False,TRUE,True,False,TRUE,True,False,Haan,True,False,TRUE,True,False,TRUE,True,False,5.0,0.0,100.0,0.0
INSP00721,2025-04-10,SCH0009,False,False,False,True,False,Prisha Chandran,Good condition,SCH0009,SCH0009,False,04-10-2025,2025-04-10,DASH_MM_DD_AMBIGUOUS,True,False,na,False,False,Kharab,False,False,Broken,False,False,Y,True,False,Nahi hai,False,False,1.0,4.0,20.0,80.0
INSP00736,2025-05-23,SCH0224,True,True,True,True,False,Gautam Kannan,Toilets locked,SCH0224,SCH0224,False,23-05-2025,2025-05-23,DASH_DD_MM_YYYY,False,False,Available,True,False,1,True,False,TRUE,True,False,1,True,False,Under Repair,False,False,4.0,1.0,80.0,20.0
INSP03000,2025-08-09,SCH0349,False,True,True,False,True,Bimala Talwar,Needs repair,349,SCH0349,True,08-09-2025,2025-08-09,DASH_MM_DD_AMBIGUOUS,True,False,FALSE,False,False,Haan,True,False,Hai,True,False,Kharab,False,False,TRUE,True,False,3.0,2.0,60.0,40.0
INSP01751,2025-11-06,SCH0234,True,True,True,True,True,Jonathan Setty,Good condition,SCH0234,SCH0234,False,11-06-2025,2025-11-06,DASH_MM_DD_AMBIGUOUS,True,False,H,True,False,TRUE,True,False,H,True,False,TRUE,True,False,1,True,False,5.0,0.0,100.0,0.0
INSP00059,2026-09-03,SCH0030,,False,True,True,False,Janaki Bora,,S0030,SCH0030,True,09-03-2026,2026-09-03,DASH_MM_DD_AMBIGUOUS,True,False,,,True,FALSE,False,False,Available,True,False,TRUE,True,False,N,False,False,2.0,2.0,40.0,40.0
INSP00632,2026-09-02,SCH0166,False,True,True,False,False,Aashi Srinivasan,,166,SCH0166,True,09-02-2026,2026-09-02,DASH_MM_DD_AMBIGUOUS,True,False,FALSE,False,False,Working,True,False,TRUE,True,False,Nahi,False,False,FALSE,False,False,2.0,3.0,40.0,60.0
INSP01182,2026-05-02,SCH0368,True,True,True,False,False,Azad Kota,Needs repair,SCH0368,SCH0368,False,05-02-2026,2026-05-02,DASH_MM_DD_AMBIGUOUS,True,False,Available,True,False,TRUE,True,False,TRUE,True,False,FALSE,False,False,FALSE,False,False,3.0,2.0,60.0,40.0
INSP02323,2025-03-04,SCH0176,True,True,True,False,False,,No remarks,176,SCH0176,True,03-04-2025,2025-03-04,DASH_MM_DD_AMBIGUOUS,True,False,Yes,True,False,Available,True,False,Working,True,False,Nahi,False,False,na,False,False,3.0,2.0,60.0,40.0
INSP00593,2025-05-23,SCH0155,False,True,True,True,False,Vamakshi Deshpande,Needs repair,sch0155,SCH0155,True,23-05-2025,2025-05-23,DASH_DD_MM_YYYY,False,False,FALSE,False,False,H,True,False,Available,True,False,TRUE,True,False,FALSE,False,False,3.0,2.0,60.0,40.0
INSP01304,2025-07-20,SCH0176,True,True,True,True,True,Omya Shenoy,Toilets locked,sch_0176,SCH0176,True,07-20-2025,2025-07-20,DASH_MM_DD_YYYY,False,False,Yes,True,False,Yes,True,False,TRUE,True,False,TRUE,True,False,TRUE,True,False,5.0,0.0,100.0,0.0
INSP01388,2025-12-19,SCH0351,True,True,True,True,False,Aarav Sandhu,No remarks,351,SCH0351,True,19.12.2025,2025-12-19,DOT_DD_MM_YYYY,False,False,TRUE,True,False,TRUE,True,False,TRUE,True,False,TRUE,True,False,No,False,False,4.0,1.0,80.0,20.0
INSP02751,2025-07-19,SCH0157,True,,True,True,True,,Needs repair,SCH0157,SCH0157,False,19-07-2025,2025-07-19,DASH_DD_MM_YYYY,False,False,TRUE,True,False,,,True,Hai,True,False,Haan,True,False,Working,True,False,4.0,0.0,80.0,0.0
INSP02767,2025-05-05,SCH0081,True,True,False,True,False,Finn Prashad,Needs repair,SCH-0081,SCH0081,True,05-05-2025,2025-05-05,DASH_MM_DD_AMBIGUOUS,True,False,haan,True,False,TRUE,True,False,Not Available,False,False,Y,True,False,Nahi,False,False,3.0,2.0,60.0,40.0
INSP02055,2025-06-03,SCH0241,True,True,True,True,False,Chaitaly Sandhu,Average,sch_0241,SCH0241,True,03.06.2025,2025-06-03,DOT_DD_MM_AMBIGUOUS,True,False,Available,True,False,Y,True,False,H,True,False,TRUE,True,False,FALSE,False,False,4.0,1.0,80.0,20.0
INSP02349,2025-05-17,SCH0221,True,True,True,True,False,Urmi Gole,Needs repair,SCH0221,SCH0221,False,17-05-2025,2025-05-17,DASH_DD_MM_YYYY,False,False,1,True,False,TRUE,True,False,TRUE,True,False,Haan,True,False,0,False,False,4.0,1.0,80.0,20.0
INSP00940,2025-09-28,SCH0471,,True,True,False,True,Unni Balay,Needs repair,S0471,SCH0471,True,28-Sep-25,2025-09-28,TEXT_MONTH,False,False,,,True,TRUE,True,False,TRUE,True,False,Not Available,False,False,Functional,True,False,3.0,1.0,60.0,20.0
INSP02931,2025-12-26,SCH0262,True,False,True,True,,Christopher Dutt,Needs repair,SCH0262,SCH0262,False,26-Dec-25,2025-12-26,TEXT_MONTH,False,False,haan,True,False,0,False,False,Available,True,False,TRUE,True,False,,,True,3.0,1.0,60.0,20.0
INSP01250,2025-09-23,SCH0538,True,True,False,False,True,Edhitha Kata,,SCH0538,SCH0538,False,09-23-2025,2025-09-23,DASH_MM_DD_YYYY,False,False,H,True,False,TRUE,True,False,0,False,False,No,False,False,TRUE,True,False,3.0,2.0,60.0,40.0
INSP00905,2026-02-14,SCH0417,False,True,True,True,False,Harrison Garg,No remarks,SCH0417,SCH0417,False,14-02-2026,2026-02-14,DASH_DD_MM_YYYY,False,False,FALSE,False,False,Y,True,False,Haan,True,False,TRUE,True,False,FALSE,False,False,3.0,2.0,60.0,40.0
INSP02964,2026-01-11,SCH0145,True,True,False,True,False,Yauvani Bala,,SCH-0145,SCH0145,True,11-Jan-26,2026-01-11,TEXT_MONTH,False,False,TRUE,True,False,1,True,False,Kharab,False,False,Functional,True,False,0,False,False,3.0,2.0,60.0,40.0
INSP01280,2025-03-06,SCH0476,False,True,True,,True,Sathvik Gade,Good condition,SCH0476,SCH0476,False,03-06-2025,2025-03-06,DASH_MM_DD_AMBIGUOUS,True,False,Kharab,False,False,TRUE,True,False,TRUE,True,False,,,True,TRUE,True,False,3.0,1.0,60.0,20.0
INSP02243,2025-08-06,SCH0279,True,False,True,False,True,Sanya Ben,,279,SCH0279,True,08-06-2025,2025-08-06,DASH_MM_DD_AMBIGUOUS,True,False,Functional,True,False,FALSE,False,False,TRUE,True,False,FALSE,False,False,haan,True,False,3.0,2.0,60.0,40.0
INSP02511,2025-09-19,SCH0490,False,False,True,True,False,Azad Nagarajan,Average,SCH0490,SCH0490,False,19-09-2025,2025-09-19,DASH_DD_MM_YYYY,False,False,Nahi,False,False,FALSE,False,False,TRUE,True,False,Functional,True,False,Not Available,False,False,2.0,3.0,40.0,60.0
INSP02593,2026-01-29,SCH0452,True,True,True,True,False,,No remarks,SCH0452,SCH0452,False,29-01-2026,2026-01-29,DASH_DD_MM_YYYY,False,False,TRUE,True,False,TRUE,True,False,TRUE,True,False,TRUE,True,False,na,False,False,4.0,1.0,80.0,20.0
INSP01143,2025-12-10,SCH0026,False,True,False,True,True,Gabriel Sankaran,Needs repair,SCH0026,SCH0026,False,12-10-2025,2025-12-10,DASH_MM_DD_AMBIGUOUS,True,False,na,False,False,TRUE,True,False,N,False,False,TRUE,True,False,TRUE,True,False,3.0,2.0,60.0,40.0
INSP02628,2026-03-11,SCH0019,False,True,False,True,False,,No remarks,SCH0019,SCH0019,False,11-Mar-26,2026-03-11,TEXT_MONTH,False,False,FALSE,False,False,Y,True,False,FALSE,False,False,1,True,False,na,False,False,2.0,3.0,40.0,60.0
INSP00707,2025-05-24,SCH0558,True,True,True,True,False,Dominic Goda,Average,SCH-0558,SCH0558,True,24-May-25,2025-05-24,TEXT_MONTH,False,False,Functional,True,False,TRUE,True,False,TRUE,True,False,TRUE,True,False,na,False,False,4.0,1.0,80.0,20.0
INSP02929,2025-05-09,SCH0302,True,True,True,True,False,Barkha Purohit,Good condition,SCH0302,SCH0302,False,09-May-25,2025-05-09,TEXT_MONTH,False,False,H,True,False,TRUE,True,False,Working,True,False,Working,True,False,Broken,False,False,4.0,1.0,80.0,20.0
INSP01023,2025-07-20,SCH0246,True,True,True,True,True,Balvan Gopal,Toilets locked,SCH0246,SCH0246,False,07-20-2025,2025-07-20,DASH_MM_DD_YYYY,False,False,TRUE,True,False,TRUE,True,False,TRUE,True,False,Yes,True,False,TRUE,True,False,5.0,0.0,100.0,0.0
INSP00746,2026-03-03,SCH0565,True,True,True,False,True,Maanas Ray,Needs repair,SCH0565,SCH0565,False,03-Mar-26,2026-03-03,TEXT_MONTH,False,False,TRUE,True,False,TRUE,True,False,Yes,True,False,0,False,False,TRUE,True,False,4.0,1.0,80.0,20.0
INSP01547,2025-05-12,SCH0095,False,,True,True,False,Harini Mohanty,Good condition,SCH0095,SCH0095,False,05-12-2025,2025-05-12,DASH_MM_DD_AMBIGUOUS,True,False,FALSE,False,False,,,True,TRUE,True,False,TRUE,True,False,FALSE,False,False,2.0,2.0,40.0,40.0
INSP01940,2025-08-30,SCH0526,False,False,True,False,True,Urvashi Prabhu,Needs repair,sch0526,SCH0526,True,30.08.2025,2025-08-30,DOT_DD_MM_YYYY,False,False,Nahi hai,False,False,FALSE,False,False,Available,True,False,na,False,False,TRUE,True,False,2.0,3.0,40.0,60.0
INSP02481,2025-09-21,SCH0466,False,True,,False,False,,Average,SCH0466,SCH0466,False,21-09-2025,2025-09-21,DASH_DD_MM_YYYY,False,False,No,False,False,TRUE,True,False,,,True,No,False,False,Nahi,False,False,1.0,3.0,20.0,60.0
INSP02155,2025-11-07,SCH0231,False,True,True,,False,Abha Chandran,Toilets locked,sch_0231,SCH0231,True,07-Nov-25,2025-11-07,TEXT_MONTH,False,False,N,False,False,TRUE,True,False,1,True,False,,,True,FALSE,False,False,2.0,2.0,40.0,40.0
INSP02824,2025-04-28,SCH0041,True,True,True,True,True,Jonathan Dutt,Toilets locked,sch_0041,SCH0041,True,28-04-2025,2025-04-28,DASH_DD_MM_YYYY,False,False,TRUE,True,False,TRUE,True,False,Y,True,False,TRUE,True,False,TRUE,True,False,5.0,0.0,100.0,0.0
INSP00514,2025-07-04,SCH0016,True,True,True,True,True,Arunima Dixit,No remarks,sch0016,SCH0016,True,04.07.2025,2025-07-04,DOT_DD_MM_AMBIGUOUS,True,False,Yes,True,False,Haan,True,False,TRUE,True,False,TRUE,True,False,TRUE,True,False,5.0,0.0,100.0,0.0
INSP00082,2025-09-24,SCH0579,True,False,True,False,True,,Needs repair,SCH-0579,SCH0579,True,24-Sep-25,2025-09-24,TEXT_MONTH,False,False,Working,True,False,Nahi hai,False,False,1,True,False,FALSE,False,False,Available,True,False,3.0,2.0,60.0,40.0
INSP02799,2025-10-22,SCH0084,True,False,False,False,True,Saumya Tata,,SCH0084,SCH0084,False,22-Oct-25,2025-10-22,TEXT_MONTH,False,False,H,True,False,FALSE,False,False,Nahi,False,False,FALSE,False,False,Hai,True,False,2.0,3.0,40.0,60.0
INSP01309,2025-09-25,SCH0584,True,True,True,False,True,Harshil Vasa,Toilets locked,SCH0584,SCH0584,False,25-09-2025,2025-09-25,DASH_DD_MM_YYYY,False,False,Haan,True,False,TRUE,True,False,H,True,False,FALSE,False,False,Available,True,False,4.0,1.0,80.0,20.0
INSP02625,2026-08-03,SCH0443,True,True,True,False,True,Warinder Din,Average,SCH0443,SCH0443,False,08-03-2026,2026-08-03,DASH_MM_DD_AMBIGUOUS,True,False,haan,True,False,1,True,False,1,True,False,FALSE,False,False,TRUE,True,False,4.0,1.0,80.0,20.0
INSP00915,2026-03-13,SCH0034,True,True,True,True,False,Wahab Sehgal,Needs repair,sch_0034,SCH0034,True,13-03-2026,2026-03-13,DASH_DD_MM_YYYY,False,False,TRUE,True,False,TRUE,True,False,Hai,True,False,H,True,False,FALSE,False,False,4.0,1.0,80.0,20.0
INSP01405,2026-02-28,SCH0137,True,True,True,True,True,Kala Mukhopadhyay,Average,137,SCH0137,True,28-Feb-26,2026-02-28,TEXT_MONTH,False,False,TRUE,True,False,Available,True,False,1,True,False,Yes,True,False,TRUE,True,False,5.0,0.0,100.0,0.0
INSP01648,2025-05-07,SCH0169,True,True,True,True,False,Netra Soman,Average,S0169,SCH0169,True,05-07-2025,2025-05-07,DASH_MM_DD_AMBIGUOUS,True,False,TRUE,True,False,TRUE,True,False,TRUE,True,False,TRUE,True,False,FALSE,False,False,4.0,1.0,80.0,20.0
INSP02901,2025-04-27,SCH0192,False,True,True,True,True,Theodore Toor,Average,sch_0192,SCH0192,True,04-27-2025,2025-04-27,DASH_MM_DD_YYYY,False,False,FALSE,False,False,Functional,True,False,TRUE,True,False,Haan,True,False,TRUE,True,False,4.0,1.0,80.0,20.0
INSP01109,2025-11-26,SCH0571,True,True,True,True,True,Urishilla Choudhury,,S0571,SCH0571,True,26-Nov-25,2025-11-26,TEXT_MONTH,False,False,TRUE,True,False,TRUE,True,False,H,True,False,H,True,False,1,True,False,5.0,0.0,100.0,0.0
INSP00151,2025-06-04,SCH0094,True,True,True,True,False,Atharv Radhakrishnan,No remarks,sch_0094,SCH0094,True,06-04-2025,2025-06-04,DASH_MM_DD_AMBIGUOUS,True,False,TRUE,True,False,haan,True,False,TRUE,True,False,Hai,True,False,FALSE,False,False,4.0,1.0,80.0,20.0
INSP02866,2026-01-14,SCH0384,True,True,True,False,True,,Needs repair,SCH0384,SCH0384,False,14-Jan-26,2026-01-14,TEXT_MONTH,False,False,Working,True,False,Yes,True,False,Available,True,False,Kharab,False,False,Hai,True,False,4.0,1.0,80.0,20.0
INSP00775,2025-10-20,SCH0502,,True,True,True,True,Garima Oak,Good condition,sch_0502,SCH0502,True,20-Oct-25,2025-10-20,TEXT_MONTH,False,False,,,True,TRUE,True,False,TRUE,True,False,Yes,True,False,TRUE,True,False,4.0,0.0,80.0,0.0
INSP00330,2025-10-10,SCH0376,False,True,True,True,False,Reva Bahl,Toilets locked,sch_0376,SCH0376,True,10-10-2025,2025-10-10,DASH_MM_DD_AMBIGUOUS,True,False,Broken,False,False,TRUE,True,False,Y,True,False,haan,True,False,FALSE,False,False,3.0,2.0,60.0,40.0
INSP00007,2025-05-13,SCH0243,True,True,True,,False,,Needs repair,SCH0243,SCH0243,False,05-13-2025,2025-05-13,DASH_MM_DD_YYYY,False,False,TRUE,True,False,TRUE,True,False,Haan,True,False,,,True,FALSE,False,False,3.0,1.0,60.0,20.0
INSP02002,2026-03-17,SCH0175,False,True,True,True,False,Yutika Dugar,Good condition,SCH-0175,SCH0175,True,17-03-2026,2026-03-17,DASH_DD_MM_YYYY,False,False,Nahi hai,False,False,1,True,False,TRUE,True,False,1,True,False,FALSE,False,False,3.0,2.0,60.0,40.0
INSP00944,2025-05-15,SCH0438,True,True,True,True,True,Chavvi Maharaj,Needs repair,SCH0438,SCH0438,False,15-05-2025,2025-05-15,DASH_DD_MM_YYYY,False,False,TRUE,True,False,Working,True,False,TRUE,True,False,TRUE,True,False,haan,True,False,5.0,0.0,100.0,0.0
INSP00823,2025-09-22,SCH0031,True,False,True,True,False,Mohini Vohra,Toilets locked,SCH0031,SCH0031,False,22-09-2025,2025-09-22,DASH_DD_MM_YYYY,False,False,Haan,True,False,FALSE,False,False,TRUE,True,False,haan,True,False,No,False,False,3.0,2.0,60.0,40.0
INSP00910,2025-08-29,SCH0553,True,True,False,False,False,Nitesh Pradhan,Needs repair,SCH0553,SCH0553,False,29-08-2025,2025-08-29,DASH_DD_MM_YYYY,False,False,Working,True,False,TRUE,True,False,N,False,False,Nahi hai,False,False,FALSE,False,False,2.0,3.0,40.0,60.0
INSP00182,2025-08-30,SCH0322,False,True,False,True,True,Ekavir Gole,,SCH0322,SCH0322,False,30-08-2025,2025-08-30,DASH_DD_MM_YYYY,False,False,N,False,False,TRUE,True,False,No,False,False,TRUE,True,False,1,True,False,3.0,2.0,60.0,40.0
INSP00165,2025-07-08,SCH0053,True,True,True,True,True,Varsha Chakraborty,Good condition,S0053,SCH0053,True,07-08-2025,2025-07-08,DASH_MM_DD_AMBIGUOUS,True,False,TRUE,True,False,TRUE,True,False,TRUE,True,False,Working,True,False,TRUE,True,False,5.0,0.0,100.0,0.0
INSP01524,2025-04-23,SCH0225,False,True,True,True,True,Ekaraj Nigam,,SCH-0225,SCH0225,True,23-04-2025,2025-04-23,DASH_DD_MM_YYYY,False,False,FALSE,False,False,Yes,True,False,Available,True,False,Haan,True,False,TRUE,True,False,4.0,1.0,80.0,20.0
INSP00452,2025-08-01,SCH0161,True,True,False,True,False,Panini Andra,,161,SCH0161,True,01.08.2025,2025-08-01,DOT_DD_MM_AMBIGUOUS,True,False,Functional,True,False,Haan,True,False,No,False,False,Haan,True,False,Nahi hai,False,False,3.0,2.0,60.0,40.0
INSP01312,2025-11-01,SCH0276,True,True,False,False,True,Matthew Issac,Needs repair,sch_0276,SCH0276,True,11-01-2025,2025-11-01,DASH_MM_DD_AMBIGUOUS,True,False,TRUE,True,False,H,True,False,0,False,False,FALSE,False,False,Hai,True,False,3.0,2.0,60.0,40.0
INSP01112,2025-12-30,SCH0213,True,True,False,False,False,Barkha Venkatesh,No remarks,SCH0213,SCH0213,False,30-12-2025,2025-12-30,DASH_DD_MM_YYYY,False,False,TRUE,True,False,1,True,False,FALSE,False,False,FALSE,False,False,FALSE,False,False,2.0,3.0,40.0,60.0
INSP01288,2026-12-01,SCH0360,False,True,True,True,True,Qushi Bains,,SCH-0360,SCH0360,True,12-01-2026,2026-12-01,DASH_MM_DD_AMBIGUOUS,True,False,FALSE,False,False,Available,True,False,H,True,False,TRUE,True,False,TRUE,True,False,4.0,1.0,80.0,20.0
INSP00328,2025-10-11,SCH0567,False,True,True,False,False,Balvan Chakrabarti,Average,SCH0567,SCH0567,False,10-11-2025,2025-10-11,DASH_MM_DD_AMBIGUOUS,True,False,N,False,False,TRUE,True,False,TRUE,True,False,FALSE,False,False,FALSE,False,False,2.0,3.0,40.0,60.0
INSP01791,2025-04-09,SCH0541,False,True,,False,False,Riya Kala,Toilets locked,SCH0541,SCH0541,False,09-Apr-25,2025-04-09,TEXT_MONTH,False,False,FALSE,False,False,H,True,False,,,True,na,False,False,FALSE,False,False,1.0,3.0,20.0,60.0
INSP02793,2026-02-06,SCH0563,True,True,True,True,True,Nisha Madan,Average,563,SCH0563,True,06-Feb-26,2026-02-06,TEXT_MONTH,False,False,TRUE,True,False,Y,True,False,TRUE,True,False,Functional,True,False,Yes,True,False,5.0,0.0,100.0,0.0
INSP02008,2025-11-25,SCH0028,True,True,True,True,True,Qadim Sabharwal,Average,SCH0028,SCH0028,False,25-11-2025,2025-11-25,DASH_DD_MM_YYYY,False,False,TRUE,True,False,TRUE,True,False,TRUE,True,False,TRUE,True,False,TRUE,True,False,5.0,0.0,100.0,0.0
INSP01859,2025-08-03,SCH0487,,True,True,False,True,Vansha Bhat,Needs repair,SCH0487,SCH0487,False,03-Aug-25,2025-08-03,TEXT_MONTH,False,False,,,True,TRUE,True,False,TRUE,True,False,Nahi,False,False,TRUE,True,False,3.0,1.0,60.0,20.0
INSP00313,2025-04-08,SCH0396,True,True,True,False,True,David Mane,Needs repair,SCH0396,SCH0396,False,04-08-2025,2025-04-08,DASH_MM_DD_AMBIGUOUS,True,False,TRUE,True,False,TRUE,True,False,Hai,True,False,FALSE,False,False,Functional,True,False,4.0,1.0,80.0,20.0
INSP00833,2025-12-13,SCH0326,True,True,False,True,False,Sanaya Varty,No remarks,326,SCH0326,True,13-12-2025,2025-12-13,DASH_DD_MM_YYYY,False,False,TRUE,True,False,Working,True,False,FALSE,False,False,1,True,False,FALSE,False,False,3.0,2.0,60.0,40.0
INSP01202,2026-01-29,SCH0140,True,True,True,False,True,Pahal Rattan,Good condition,sch_0140,SCH0140,True,01-29-2026,2026-01-29,DASH_MM_DD_YYYY,False,False,Working,True,False,TRUE,True,False,TRUE,True,False,Not Available,False,False,Yes,True,False,4.0,1.0,80.0,20.0
INSP02438,2025-07-04,SCH0237,False,True,True,True,True,Pranav Arya,Good condition,SCH-0237,SCH0237,True,07-04-2025,2025-07-04,DASH_MM_DD_AMBIGUOUS,True,False,Nahi hai,False,False,1,True,False,1,True,False,TRUE,True,False,TRUE,True,False,4.0,1.0,80.0,20.0
INSP02074,2026-01-14,SCH0405,False,True,False,True,,Aarav Nazareth,No remarks,SCH-0405,SCH0405,True,14-01-2026,2026-01-14,DASH_DD_MM_YYYY,False,False,Under Repair,False,False,TRUE,True,False,Nahi hai,False,False,H,True,False,,,True,2.0,2.0,40.0,40.0
INSP02447,2026-09-03,SCH0003,True,True,True,,True,Raghav Pradhan,Needs repair,sch0003,SCH0003,True,09-03-2026,2026-09-03,DASH_MM_DD_AMBIGUOUS,True,False,Y,True,False,Yes,True,False,haan,True,False,,,True,TRUE,True,False,4.0,0.0,80.0,0.0
INSP01482,2025-10-19,SCH0234,True,True,False,False,False,Vanya Vala,Good condition,SCH0234,SCH0234,False,19-Oct-25,2025-10-19,TEXT_MONTH,False,False,Functional,True,False,TRUE,True,False,Nahi hai,False,False,0,False,False,FALSE,False,False,2.0,3.0,40.0,60.0
INSP00778,2025-10-28,SCH0421,False,True,True,False,True,Advaith Ray,Toilets locked,SCH0421,SCH0421,False,28-Oct-25,2025-10-28,TEXT_MONTH,False,False,FALSE,False,False,1,True,False,TRUE,True,False,FALSE,False,False,TRUE,True,False,3.0,2.0,60.0,40.0
INSP00800,2026-02-02,SCH0534,True,True,True,False,False,Manthan Dhawan,Toilets locked,SCH0534,SCH0534,False,02-02-2026,2026-02-02,DASH_MM_DD_AMBIGUOUS,True,False,TRUE,True,False,TRUE,True,False,Hai,True,False,FALSE,False,False,No,False,False,3.0,2.0,60.0,40.0
INSP00055,2025-07-22,SCH0392,True,False,False,True,False,Indira Amble,Good condition,SCH-0392,SCH0392,True,22-07-2025,2025-07-22,DASH_DD_MM_YYYY,False,False,TRUE,True,False,FALSE,False,False,FALSE,False,False,haan,True,False,Nahi,False,False,2.0,3.0,40.0,60.0
INSP01921,2026-02-28,SCH0395,False,True,True,True,,Rachana Ganesh,No remarks,SCH0395,SCH0395,False,28-02-2026,2026-02-28,DASH_DD_MM_YYYY,False,False,N,False,False,TRUE,True,False,TRUE,True,False,Hai,True,False,,,True,3.0,1.0,60.0,20.0
INSP02719,2026-10-03,SCH0233,True,True,True,True,True,,No remarks,SCH0233,SCH0233,False,10-03-2026,2026-10-03,DASH_MM_DD_AMBIGUOUS,True,False,haan,True,False,TRUE,True,False,TRUE,True,False,TRUE,True,False,TRUE,True,False,5.0,0.0,100.0,0.0
INSP01702,2025-12-27,SCH0030,False,True,False,True,False,Tanvi Mital,,SCH-0030,SCH0030,True,12-27-2025,2025-12-27,DASH_MM_DD_YYYY,False,False,FALSE,False,False,TRUE,True,False,Nahi,False,False,Haan,True,False,Kharab,False,False,2.0,3.0,40.0,60.0
INSP02949,2025-12-11,SCH0573,True,True,True,True,True,Viraj Sule,Needs repair,S0573,SCH0573,True,12-11-2025,2025-12-11,DASH_MM_DD_AMBIGUOUS,True,False,TRUE,True,False,TRUE,True,False,TRUE,True,False,TRUE,True,False,TRUE,True,False,5.0,0.0,100.0,0.0
INSP00988,2026-02-20,SCH0279,True,True,True,True,False,Zaitra Batra,,SCH0279,SCH0279,False,02-20-2026,2026-02-20,DASH_MM_DD_YYYY,False,False,TRUE,True,False,TRUE,True,False,TRUE,True,False,TRUE,True,False,FALSE,False,False,4.0,1.0,80.0,20.0
INSP02271,2026-03-28,SCH0513,True,False,False,True,True,Ekta Pillai,,SCH0513,SCH0513,False,28-Mar-26,2026-03-28,TEXT_MONTH,False,False,Y,True,False,0,False,False,0,False,False,TRUE,True,False,TRUE,True,False,3.0,2.0,60.0,40.0
INSP01395,2025-04-11,SCH0118,True,True,True,False,False,Tanay Shenoy,Average,SCH0118,SCH0118,False,11.04.2025,2025-04-11,DOT_DD_MM_AMBIGUOUS,True,False,TRUE,True,False,TRUE,True,False,Y,True,False,FALSE,False,False,FALSE,False,False,3.0,2.0,60.0,40.0
INSP00769,2025-11-07,SCH0569,True,True,,False,False,Mahika Bedi,Good condition,SCH-0569,SCH0569,True,11-07-2025,2025-11-07,DASH_MM_DD_AMBIGUOUS,True,False,TRUE,True,False,TRUE,True,False,,,True,FALSE,False,False,FALSE,False,False,2.0,2.0,40.0,40.0
INSP02790,2025-12-01,SCH0578,,True,True,True,,Radha Ratta,No remarks,sch0578,SCH0578,True,01.12.2025,2025-12-01,DOT_DD_MM_AMBIGUOUS,True,False,,,True,TRUE,True,False,TRUE,True,False,Yes,True,False,,,True,3.0,0.0,60.0,0.0
INSP00286,2026-03-28,SCH0503,False,True,True,False,True,Ubika Chanda,No remarks,SCH0503,SCH0503,False,28.03.2026,2026-03-28,DOT_DD_MM_YYYY,False,False,Nahi hai,False,False,1,True,False,TRUE,True,False,na,False,False,TRUE,True,False,3.0,2.0,60.0,40.0
INSP02775,2025-06-10,SCH0534,True,True,False,True,False,Chaitaly Halder,Average,SCH-0534,SCH0534,True,06-10-2025,2025-06-10,DASH_MM_DD_AMBIGUOUS,True,False,1,True,False,Available,True,False,FALSE,False,False,Y,True,False,FALSE,False,False,3.0,2.0,60.0,40.0
INSP00429,2025-11-21,SCH0064,True,False,True,True,False,Zayyan Sura,No remarks,S0064,SCH0064,True,21-11-2025,2025-11-21,DASH_DD_MM_YYYY,False,False,Haan,True,False,FALSE,False,False,TRUE,True,False,Yes,True,False,Nahi,False,False,3.0,2.0,60.0,40.0
INSP02080,2026-03-11,SCH0401,False,False,True,True,False,Anmol Nayar,,SCH0401,SCH0401,False,11-Mar-26,2026-03-11,TEXT_MONTH,False,False,FALSE,False,False,Nahi hai,False,False,TRUE,True,False,Yes,True,False,FALSE,False,False,2.0,3.0,40.0,60.0
INSP00723,2025-05-23,SCH0551,True,True,True,False,False,,Average,sch_0551,SCH0551,True,23-05-2025,2025-05-23,DASH_DD_MM_YYYY,False,False,haan,True,False,TRUE,True,False,TRUE,True,False,Nahi,False,False,N,False,False,3.0,2.0,60.0,40.0
INSP00952,2025-05-26,SCH0132,False,True,True,True,True,Nicholas Kaul,Good condition,sch_0132,SCH0132,True,26-May-25,2025-05-26,TEXT_MONTH,False,False,N,False,False,TRUE,True,False,Y,True,False,TRUE,True,False,Haan,True,False,4.0,1.0,80.0,20.0
INSP00990,2025-06-25,SCH0386,True,True,False,False,False,Azaan Vyas,No remarks,SCH0386,SCH0386,False,25-06-2025,2025-06-25,DASH_DD_MM_YYYY,False,False,H,True,False,TRUE,True,False,FALSE,False,False,FALSE,False,False,FALSE,False,False,2.0,3.0,40.0,60.0
INSP02935,2026-01-13,SCH0455,True,True,True,True,True,Upasna Sama,Average,SCH0455,SCH0455,False,13-01-2026,2026-01-13,DASH_DD_MM_YYYY,False,False,TRUE,True,False,haan,True,False,TRUE,True,False,haan,True,False,TRUE,True,False,5.0,0.0,100.0,0.0
INSP02882,2025-07-20,SCH0059,False,True,False,True,True,Christopher Agarwal,Good condition,S0059,SCH0059,True,07-20-2025,2025-07-20,DASH_MM_DD_YYYY,False,False,N,False,False,Haan,True,False,Nahi hai,False,False,TRUE,True,False,1,True,False,3.0,2.0,60.0,40.0
INSP00327,2025-12-03,SCH0270,True,True,True,True,True,Nimrat Acharya,Average,SCH0270,SCH0270,False,03-Dec-25,2025-12-03,TEXT_MONTH,False,False,Available,True,False,TRUE,True,False,TRUE,True,False,Haan,True,False,TRUE,True,False,5.0,0.0,100.0,0.0
INSP01384,2025-09-05,SCH0360,True,True,True,False,,,Average,SCH0360,SCH0360,False,09-05-2025,2025-09-05,DASH_MM_DD_AMBIGUOUS,True,False,Y,True,False,Y,True,False,Yes,True,False,FALSE,False,False,,,True,3.0,1.0,60.0,20.0
INSP01725,2025-12-07,SCH0351,True,True,True,True,False,Amaira Butala,,sch_0351,SCH0351,True,12-07-2025,2025-12-07,DASH_MM_DD_AMBIGUOUS,True,False,Y,True,False,Haan,True,False,TRUE,True,False,haan,True,False,na,False,False,4.0,1.0,80.0,20.0
INSP01087,2025-05-30,SCH0276,True,False,True,,True,Girish Sampath,Needs repair,SCH0276,SCH0276,False,05-30-2025,2025-05-30,DASH_MM_DD_YYYY,False,False,TRUE,True,False,Not Available,False,False,Y,True,False,,,True,Functional,True,False,3.0,1.0,60.0,20.0
INSP00342,2026-01-19,SCH0490,True,True,False,True,False,Rajata Bhardwaj,Average,SCH-0490,SCH0490,True,01-19-2026,2026-01-19,DASH_MM_DD_YYYY,False,False,H,True,False,TRUE,True,False,na,False,False,TRUE,True,False,na,False,False,3.0,2.0,60.0,40.0
INSP00148,2025-10-11,SCH0143,True,,True,True,False,Dhriti Ray,,sch_0143,SCH0143,True,11.10.2025,2025-10-11,DOT_DD_MM_AMBIGUOUS,True,False,TRUE,True,False,,,True,TRUE,True,False,TRUE,True,False,FALSE,False,False,3.0,1.0,60.0,20.0
INSP02463,2025-04-20,SCH0258,False,,True,,False,Manbir Varghese,Average,S0258,SCH0258,True,20-Apr-25,2025-04-20,TEXT_MONTH,False,False,N,False,False,,,True,Available,True,False,,,True,FALSE,False,False,1.0,2.0,20.0,40.0
INSP01108,2025-11-25,SCH0164,True,True,False,True,False,Imaran Gara,Needs repair,S0164,SCH0164,True,25-11-2025,2025-11-25,DASH_DD_MM_YYYY,False,False,Y,True,False,TRUE,True,False,Nahi,False,False,H,True,False,0,False,False,3.0,2.0,60.0,40.0
INSP00849,2025-05-26,SCH0151,True,True,True,False,True,Ayushman Ramachandran,No remarks,SCH0151,SCH0151,False,26-05-2025,2025-05-26,DASH_DD_MM_YYYY,False,False,1,True,False,TRUE,True,False,Yes,True,False,na,False,False,haan,True,False,4.0,1.0,80.0,20.0
INSP00967,2026-01-17,SCH0117,True,True,False,True,False,,No remarks,SCH-0117,SCH0117,True,17.01.2026,2026-01-17,DOT_DD_MM_YYYY,False,False,TRUE,True,False,Working,True,False,na,False,False,TRUE,True,False,FALSE,False,False,3.0,2.0,60.0,40.0
INSP02592,2026-01-01,SCH0450,True,False,True,False,True,Sara Pandya,Good condition,SCH0450,SCH0450,False,01-Jan-26,2026-01-01,TEXT_MONTH,False,False,Available,True,False,Nahi hai,False,False,TRUE,True,False,Nahi,False,False,Hai,True,False,3.0,2.0,60.0,40.0
INSP00662,2026-03-16,SCH0271,True,True,,,False,Chameli Bali,No remarks,SCH0271,SCH0271,False,16-03-2026,2026-03-16,DASH_DD_MM_YYYY,False,False,H,True,False,TRUE,True,False,,,True,,,True,FALSE,False,False,2.0,1.0,40.0,20.0
INSP01003,2025-12-15,SCH0260,True,True,True,True,True,Saumya Toor,,sch_0260,SCH0260,True,15-12-2025,2025-12-15,DASH_DD_MM_YYYY,False,False,Functional,True,False,Y,True,False,Functional,True,False,TRUE,True,False,TRUE,True,False,5.0,0.0,100.0,0.0
INSP02465,2026-01-17,SCH0321,True,True,True,True,True,Faraj Nazareth,Average,321,SCH0321,True,17-Jan-26,2026-01-17,TEXT_MONTH,False,False,TRUE,True,False,Working,True,False,TRUE,True,False,TRUE,True,False,Yes,True,False,5.0,0.0,100.0,0.0
INSP02648,2025-05-14,SCH0023,True,True,True,,True,Falguni Barad,Needs repair,SCH-0023,SCH0023,True,14-05-2025,2025-05-14,DASH_DD_MM_YYYY,False,False,Haan,True,False,TRUE,True,False,Yes,True,False,,,True,TRUE,True,False,4.0,0.0,80.0,0.0
INSP02792,2025-06-05,SCH0235,True,True,False,True,True,Vansha Chokshi,Toilets locked,SCH-0235,SCH0235,True,06-05-2025,2025-06-05,DASH_MM_DD_AMBIGUOUS,True,False,TRUE,True,False,Yes,True,False,FALSE,False,False,TRUE,True,False,TRUE,True,False,4.0,1.0,80.0,20.0
INSP01880,2026-01-18,SCH0509,True,True,True,False,,Abhiram Pall,Average,SCH0509,SCH0509,False,18-01-2026,2026-01-18,DASH_DD_MM_YYYY,False,False,TRUE,True,False,Working,True,False,TRUE,True,False,FALSE,False,False,,,True,3.0,1.0,60.0,20.0
INSP02960,2025-06-19,SCH0423,True,True,True,True,True,Nirja Sankaran,Needs repair,SCH-0423,SCH0423,True,19.06.2025,2025-06-19,DOT_DD_MM_YYYY,False,False,H,True,False,TRUE,True,False,Yes,True,False,TRUE,True,False,TRUE,True,False,5.0,0.0,100.0,0.0
INSP01204,2025-06-08,SCH0543,True,,False,True,False,Jagat Sandal,Average,sch0543,SCH0543,True,06-08-2025,2025-06-08,DASH_MM_DD_AMBIGUOUS,True,False,1,True,False,,,True,FALSE,False,False,TRUE,True,False,FALSE,False,False,2.0,2.0,40.0,40.0
INSP01991,2025-07-27,SCH0107,True,True,,True,True,,Good condition,sch_0107,SCH0107,True,07-27-2025,2025-07-27,DASH_MM_DD_YYYY,False,False,Working,True,False,TRUE,True,False,,,True,TRUE,True,False,TRUE,True,False,4.0,0.0,80.0,0.0
INSP00025,2025-12-01,SCH0038,True,True,True,False,False,Saksham Ganesan,Needs repair,SCH0038,SCH0038,False,12-01-2025,2025-12-01,DASH_MM_DD_AMBIGUOUS,True,False,TRUE,True,False,Haan,True,False,Working,True,False,0,False,False,FALSE,False,False,3.0,2.0,60.0,40.0
INSP02953,2026-04-03,SCH0097,True,True,True,False,False,Darpan Natt,Good condition,sch0097,SCH0097,True,04-03-2026,2026-04-03,DASH_MM_DD_AMBIGUOUS,True,False,Yes,True,False,TRUE,True,False,H,True,False,na,False,False,FALSE,False,False,3.0,2.0,60.0,40.0
INSP02207,2026-01-24,SCH0226,True,False,True,False,True,Rayaan Parsa,Toilets locked,226,SCH0226,True,24.01.2026,2026-01-24,DOT_DD_MM_YYYY,False,False,Haan,True,False,FALSE,False,False,TRUE,True,False,FALSE,False,False,TRUE,True,False,3.0,2.0,60.0,40.0
INSP02189,2025-09-26,SCH0370,True,False,False,True,False,Jeevika Krishnan,,SCH0370,SCH0370,False,26-09-2025,2025-09-26,DASH_DD_MM_YYYY,False,False,TRUE,True,False,FALSE,False,False,FALSE,False,False,TRUE,True,False,FALSE,False,False,2.0,3.0,40.0,60.0
INSP02423,2026-01-16,SCH0394,True,True,True,True,True,Utkarsh Behl,Good condition,SCH0394,SCH0394,False,16-Jan-26,2026-01-16,TEXT_MONTH,False,False,1,True,False,TRUE,True,False,Y,True,False,Available,True,False,Working,True,False,5.0,0.0,100.0,0.0
INSP00876,2026-01-13,SCH0218,True,True,True,True,True,Vasana Dyal,Average,SCH0218,SCH0218,False,13-01-2026,2026-01-13,DASH_DD_MM_YYYY,False,False,Hai,True,False,Hai,True,False,Functional,True,False,TRUE,True,False,TRUE,True,False,5.0,0.0,100.0,0.0
INSP02834,2025-05-19,SCH0118,True,False,True,False,True,Mohammed Ramesh,Average,SCH-0118,SCH0118,True,19-05-2025,2025-05-19,DASH_DD_MM_YYYY,False,False,TRUE,True,False,FALSE,False,False,Y,True,False,Not Available,False,False,TRUE,True,False,3.0,2.0,60.0,40.0
INSP00939,2025-10-16,SCH0251,True,True,True,True,,Aadi Misra,Needs repair,SCH0251,SCH0251,False,16.10.2025,2025-10-16,DOT_DD_MM_YYYY,False,False,1,True,False,TRUE,True,False,Available,True,False,Available,True,False,,,True,4.0,0.0,80.0,0.0
INSP02638,2025-06-15,SCH0174,True,False,True,False,False,Leela Nath,Toilets locked,SCH-0174,SCH0174,True,15-06-2025,2025-06-15,DASH_DD_MM_YYYY,False,False,TRUE,True,False,FALSE,False,False,TRUE,True,False,FALSE,False,False,FALSE,False,False,2.0,3.0,40.0,60.0
INSP00386,2025-04-16,SCH0114,True,True,False,False,True,Anthony Kamdar,Needs repair,SCH0114,SCH0114,False,16-Apr-25,2025-04-16,TEXT_MONTH,False,False,TRUE,True,False,TRUE,True,False,FALSE,False,False,N,False,False,TRUE,True,False,3.0,2.0,60.0,40.0
INSP02418,2026-10-03,SCH0024,True,True,True,False,False,Rohan Ratta,Good condition,SCH0024,SCH0024,False,10-03-2026,2026-10-03,DASH_MM_DD_AMBIGUOUS,True,False,Y,True,False,H,True,False,H,True,False,na,False,False,FALSE,False,False,3.0,2.0,60.0,40.0
INSP02639,2026-03-26,SCH0071,True,True,True,True,False,Rishi Mitter,Toilets locked,SCH0071,SCH0071,False,26.03.2026,2026-03-26,DOT_DD_MM_YYYY,False,False,Available,True,False,TRUE,True,False,TRUE,True,False,TRUE,True,False,No,False,False,4.0,1.0,80.0,20.0
INSP02316,2025-12-07,SCH0301,True,True,True,False,True,Jagat Bassi,,S0301,SCH0301,True,12-07-2025,2025-12-07,DASH_MM_DD_AMBIGUOUS,True,False,TRUE,True,False,haan,True,False,Yes,True,False,FALSE,False,False,TRUE,True,False,4.0,1.0,80.0,20.0
INSP02855,2025-11-16,SCH0108,,True,True,False,True,Zarna Kade,Needs repair,SCH-0108,SCH0108,True,16-11-2025,2025-11-16,DASH_DD_MM_YYYY,False,False,,,True,1,True,False,1,True,False,No,False,False,TRUE,True,False,3.0,1.0,60.0,20.0
INSP00937,2025-06-27,SCH0395,True,True,True,False,True,Harini Kale,Toilets locked,S0395,SCH0395,True,27-Jun-25,2025-06-27,TEXT_MONTH,False,False,1,True,False,TRUE,True,False,1,True,False,FALSE,False,False,Haan,True,False,4.0,1.0,80.0,20.0
INSP02713,2025-10-14,SCH0427,True,True,True,,False,Upadhriti Mall,No remarks,sch_0427,SCH0427,True,14-Oct-25,2025-10-14,TEXT_MONTH,False,False,TRUE,True,False,TRUE,True,False,Hai,True,False,,,True,FALSE,False,False,3.0,1.0,60.0,20.0
INSP01333,2025-06-28,SCH0210,False,True,True,True,False,Aarini Randhawa,Good condition,SCH0210,SCH0210,False,28-06-2025,2025-06-28,DASH_DD_MM_YYYY,False,False,FALSE,False,False,TRUE,True,False,TRUE,True,False,TRUE,True,False,FALSE,False,False,3.0,2.0,60.0,40.0
INSP01935,2025-10-10,SCH0545,True,True,True,False,True,Vyanjana De,Good condition,545,SCH0545,True,10-10-2025,2025-10-10,DASH_MM_DD_AMBIGUOUS,True,False,Haan,True,False,TRUE,True,False,TRUE,True,False,FALSE,False,False,TRUE,True,False,4.0,1.0,80.0,20.0
INSP00936,2026-02-20,SCH0215,True,True,True,True,False,Ethan Raval,,SCH-0215,SCH0215,True,02-20-2026,2026-02-20,DASH_MM_DD_YYYY,False,False,TRUE,True,False,Hai,True,False,Yes,True,False,haan,True,False,Nahi,False,False,4.0,1.0,80.0,20.0
INSP00567,2025-04-02,SCH0526,True,True,True,False,True,Nilima Jha,Needs repair,SCH0526,SCH0526,False,02.04.2025,2025-04-02,DOT_DD_MM_AMBIGUOUS,True,False,TRUE,True,False,TRUE,True,False,TRUE,True,False,Nahi hai,False,False,TRUE,True,False,4.0,1.0,80.0,20.0
INSP01855,2026-04-01,SCH0588,False,True,True,,False,Chakradev Kalita,Needs repair,SCH-0588,SCH0588,True,04-01-2026,2026-04-01,DASH_MM_DD_AMBIGUOUS,True,False,Nahi hai,False,False,Functional,True,False,TRUE,True,False,,,True,0,False,False,2.0,2.0,40.0,40.0
INSP02553,2026-02-25,SCH0402,True,True,True,False,False,Abhiram Ganesan,No remarks,sch_0402,SCH0402,True,25.02.2026,2026-02-25,DOT_DD_MM_YYYY,False,False,TRUE,True,False,TRUE,True,False,TRUE,True,False,FALSE,False,False,FALSE,False,False,3.0,2.0,60.0,40.0
INSP01646,2025-09-07,SCH0206,False,,True,False,False,Gopal Basu,No remarks,SCH-0206,SCH0206,True,09-07-2025,2025-09-07,DASH_MM_DD_AMBIGUOUS,True,False,FALSE,False,False,,,True,haan,True,False,0,False,False,FALSE,False,False,1.0,3.0,20.0,60.0
INSP02234,2026-03-24,SCH0517,True,True,True,False,False,Samuel Dhawan,Needs repair,SCH0517,SCH0517,False,24.03.2026,2026-03-24,DOT_DD_MM_YYYY,False,False,Working,True,False,Yes,True,False,haan,True,False,FALSE,False,False,No,False,False,3.0,2.0,60.0,40.0
INSP01793,2025-04-13,SCH0050,True,True,False,True,False,Eesha Sha,Needs repair,SCH-0050,SCH0050,True,13-04-2025,2025-04-13,DASH_DD_MM_YYYY,False,False,TRUE,True,False,Hai,True,False,Broken,False,False,Hai,True,False,FALSE,False,False,3.0,2.0,60.0,40.0
INSP01431,2025-06-13,SCH0334,True,True,True,True,True,,No remarks,SCH0334,SCH0334,False,13-06-2025,2025-06-13,DASH_DD_MM_YYYY,False,False,TRUE,True,False,Yes,True,False,TRUE,True,False,TRUE,True,False,TRUE,True,False,5.0,0.0,100.0,0.0
INSP02647,2025-10-18,SCH0563,True,False,False,True,True,Veda Khurana,Toilets locked,SCH-0563,SCH0563,True,18-10-2025,2025-10-18,DASH_DD_MM_YYYY,False,False,TRUE,True,False,N,False,False,N,False,False,TRUE,True,False,Yes,True,False,3.0,2.0,60.0,40.0
INSP01014,2025-11-28,SCH0497,False,True,True,True,False,Faqid Mishra,No remarks,SCH0497,SCH0497,False,28-11-2025,2025-11-28,DASH_DD_MM_YYYY,False,False,No,False,False,H,True,False,Functional,True,False,TRUE,True,False,Broken,False,False,3.0,2.0,60.0,40.0
INSP01929,2025-09-10,SCH0502,True,True,False,True,True,Meghana Barad,Needs repair,502,SCH0502,True,09-10-2025,2025-09-10,DASH_MM_DD_AMBIGUOUS,True,False,Functional,True,False,Yes,True,False,FALSE,False,False,TRUE,True,False,TRUE,True,False,4.0,1.0,80.0,20.0
INSP02371,2025-02-12,SCH0586,True,True,False,True,False,Neel Sachdev,,sch0586,SCH0586,True,02-12-2025,2025-02-12,DASH_MM_DD_AMBIGUOUS,True,False,TRUE,True,False,Y,True,False,FALSE,False,False,H,True,False,FALSE,False,False,3.0,2.0,60.0,40.0
INSP00127,2026-09-01,SCH0495,True,False,True,True,True,Triveni Tripathi,Toilets locked,SCH0495,SCH0495,False,09-01-2026,2026-09-01,DASH_MM_DD_AMBIGUOUS,True,False,haan,True,False,No,False,False,TRUE,True,False,TRUE,True,False,TRUE,True,False,4.0,1.0,80.0,20.0
INSP02811,2026-12-02,SCH0197,True,True,True,True,True,Nimrat Gupta,Average,SCH0197,SCH0197,False,12-02-2026,2026-12-02,DASH_MM_DD_AMBIGUOUS,True,False,TRUE,True,False,TRUE,True,False,TRUE,True,False,TRUE,True,False,TRUE,True,False,5.0,0.0,100.0,0.0
INSP01348,2025-04-13,SCH0037,True,True,True,True,False,Bhavika Prakash,No remarks,sch_0037,SCH0037,True,04-13-2025,2025-04-13,DASH_MM_DD_YYYY,False,False,TRUE,True,False,TRUE,True,False,Working,True,False,1,True,False,FALSE,False,False,4.0,1.0,80.0,20.0
INSP00356,2026-01-14,SCH0053,True,True,True,,False,,Toilets locked,SCH0053,SCH0053,False,14-01-2026,2026-01-14,DASH_DD_MM_YYYY,False,False,1,True,False,TRUE,True,False,TRUE,True,False,,,True,FALSE,False,False,3.0,1.0,60.0,20.0
INSP00828,2025-04-07,SCH0493,True,True,True,False,True,Ishaan Parikh,Good condition,SCH0493,SCH0493,False,04-07-2025,2025-04-07,DASH_MM_DD_AMBIGUOUS,True,False,1,True,False,TRUE,True,False,TRUE,True,False,FALSE,False,False,TRUE,True,False,4.0,1.0,80.0,20.0
INSP01640,2026-03-24,SCH0033,True,True,True,True,True,,Toilets locked,SCH0033,SCH0033,False,24-03-2026,2026-03-24,DASH_DD_MM_YYYY,False,False,TRUE,True,False,TRUE,True,False,Available,True,False,1,True,False,Haan,True,False,5.0,0.0,100.0,0.0
INSP00985,2025-05-04,SCH0481,True,True,True,True,True,Baljiwan Balakrishnan,No remarks,SCH0481,SCH0481,False,05-04-2025,2025-05-04,DASH_MM_DD_AMBIGUOUS,True,False,Y,True,False,TRUE,True,False,Yes,True,False,haan,True,False,TRUE,True,False,5.0,0.0,100.0,0.0
INSP00363,2025-09-20,SCH0521,True,False,True,True,False,Raagini Wason,,SCH-0521,SCH0521,True,20-09-2025,2025-09-20,DASH_DD_MM_YYYY,False,False,H,True,False,Nahi hai,False,False,1,True,False,TRUE,True,False,No,False,False,3.0,2.0,60.0,40.0
INSP00346,2025-08-28,SCH0307,True,True,True,False,False,Chameli Gulati,Good condition,SCH0307,SCH0307,False,08-28-2025,2025-08-28,DASH_MM_DD_YYYY,False,False,Working,True,False,TRUE,True,False,Working,True,False,Nahi hai,False,False,FALSE,False,False,3.0,2.0,60.0,40.0
INSP02674,2025-07-03,SCH0539,True,True,True,True,,Inaya Salvi,Good condition,sch0539,SCH0539,True,03-Jul-25,2025-07-03,TEXT_MONTH,False,False,Haan,True,False,Yes,True,False,Yes,True,False,Working,True,False,,,True,4.0,0.0,80.0,0.0
INSP00712,2025-04-10,SCH0318,False,True,True,True,False,Deepa Rai,Average,SCH0318,SCH0318,False,04-10-2025,2025-04-10,DASH_MM_DD_AMBIGUOUS,True,False,FALSE,False,False,1,True,False,TRUE,True,False,H,True,False,FALSE,False,False,3.0,2.0,60.0,40.0
INSP02173,2025-09-23,SCH0050,True,True,True,False,False,Kashish D’Alia,Toilets locked,sch0050,SCH0050,True,23-09-2025,2025-09-23,DASH_DD_MM_YYYY,False,False,TRUE,True,False,1,True,False,TRUE,True,False,Kharab,False,False,FALSE,False,False,3.0,2.0,60.0,40.0
INSP00011,2025-04-04,SCH0336,True,True,True,True,True,Sudiksha Johal,,SCH0336,SCH0336,False,04-04-2025,2025-04-04,DASH_MM_DD_AMBIGUOUS,True,False,Available,True,False,TRUE,True,False,TRUE,True,False,TRUE,True,False,Y,True,False,5.0,0.0,100.0,0.0
INSP02542,2025-08-12,SCH0534,True,False,True,True,False,,Good condition,SCH0534,SCH0534,False,12.08.2025,2025-08-12,DOT_DD_MM_AMBIGUOUS,True,False,1,True,False,0,False,False,Available,True,False,TRUE,True,False,Nahi hai,False,False,3.0,2.0,60.0,40.0
INSP02117,2026-02-01,SCH0097,True,True,True,True,False,Anmol Bhakta,Toilets locked,SCH0097,SCH0097,False,02-01-2026,2026-02-01,DASH_MM_DD_AMBIGUOUS,True,False,TRUE,True,False,1,True,False,TRUE,True,False,Hai,True,False,FALSE,False,False,4.0,1.0,80.0,20.0
INSP01835,2025-05-12,SCH0081,True,True,True,True,False,Garima Rana,Toilets locked,SCH0081,SCH0081,False,05-12-2025,2025-05-12,DASH_MM_DD_AMBIGUOUS,True,False,TRUE,True,False,Yes,True,False,Haan,True,False,TRUE,True,False,FALSE,False,False,4.0,1.0,80.0,20.0
INSP00794,2025-08-17,SCH0278,True,True,False,False,False,Benjamin Pai,Average,S0278,SCH0278,True,17-08-2025,2025-08-17,DASH_DD_MM_YYYY,False,False,TRUE,True,False,haan,True,False,Nahi,False,False,FALSE,False,False,FALSE,False,False,2.0,3.0,40.0,60.0
INSP02906,2025-05-07,SCH0385,False,True,True,False,False,Siya Dewan,Needs repair,SCH-0385,SCH0385,True,05-07-2025,2025-05-07,DASH_MM_DD_AMBIGUOUS,True,False,0,False,False,H,True,False,TRUE,True,False,FALSE,False,False,FALSE,False,False,2.0,3.0,40.0,60.0
INSP00095,2026-07-01,SCH0222,True,True,True,True,False,Chanakya Sodhi,No remarks,SCH0222,SCH0222,False,07-01-2026,2026-07-01,DASH_MM_DD_AMBIGUOUS,True,False,Haan,True,False,Functional,True,False,1,True,False,Functional,True,False,na,False,False,4.0,1.0,80.0,20.0
INSP00130,2025-04-28,SCH0329,True,True,True,True,False,Wishi Vasa,,sch_0329,SCH0329,True,28-04-2025,2025-04-28,DASH_DD_MM_YYYY,False,False,TRUE,True,False,H,True,False,TRUE,True,False,TRUE,True,False,N,False,False,4.0,1.0,80.0,20.0
INSP02361,2025-04-22,SCH0489,True,True,True,True,False,Xalak Hans,Average,sch_0489,SCH0489,True,22.04.2025,2025-04-22,DOT_DD_MM_YYYY,False,False,Hai,True,False,TRUE,True,False,haan,True,False,Yes,True,False,na,False,False,4.0,1.0,80.0,20.0
INSP01901,2025-06-08,SCH0439,True,True,True,False,True,Kala Nadig,Needs repair,sch0439,SCH0439,True,06-08-2025,2025-06-08,DASH_MM_DD_AMBIGUOUS,True,False,Functional,True,False,H,True,False,Y,True,False,Broken,False,False,TRUE,True,False,4.0,1.0,80.0,20.0
INSP02757,2025-11-29,SCH0372,True,True,True,True,True,Wakeeta Bawa,No remarks,SCH0372,SCH0372,False,29-11-2025,2025-11-29,DASH_DD_MM_YYYY,False,False,TRUE,True,False,TRUE,True,False,TRUE,True,False,TRUE,True,False,TRUE,True,False,5.0,0.0,100.0,0.0
INSP01933,2025-06-10,SCH0347,True,True,True,True,True,Nihal Salvi,Needs repair,sch_0347,SCH0347,True,06-10-2025,2025-06-10,DASH_MM_DD_AMBIGUOUS,True,False,TRUE,True,False,TRUE,True,False,haan,True,False,Yes,True,False,TRUE,True,False,5.0,0.0,100.0,0.0
INSP02264,2025-05-10,SCH0370,True,True,False,True,True,Manthan Pandey,Needs repair,sch_0370,SCH0370,True,05-10-2025,2025-05-10,DASH_MM_DD_AMBIGUOUS,True,False,TRUE,True,False,Functional,True,False,FALSE,False,False,H,True,False,TRUE,True,False,4.0,1.0,80.0,20.0
INSP01866,2025-09-10,SCH0500,True,True,True,True,True,,Toilets locked,SCH0500,SCH0500,False,09-10-2025,2025-09-10,DASH_MM_DD_AMBIGUOUS,True,False,haan,True,False,TRUE,True,False,Y,True,False,H,True,False,TRUE,True,False,5.0,0.0,100.0,0.0
INSP01659,2025-11-27,SCH0107,,True,False,False,False,,,sch0107,SCH0107,True,11-27-2025,2025-11-27,DASH_MM_DD_YYYY,False,False,,,True,H,True,False,Nahi,False,False,Broken,False,False,FALSE,False,False,1.0,3.0,20.0,60.0
INSP00517,2025-06-10,SCH0051,True,True,True,True,False,Zayyan Loyal,Average,SCH-0051,SCH0051,True,06-10-2025,2025-06-10,DASH_MM_DD_AMBIGUOUS,True,False,TRUE,True,False,Haan,True,False,Available,True,False,Y,True,False,0,False,False,4.0,1.0,80.0,20.0
INSP01858,2026-02-18,SCH0395,True,True,True,False,False,Eshana Manda,Average,SCH0395,SCH0395,False,18-02-2026,2026-02-18,DASH_DD_MM_YYYY,False,False,TRUE,True,False,1,True,False,Y,True,False,FALSE,False,False,0,False,False,3.0,2.0,60.0,40.0
INSP01278,2026-07-01,SCH0561,False,True,False,True,False,Waida Shankar,Needs repair,SCH0561,SCH0561,False,07-01-2026,2026-07-01,DASH_MM_DD_AMBIGUOUS,True,False,No,False,False,Hai,True,False,N,False,False,haan,True,False,FALSE,False,False,2.0,3.0,40.0,60.0
INSP00951,2025-07-09,SCH0323,False,True,True,True,False,Bina Shankar,Good condition,SCH0323,SCH0323,False,07-09-2025,2025-07-09,DASH_MM_DD_AMBIGUOUS,True,False,FALSE,False,False,TRUE,True,False,TRUE,True,False,TRUE,True,False,No,False,False,3.0,2.0,60.0,40.0
INSP01121,2025-01-11,SCH0225,True,True,True,False,True,,Toilets locked,SCH0225,SCH0225,False,01-11-2025,2025-01-11,DASH_MM_DD_AMBIGUOUS,True,False,TRUE,True,False,Working,True,False,TRUE,True,False,FALSE,False,False,TRUE,True,False,4.0,1.0,80.0,20.0
INSP00420,2025-10-15,SCH0148,True,True,True,True,True,Januja Magar,Needs repair,SCH0148,SCH0148,False,15-10-2025,2025-10-15,DASH_DD_MM_YYYY,False,False,Yes,True,False,H,True,False,Yes,True,False,TRUE,True,False,TRUE,True,False,5.0,0.0,100.0,0.0
INSP00923,2025-12-03,SCH0242,,True,True,True,True,Omkaar Das,Good condition,SCH0242,SCH0242,False,12-03-2025,2025-12-03,DASH_MM_DD_AMBIGUOUS,True,False,,,True,1,True,False,H,True,False,Haan,True,False,Yes,True,False,4.0,0.0,80.0,0.0
INSP02319,2025-04-19,SCH0024,True,True,True,True,True,Azad Chokshi,Toilets locked,SCH0024,SCH0024,False,19-04-2025,2025-04-19,DASH_DD_MM_YYYY,False,False,Working,True,False,Functional,True,False,TRUE,True,False,Haan,True,False,Haan,True,False,5.0,0.0,100.0,0.0
INSP00478,2025-08-08,SCH0410,True,True,True,False,False,,,sch0410,SCH0410,True,08-08-2025,2025-08-08,DASH_MM_DD_AMBIGUOUS,True,False,1,True,False,Haan,True,False,Working,True,False,FALSE,False,False,FALSE,False,False,3.0,2.0,60.0,40.0
INSP02036,2025-12-06,SCH0171,True,False,True,False,False,Manan Mohan,No remarks,S0171,SCH0171,True,12-06-2025,2025-12-06,DASH_MM_DD_AMBIGUOUS,True,False,Y,True,False,FALSE,False,False,TRUE,True,False,No,False,False,na,False,False,2.0,3.0,40.0,60.0
INSP02296,2025-10-18,SCH0564,True,True,True,False,False,Garima Gera,Good condition,SCH-0564,SCH0564,True,18-10-2025,2025-10-18,DASH_DD_MM_YYYY,False,False,TRUE,True,False,TRUE,True,False,TRUE,True,False,No,False,False,Under Repair,False,False,3.0,2.0,60.0,40.0
INSP01693,2025-09-20,SCH0243,True,True,True,False,False,Anjali Sandhu,Needs repair,S0243,SCH0243,True,20-Sep-25,2025-09-20,TEXT_MONTH,False,False,1,True,False,Working,True,False,Y,True,False,FALSE,False,False,Broken,False,False,3.0,2.0,60.0,40.0
INSP02821,2025-11-22,SCH0080,True,True,True,True,False,Vamakshi Guha,No remarks,sch0080,SCH0080,True,11-22-2025,2025-11-22,DASH_MM_DD_YYYY,False,False,TRUE,True,False,TRUE,True,False,TRUE,True,False,TRUE,True,False,Kharab,False,False,4.0,1.0,80.0,20.0
INSP01472,2026-03-03,SCH0257,True,True,True,True,False,Tanvi Kala,Average,SCH0257,SCH0257,False,03-03-2026,2026-03-03,DASH_MM_DD_AMBIGUOUS,True,False,TRUE,True,False,TRUE,True,False,TRUE,True,False,Haan,True,False,FALSE,False,False,4.0,1.0,80.0,20.0
INSP01203,2025-09-17,SCH0208,True,True,True,False,True,Krish Agarwal,,SCH0208,SCH0208,False,09-17-2025,2025-09-17,DASH_MM_DD_YYYY,False,False,Haan,True,False,Available,True,False,Yes,True,False,FALSE,False,False,TRUE,True,False,4.0,1.0,80.0,20.0
INSP01670,2025-01-09,SCH0573,True,True,True,True,True,Eesha More,No remarks,SCH0573,SCH0573,False,01-09-2025,2025-01-09,DASH_MM_DD_AMBIGUOUS,True,False,Y,True,False,TRUE,True,False,TRUE,True,False,haan,True,False,Working,True,False,5.0,0.0,100.0,0.0
INSP02917,2026-01-24,SCH0282,True,True,True,,True,Kashvi Mahajan,Toilets locked,SCH0282,SCH0282,False,01-24-2026,2026-01-24,DASH_MM_DD_YYYY,False,False,TRUE,True,False,TRUE,True,False,1,True,False,,,True,TRUE,True,False,4.0,0.0,80.0,0.0
INSP01971,2025-05-07,SCH0008,True,True,True,False,False,,Toilets locked,8,SCH0008,True,05-07-2025,2025-05-07,DASH_MM_DD_AMBIGUOUS,True,False,1,True,False,Available,True,False,Working,True,False,FALSE,False,False,Nahi hai,False,False,3.0,2.0,60.0,40.0
INSP02152,2025-12-16,SCH0226,True,False,True,True,True,Samarth Subramaniam,Average,SCH0226,SCH0226,False,16.12.2025,2025-12-16,DOT_DD_MM_YYYY,False,False,Haan,True,False,FALSE,False,False,Hai,True,False,Haan,True,False,1,True,False,4.0,1.0,80.0,20.0
INSP00821,2025-06-20,SCH0303,,True,True,False,False,Dayamai Kashyap,,SCH-0303,SCH0303,True,06-20-2025,2025-06-20,DASH_MM_DD_YYYY,False,False,,,True,TRUE,True,False,Available,True,False,Nahi hai,False,False,0,False,False,2.0,2.0,40.0,40.0
INSP01998,2025-05-23,SCH0187,True,True,True,True,False,Imaran Sawhney,Average,S0187,SCH0187,True,23.05.2025,2025-05-23,DOT_DD_MM_YYYY,False,False,1,True,False,TRUE,True,False,TRUE,True,False,TRUE,True,False,FALSE,False,False,4.0,1.0,80.0,20.0
INSP01249,2025-08-25,SCH0201,True,True,True,,True,,Good condition,SCH0201,SCH0201,False,08-25-2025,2025-08-25,DASH_MM_DD_YYYY,False,False,haan,True,False,Hai,True,False,Working,True,False,,,True,TRUE,True,False,4.0,0.0,80.0,0.0
INSP02315,2026-01-13,SCH0303,True,True,False,False,False,Gagan Karan,Toilets locked,SCH0303,SCH0303,False,13-Jan-26,2026-01-13,TEXT_MONTH,False,False,haan,True,False,TRUE,True,False,FALSE,False,False,FALSE,False,False,FALSE,False,False,2.0,3.0,40.0,60.0
INSP02831,2025-05-19,SCH0183,,False,True,True,False,Samar Sane,Needs repair,SCH0183,SCH0183,False,19-May-25,2025-05-19,TEXT_MONTH,False,False,,,True,Under Repair,False,False,Yes,True,False,Y,True,False,FALSE,False,False,2.0,2.0,40.0,40.0
INSP02191,2026-02-01,SCH0514,True,True,True,True,False,Oliver Balay,,S0514,SCH0514,True,02-01-2026,2026-02-01,DASH_MM_DD_AMBIGUOUS,True,False,TRUE,True,False,TRUE,True,False,Haan,True,False,Yes,True,False,FALSE,False,False,4.0,1.0,80.0,20.0
INSP02749,2025-10-18,SCH0209,True,,True,True,True,Devansh Oak,Toilets locked,SCH0209,SCH0209,False,18-10-2025,2025-10-18,DASH_DD_MM_YYYY,False,False,TRUE,True,False,,,True,TRUE,True,False,Available,True,False,TRUE,True,False,4.0,0.0,80.0,0.0
INSP01047,2025-09-30,SCH0226,True,True,True,True,,Chandran Ramanathan,,SCH0226,SCH0226,False,30-09-2025,2025-09-30,DASH_DD_MM_YYYY,False,False,1,True,False,1,True,False,TRUE,True,False,TRUE,True,False,,,True,4.0,0.0,80.0,0.0
INSP01889,2025-06-24,SCH0071,True,True,False,,False,Harrison Dara,Average,SCH0071,SCH0071,False,24-06-2025,2025-06-24,DASH_DD_MM_YYYY,False,False,Yes,True,False,TRUE,True,False,na,False,False,,,True,FALSE,False,False,2.0,2.0,40.0,40.0
INSP00616,2025-09-11,SCH0103,True,True,True,True,True,Chanakya Agate,Good condition,sch_0103,SCH0103,True,09-11-2025,2025-09-11,DASH_MM_DD_AMBIGUOUS,True,False,Working,True,False,1,True,False,TRUE,True,False,Working,True,False,TRUE,True,False,5.0,0.0,100.0,0.0
INSP01319,2025-05-15,SCH0281,True,True,,,True,Kala Kumer,No remarks,SCH0281,SCH0281,False,15-May-25,2025-05-15,TEXT_MONTH,False,False,1,True,False,Hai,True,False,,,True,,,True,TRUE,True,False,3.0,0.0,60.0,0.0
INSP02137,2026-03-16,SCH0123,True,True,True,False,True,Faris Barman,Needs repair,SCH0123,SCH0123,False,16-03-2026,2026-03-16,DASH_DD_MM_YYYY,False,False,Functional,True,False,Yes,True,False,1,True,False,Under Repair,False,False,1,True,False,4.0,1.0,80.0,20.0
INSP02588,2026-03-06,SCH0215,True,True,True,False,False,,Average,SCH0215,SCH0215,False,06-Mar-26,2026-03-06,TEXT_MONTH,False,False,TRUE,True,False,Working,True,False,TRUE,True,False,N,False,False,Nahi,False,False,3.0,2.0,60.0,40.0
INSP01773,2025-08-04,SCH0101,True,True,True,False,True,Rachit Virk,No remarks,SCH0101,SCH0101,False,04-Aug-25,2025-08-04,TEXT_MONTH,False,False,Functional,True,False,TRUE,True,False,Working,True,False,Not Available,False,False,TRUE,True,False,4.0,1.0,80.0,20.0
INSP00132,2026-02-15,SCH0114,True,True,True,True,True,Benjamin Kari,Good condition,SCH-0114,SCH0114,True,15-02-2026,2026-02-15,DASH_DD_MM_YYYY,False,False,haan,True,False,H,True,False,Available,True,False,TRUE,True,False,haan,True,False,5.0,0.0,100.0,0.0
INSP00078,2025-04-26,SCH0434,True,True,True,True,False,Tarak Chokshi,No remarks,sch_0434,SCH0434,True,26-04-2025,2025-04-26,DASH_DD_MM_YYYY,False,False,TRUE,True,False,TRUE,True,False,Yes,True,False,TRUE,True,False,FALSE,False,False,4.0,1.0,80.0,20.0
INSP02053,2026-10-01,SCH0449,True,True,True,True,False,Ekbal Kalita,No remarks,S0449,SCH0449,True,10-01-2026,2026-10-01,DASH_MM_DD_AMBIGUOUS,True,False,H,True,False,H,True,False,Working,True,False,TRUE,True,False,FALSE,False,False,4.0,1.0,80.0,20.0
INSP00725,2025-05-01,SCH0209,False,True,True,False,True,Tanay Kumer,Average,sch_0209,SCH0209,True,05-01-2025,2025-05-01,DASH_MM_DD_AMBIGUOUS,True,False,0,False,False,haan,True,False,Y,True,False,FALSE,False,False,TRUE,True,False,3.0,2.0,60.0,40.0
INSP01315,2025-07-10,SCH0375,,True,True,True,False,Jagat Thaker,No remarks,SCH0375,SCH0375,False,07-10-2025,2025-07-10,DASH_MM_DD_AMBIGUOUS,True,False,,,True,TRUE,True,False,TRUE,True,False,TRUE,True,False,Nahi hai,False,False,3.0,1.0,60.0,20.0
INSP01852,2025-05-30,SCH0465,True,True,True,True,False,Falak Gade,Average,SCH-0465,SCH0465,True,30.05.2025,2025-05-30,DOT_DD_MM_YYYY,False,False,H,True,False,Yes,True,False,TRUE,True,False,TRUE,True,False,No,False,False,4.0,1.0,80.0,20.0
INSP02420,2026-01-27,SCH0229,True,True,False,True,True,Samarth Chandran,No remarks,sch_0229,SCH0229,True,27-Jan-26,2026-01-27,TEXT_MONTH,False,False,TRUE,True,False,TRUE,True,False,FALSE,False,False,Yes,True,False,haan,True,False,4.0,1.0,80.0,20.0
INSP02616,2026-01-16,SCH0470,True,True,False,False,True,Ayaan Bora,Good condition,SCH0470,SCH0470,False,01-16-2026,2026-01-16,DASH_MM_DD_YYYY,False,False,TRUE,True,False,TRUE,True,False,FALSE,False,False,FALSE,False,False,Available,True,False,3.0,2.0,60.0,40.0
INSP01373,2025-05-12,SCH0239,True,True,True,True,False,Upkaar Morar,Average,SCH0239,SCH0239,False,12-May-25,2025-05-12,TEXT_MONTH,False,False,TRUE,True,False,TRUE,True,False,H,True,False,TRUE,True,False,FALSE,False,False,4.0,1.0,80.0,20.0
INSP01856,2025-08-25,SCH0473,True,,True,True,False,Janaki Oza,Needs repair,SCH-0473,SCH0473,True,08-25-2025,2025-08-25,DASH_MM_DD_YYYY,False,False,TRUE,True,False,,,True,TRUE,True,False,Yes,True,False,na,False,False,3.0,1.0,60.0,20.0
INSP01320,2025-04-20,SCH0125,False,False,False,True,False,Isaac Yogi,,sch_0125,SCH0125,True,04-20-2025,2025-04-20,DASH_MM_DD_YYYY,False,False,N,False,False,FALSE,False,False,Nahi,False,False,TRUE,True,False,FALSE,False,False,1.0,4.0,20.0,80.0
INSP02290,2025-10-04,SCH0521,True,True,True,True,True,Matthew Batta,Good condition,SCH0521,SCH0521,False,10-04-2025,2025-10-04,DASH_MM_DD_AMBIGUOUS,True,False,TRUE,True,False,Available,True,False,TRUE,True,False,TRUE,True,False,TRUE,True,False,5.0,0.0,100.0,0.0
INSP00376,2025-08-05,SCH0132,True,,True,,True,Harish Khosla,Good condition,sch_0132,SCH0132,True,08-05-2025,2025-08-05,DASH_MM_DD_AMBIGUOUS,True,False,Y,True,False,,,True,H,True,False,,,True,1,True,False,3.0,0.0,60.0,0.0
INSP01909,2025-09-29,SCH0093,False,False,False,True,True,Udarsh Shere,No remarks,SCH-0093,SCH0093,True,29-09-2025,2025-09-29,DASH_DD_MM_YYYY,False,False,FALSE,False,False,FALSE,False,False,Nahi,False,False,TRUE,True,False,Hai,True,False,2.0,3.0,40.0,60.0
INSP00334,2025-09-12,SCH0456,True,False,False,True,False,Aachal Barad,Good condition,sch0456,SCH0456,True,12.09.2025,2025-09-12,DOT_DD_MM_AMBIGUOUS,True,False,Available,True,False,FALSE,False,False,FALSE,False,False,TRUE,True,False,FALSE,False,False,2.0,3.0,40.0,60.0
INSP02375,2026-12-03,SCH0288,False,True,True,False,True,Umang Ray,,SCH-0288,SCH0288,True,12-03-2026,2026-12-03,DASH_MM_DD_AMBIGUOUS,True,False,0,False,False,H,True,False,TRUE,True,False,Nahi hai,False,False,Available,True,False,3.0,2.0,60.0,40.0
INSP02425,2026-11-01,SCH0560,True,True,False,True,False,Thomas Khurana,Toilets locked,SCH0560,SCH0560,False,11-01-2026,2026-11-01,DASH_MM_DD_AMBIGUOUS,True,False,TRUE,True,False,haan,True,False,N,False,False,Available,True,False,FALSE,False,False,3.0,2.0,60.0,40.0
INSP01605,2025-12-20,SCH0130,,True,True,False,False,Aishani Chokshi,Needs repair,sch_0130,SCH0130,True,20-Dec-25,2025-12-20,TEXT_MONTH,False,False,,,True,TRUE,True,False,Hai,True,False,FALSE,False,False,FALSE,False,False,2.0,2.0,40.0,40.0
INSP01119,2025-10-03,SCH0547,False,True,,False,False,Upadhriti Mallick,Good condition,SCH0547,SCH0547,False,03-Oct-25,2025-10-03,TEXT_MONTH,False,False,na,False,False,TRUE,True,False,,,True,FALSE,False,False,FALSE,False,False,1.0,3.0,20.0,60.0
INSP02971,2025-10-16,SCH0249,False,True,True,True,False,Aadi Shetty,Needs repair,SCH0249,SCH0249,False,16-Oct-25,2025-10-16,TEXT_MONTH,False,False,Nahi,False,False,haan,True,False,TRUE,True,False,TRUE,True,False,Nahi,False,False,3.0,2.0,60.0,40.0
INSP01944,2025-10-24,SCH0466,True,,True,True,False,Tejas Bajaj,Average,SCH-0466,SCH0466,True,24-10-2025,2025-10-24,DASH_DD_MM_YYYY,False,False,TRUE,True,False,,,True,Working,True,False,TRUE,True,False,FALSE,False,False,3.0,1.0,60.0,20.0
INSP02385,2025-09-10,SCH0112,,,True,True,False,Widisha Lad,No remarks,SCH-0112,SCH0112,True,09-10-2025,2025-09-10,DASH_MM_DD_AMBIGUOUS,True,False,,,True,,,True,TRUE,True,False,TRUE,True,False,0,False,False,2.0,1.0,40.0,20.0
INSP02653,2025-09-17,SCH0591,True,False,True,True,True,Ekaraj Pillay,Average,SCH0591,SCH0591,False,17-09-2025,2025-09-17,DASH_DD_MM_YYYY,False,False,Haan,True,False,0,False,False,TRUE,True,False,haan,True,False,TRUE,True,False,4.0,1.0,80.0,20.0
INSP01343,2025-05-13,SCH0565,True,True,True,,False,,Needs repair,sch0565,SCH0565,True,05-13-2025,2025-05-13,DASH_MM_DD_YYYY,False,False,Functional,True,False,Hai,True,False,TRUE,True,False,,,True,0,False,False,3.0,1.0,60.0,20.0
INSP00321,2025-10-20,SCH0407,False,True,False,False,True,Tamanna Om,,sch0407,SCH0407,True,10-20-2025,2025-10-20,DASH_MM_DD_YYYY,False,False,na,False,False,TRUE,True,False,Nahi hai,False,False,na,False,False,TRUE,True,False,2.0,3.0,40.0,60.0
INSP01620,2025-08-31,SCH0170,True,False,False,True,False,Harsh Shankar,Toilets locked,SCH0170,SCH0170,False,31-08-2025,2025-08-31,DASH_DD_MM_YYYY,False,False,TRUE,True,False,0,False,False,No,False,False,TRUE,True,False,FALSE,False,False,2.0,3.0,40.0,60.0
INSP02574,2025-09-14,SCH0237,False,False,True,False,True,Brijesh Pandey,Average,S0237,SCH0237,True,14.09.2025,2025-09-14,DOT_DD_MM_YYYY,False,False,FALSE,False,False,FALSE,False,False,Y,True,False,FALSE,False,False,Haan,True,False,2.0,3.0,40.0,60.0
INSP02061,2025-06-12,SCH0494,,False,True,True,False,,Good condition,SCH0494,SCH0494,False,06-12-2025,2025-06-12,DASH_MM_DD_AMBIGUOUS,True,False,,,True,na,False,False,TRUE,True,False,1,True,False,FALSE,False,False,2.0,2.0,40.0,40.0
INSP02220,2026-03-18,SCH0477,True,True,True,False,False,Nihal Merchant,Toilets locked,SCH0477,SCH0477,False,18.03.2026,2026-03-18,DOT_DD_MM_YYYY,False,False,TRUE,True,False,1,True,False,TRUE,True,False,FALSE,False,False,No,False,False,3.0,2.0,60.0,40.0
INSP01674,2025-07-07,SCH0260,False,,True,False,True,Charles Kala,Toilets locked,SCH0260,SCH0260,False,07-07-2025,2025-07-07,DASH_MM_DD_AMBIGUOUS,True,False,FALSE,False,False,,,True,Yes,True,False,FALSE,False,False,TRUE,True,False,2.0,2.0,40.0,40.0
INSP01943,2026-05-01,SCH0457,True,True,True,False,False,Riya Ravi,Average,SCH0457,SCH0457,False,05-01-2026,2026-05-01,DASH_MM_DD_AMBIGUOUS,True,False,TRUE,True,False,TRUE,True,False,Yes,True,False,N,False,False,FALSE,False,False,3.0,2.0,60.0,40.0
INSP00261,2025-09-07,SCH0508,True,True,True,False,True,Jai Rai,Toilets locked,SCH0508,SCH0508,False,09-07-2025,2025-09-07,DASH_MM_DD_AMBIGUOUS,True,False,Yes,True,False,H,True,False,1,True,False,FALSE,False,False,TRUE,True,False,4.0,1.0,80.0,20.0
INSP02478,2026-02-15,SCH0452,False,True,True,False,False,Arjun Andra,Average,sch0452,SCH0452,True,15-02-2026,2026-02-15,DASH_DD_MM_YYYY,False,False,FALSE,False,False,Available,True,False,TRUE,True,False,na,False,False,FALSE,False,False,2.0,3.0,40.0,60.0
INSP02040,2025-12-11,SCH0045,True,False,True,True,True,Noah Parmar,No remarks,SCH0045,SCH0045,False,12-11-2025,2025-12-11,DASH_MM_DD_AMBIGUOUS,True,False,TRUE,True,False,0,False,False,haan,True,False,Hai,True,False,Working,True,False,4.0,1.0,80.0,20.0
INSP00690,2025-09-23,SCH0218,True,True,True,True,True,Anusha Kadakia,Average,SCH0218,SCH0218,False,23-09-2025,2025-09-23,DASH_DD_MM_YYYY,False,False,Available,True,False,Working,True,False,Available,True,False,TRUE,True,False,Haan,True,False,5.0,0.0,100.0,0.0
INSP00902,2025-09-29,SCH0592,True,False,True,True,True,Manbir Sagar,No remarks,SCH0592,SCH0592,False,09-29-2025,2025-09-29,DASH_MM_DD_YYYY,False,False,TRUE,True,False,0,False,False,TRUE,True,False,TRUE,True,False,Yes,True,False,4.0,1.0,80.0,20.0
INSP02027,2025-06-06,SCH0355,False,True,True,False,True,Eiravati Bava,Good condition,SCH0355,SCH0355,False,06-06-2025,2025-06-06,DASH_MM_DD_AMBIGUOUS,True,False,N,False,False,TRUE,True,False,Haan,True,False,FALSE,False,False,Hai,True,False,3.0,2.0,60.0,40.0
INSP00139,2026-03-27,SCH0517,True,True,True,True,False,Brinda Krishna,Good condition,SCH0517,SCH0517,False,27.03.2026,2026-03-27,DOT_DD_MM_YYYY,False,False,Y,True,False,Hai,True,False,H,True,False,TRUE,True,False,FALSE,False,False,4.0,1.0,80.0,20.0
INSP01918,2025-07-27,SCH0025,False,True,False,True,True,Chatura Palla,Average,SCH0025,SCH0025,False,27-07-2025,2025-07-27,DASH_DD_MM_YYYY,False,False,FALSE,False,False,Yes,True,False,Kharab,False,False,TRUE,True,False,TRUE,True,False,3.0,2.0,60.0,40.0
INSP01829,2025-12-28,SCH0558,True,False,True,True,True,,Good condition,SCH0558,SCH0558,False,28-12-2025,2025-12-28,DASH_DD_MM_YYYY,False,False,Hai,True,False,FALSE,False,False,Yes,True,False,TRUE,True,False,Y,True,False,4.0,1.0,80.0,20.0
INSP01574,2025-12-29,SCH0125,True,True,True,False,False,Hritik Tella,No remarks,SCH0125,SCH0125,False,29.12.2025,2025-12-29,DOT_DD_MM_YYYY,False,False,Y,True,False,Y,True,False,Working,True,False,FALSE,False,False,FALSE,False,False,3.0,2.0,60.0,40.0
INSP00320,2025-06-23,SCH0452,True,False,True,True,False,,,452,SCH0452,True,23-Jun-25,2025-06-23,TEXT_MONTH,False,False,TRUE,True,False,N,False,False,Haan,True,False,TRUE,True,False,FALSE,False,False,3.0,2.0,60.0,40.0
INSP00654,2025-11-28,SCH0506,True,True,False,True,False,Peter Jhaveri,,SCH0506,SCH0506,False,28-11-2025,2025-11-28,DASH_DD_MM_YYYY,False,False,1,True,False,TRUE,True,False,N,False,False,TRUE,True,False,0,False,False,3.0,2.0,60.0,40.0
INSP02138,2025-04-18,SCH0461,True,True,True,True,True,Leela Basak,Average,sch_0461,SCH0461,True,04-18-2025,2025-04-18,DASH_MM_DD_YYYY,False,False,haan,True,False,Yes,True,False,Functional,True,False,TRUE,True,False,TRUE,True,False,5.0,0.0,100.0,0.0
INSP02586,2025-07-30,SCH0193,True,True,False,True,True,,No remarks,SCH-0193,SCH0193,True,30-07-2025,2025-07-30,DASH_DD_MM_YYYY,False,False,Working,True,False,TRUE,True,False,Nahi,False,False,TRUE,True,False,TRUE,True,False,4.0,1.0,80.0,20.0
INSP00559,2025-10-26,SCH0133,,,True,True,True,Dayamai Andra,No remarks,SCH0133,SCH0133,False,26-10-2025,2025-10-26,DASH_DD_MM_YYYY,False,False,,,True,,,True,TRUE,True,False,haan,True,False,TRUE,True,False,3.0,0.0,60.0,0.0
INSP02188,2026-10-03,SCH0555,True,True,,True,False,Rushil Chakrabarti,Average,sch0555,SCH0555,True,10-03-2026,2026-10-03,DASH_MM_DD_AMBIGUOUS,True,False,Yes,True,False,Functional,True,False,,,True,TRUE,True,False,N,False,False,3.0,1.0,60.0,20.0
INSP00113,2026-09-02,SCH0441,,True,False,True,True,Neelima Ganguly,Good condition,SCH0441,SCH0441,False,09-02-2026,2026-09-02,DASH_MM_DD_AMBIGUOUS,True,False,,,True,TRUE,True,False,FALSE,False,False,Haan,True,False,haan,True,False,3.0,1.0,60.0,20.0
INSP00532,2025-05-08,SCH0322,False,True,True,False,True,Chanakya Kala,Good condition,sch_0322,SCH0322,True,08.05.2025,2025-05-08,DOT_DD_MM_AMBIGUOUS,True,False,Nahi,False,False,Haan,True,False,TRUE,True,False,FALSE,False,False,Haan,True,False,3.0,2.0,60.0,40.0
INSP00225,2026-06-03,SCH0440,False,True,True,True,True,,Needs repair,SCH0440,SCH0440,False,06-03-2026,2026-06-03,DASH_MM_DD_AMBIGUOUS,True,False,N,False,False,TRUE,True,False,1,True,False,TRUE,True,False,H,True,False,4.0,1.0,80.0,20.0
INSP00724,2025-08-09,SCH0237,False,False,True,True,True,Gaurav Seshadri,Good condition,sch_0237,SCH0237,True,08-09-2025,2025-08-09,DASH_MM_DD_AMBIGUOUS,True,False,Broken,False,False,FALSE,False,False,TRUE,True,False,Working,True,False,TRUE,True,False,3.0,2.0,60.0,40.0
INSP02555,2025-10-27,SCH0254,True,True,True,False,True,Amruta Nayar,Toilets locked,sch_0254,SCH0254,True,27-10-2025,2025-10-27,DASH_DD_MM_YYYY,False,False,Y,True,False,TRUE,True,False,Working,True,False,Nahi hai,False,False,TRUE,True,False,4.0,1.0,80.0,20.0
INSP02703,2025-09-14,SCH0179,True,True,True,True,True,Isaac Kibe,Good condition,SCH0179,SCH0179,False,09-14-2025,2025-09-14,DASH_MM_DD_YYYY,False,False,Functional,True,False,haan,True,False,Y,True,False,Working,True,False,haan,True,False,5.0,0.0,100.0,0.0
INSP01434,2025-12-15,SCH0010,True,True,False,False,True,Abhimanyu Bhalla,Good condition,SCH0010,SCH0010,False,15-12-2025,2025-12-15,DASH_DD_MM_YYYY,False,False,TRUE,True,False,TRUE,True,False,FALSE,False,False,Kharab,False,False,TRUE,True,False,3.0,2.0,60.0,40.0
INSP02453,2025-06-03,SCH0291,True,True,False,False,False,,Good condition,S0291,SCH0291,True,03.06.2025,2025-06-03,DOT_DD_MM_AMBIGUOUS,True,False,TRUE,True,False,TRUE,True,False,FALSE,False,False,Kharab,False,False,FALSE,False,False,2.0,3.0,40.0,60.0
INSP02891,2025-11-12,SCH0436,True,True,True,False,True,Gautam Hora,Good condition,sch0436,SCH0436,True,12-Nov-25,2025-11-12,TEXT_MONTH,False,False,Hai,True,False,TRUE,True,False,TRUE,True,False,FALSE,False,False,Haan,True,False,4.0,1.0,80.0,20.0
INSP01459,2025-09-22,SCH0096,True,True,True,False,,Anya Khanna,Toilets locked,SCH0096,SCH0096,False,22-09-2025,2025-09-22,DASH_DD_MM_YYYY,False,False,TRUE,True,False,TRUE,True,False,1,True,False,FALSE,False,False,,,True,3.0,1.0,60.0,20.0
INSP02841,2026-02-21,SCH0407,False,True,True,True,False,Hemal Tak,Average,sch_0407,SCH0407,True,21-Feb-26,2026-02-21,TEXT_MONTH,False,False,FALSE,False,False,Y,True,False,TRUE,True,False,TRUE,True,False,FALSE,False,False,3.0,2.0,60.0,40.0
INSP00847,2026-02-16,SCH0485,True,True,True,True,False,Omisha Shenoy,Toilets locked,SCH0485,SCH0485,False,16-02-2026,2026-02-16,DASH_DD_MM_YYYY,False,False,Y,True,False,Yes,True,False,Working,True,False,TRUE,True,False,FALSE,False,False,4.0,1.0,80.0,20.0
INSP00194,2025-09-10,SCH0297,True,False,True,True,False,Anmol Raval,Good condition,SCH0297,SCH0297,False,10-Sep-25,2025-09-10,TEXT_MONTH,False,False,TRUE,True,False,Kharab,False,False,Haan,True,False,H,True,False,FALSE,False,False,3.0,2.0,60.0,40.0
INSP01465,2025-09-30,SCH0550,True,True,False,,True,Tripti Kar,Good condition,sch_0550,SCH0550,True,30.09.2025,2025-09-30,DOT_DD_MM_YYYY,False,False,TRUE,True,False,TRUE,True,False,FALSE,False,False,,,True,TRUE,True,False,3.0,1.0,60.0,20.0
INSP00947,2025-03-06,SCH0440,True,True,True,False,True,Anvi Dara,,SCH0440,SCH0440,False,03-06-2025,2025-03-06,DASH_MM_DD_AMBIGUOUS,True,False,Hai,True,False,Y,True,False,TRUE,True,False,FALSE,False,False,TRUE,True,False,4.0,1.0,80.0,20.0
INSP02022,2025-08-27,SCH0257,True,True,True,True,True,,Average,SCH-0257,SCH0257,True,27-Aug-25,2025-08-27,TEXT_MONTH,False,False,TRUE,True,False,TRUE,True,False,Yes,True,False,TRUE,True,False,Haan,True,False,5.0,0.0,100.0,0.0
INSP01630,2025-04-10,SCH0210,True,True,True,True,True,Gavin Sekhon,Toilets locked,210,SCH0210,True,10.04.2025,2025-04-10,DOT_DD_MM_AMBIGUOUS,True,False,TRUE,True,False,TRUE,True,False,Y,True,False,1,True,False,Hai,True,False,5.0,0.0,100.0,0.0
INSP00118,2025-07-14,SCH0432,True,True,True,False,False,Anita Agarwal,,SCH0432,SCH0432,False,14-07-2025,2025-07-14,DASH_DD_MM_YYYY,False,False,Working,True,False,H,True,False,TRUE,True,False,Kharab,False,False,No,False,False,3.0,2.0,60.0,40.0
INSP00646,2026-01-06,SCH0136,False,True,True,True,False,Tanish Dhingra,Average,sch_0136,SCH0136,True,01-06-2026,2026-01-06,DASH_MM_DD_AMBIGUOUS,True,False,FALSE,False,False,Yes,True,False,TRUE,True,False,Functional,True,False,FALSE,False,False,3.0,2.0,60.0,40.0
INSP01871,2025-12-24,SCH0028,True,True,True,True,False,Madhavi Dutta,No remarks,SCH0028,SCH0028,False,24.12.2025,2025-12-24,DOT_DD_MM_YYYY,False,False,Y,True,False,TRUE,True,False,Working,True,False,TRUE,True,False,FALSE,False,False,4.0,1.0,80.0,20.0
INSP00004,2025-11-20,SCH0322,True,True,True,False,True,Yachana Dyal,Needs repair,sch0322,SCH0322,True,11-20-2025,2025-11-20,DASH_MM_DD_YYYY,False,False,TRUE,True,False,Hai,True,False,TRUE,True,False,FALSE,False,False,1,True,False,4.0,1.0,80.0,20.0
INSP00075,2025-12-07,SCH0493,True,True,False,,False,Farhan Nagi,Good condition,sch_0493,SCH0493,True,12-07-2025,2025-12-07,DASH_MM_DD_AMBIGUOUS,True,False,TRUE,True,False,1,True,False,FALSE,False,False,,,True,FALSE,False,False,2.0,2.0,40.0,40.0
INSP01756,2026-12-02,SCH0287,False,True,False,True,True,Anvi Ray,,S0287,SCH0287,True,12-02-2026,2026-12-02,DASH_MM_DD_AMBIGUOUS,True,False,FALSE,False,False,TRUE,True,False,FALSE,False,False,TRUE,True,False,TRUE,True,False,3.0,2.0,60.0,40.0
INSP00468,2025-09-26,SCH0531,False,True,True,True,False,Jairaj Malhotra,No remarks,sch_0531,SCH0531,True,26.09.2025,2025-09-26,DOT_DD_MM_YYYY,False,False,FALSE,False,False,H,True,False,TRUE,True,False,TRUE,True,False,Under Repair,False,False,3.0,2.0,60.0,40.0
INSP00006,2025-06-17,SCH0315,True,True,True,True,False,Chaitaly Yadav,,SCH0315,SCH0315,False,17-Jun-25,2025-06-17,TEXT_MONTH,False,False,Yes,True,False,haan,True,False,TRUE,True,False,Functional,True,False,FALSE,False,False,4.0,1.0,80.0,20.0
INSP01247,2025-04-30,SCH0229,True,True,True,True,False,Upkaar Gara,Toilets locked,sch0229,SCH0229,True,30-04-2025,2025-04-30,DASH_DD_MM_YYYY,False,False,TRUE,True,False,haan,True,False,TRUE,True,False,TRUE,True,False,FALSE,False,False,4.0,1.0,80.0,20.0
INSP00920,2025-09-29,SCH0324,True,True,,True,,Dayita Handa,Good condition,SCH-0324,SCH0324,True,29-Sep-25,2025-09-29,TEXT_MONTH,False,False,Haan,True,False,TRUE,True,False,,,True,TRUE,True,False,,,True,3.0,0.0,60.0,0.0
INSP00229,2025-06-19,SCH0506,False,True,True,False,False,Naksh Koshy,Toilets locked,SCH0506,SCH0506,False,19.06.2025,2025-06-19,DOT_DD_MM_YYYY,False,False,Nahi,False,False,Haan,True,False,TRUE,True,False,na,False,False,0,False,False,2.0,3.0,40.0,60.0
INSP01064,2025-02-11,SCH0558,True,True,True,True,True,Benjamin Krishna,Toilets locked,SCH0558,SCH0558,False,02-11-2025,2025-02-11,DASH_MM_DD_AMBIGUOUS,True,False,TRUE,True,False,Working,True,False,TRUE,True,False,Yes,True,False,TRUE,True,False,5.0,0.0,100.0,0.0
INSP00243,2025-10-28,SCH0581,True,False,False,False,True,Jai Doctor,Needs repair,sch_0581,SCH0581,True,28-10-2025,2025-10-28,DASH_DD_MM_YYYY,False,False,TRUE,True,False,Kharab,False,False,FALSE,False,False,FALSE,False,False,1,True,False,2.0,3.0,40.0,60.0
INSP02403,2025-05-16,SCH0232,False,True,False,False,True,Matthew Rastogi,Good condition,SCH-0232,SCH0232,True,05-16-2025,2025-05-16,DASH_MM_DD_YYYY,False,False,Broken,False,False,Hai,True,False,No,False,False,FALSE,False,False,Working,True,False,2.0,3.0,40.0,60.0
INSP01161,2025-06-09,SCH0037,True,True,True,True,False,Varenya Viswanathan,,SCH-0037,SCH0037,True,09.06.2025,2025-06-09,DOT_DD_MM_AMBIGUOUS,True,False,TRUE,True,False,TRUE,True,False,TRUE,True,False,TRUE,True,False,FALSE,False,False,4.0,1.0,80.0,20.0
INSP02645,2026-11-01,SCH0397,False,True,True,True,True,,No remarks,sch_0397,SCH0397,True,11-01-2026,2026-11-01,DASH_MM_DD_AMBIGUOUS,True,False,Nahi,False,False,TRUE,True,False,TRUE,True,False,TRUE,True,False,TRUE,True,False,4.0,1.0,80.0,20.0
INSP01527,2025-04-26,SCH0560,True,False,True,True,False,Pavani Banik,Toilets locked,SCH-0560,SCH0560,True,26-04-2025,2025-04-26,DASH_DD_MM_YYYY,False,False,TRUE,True,False,FALSE,False,False,TRUE,True,False,TRUE,True,False,No,False,False,3.0,2.0,60.0,40.0
INSP01606,2025-05-03,SCH0002,False,True,True,True,False,Charita Halder,,SCH0002,SCH0002,False,05-03-2025,2025-05-03,DASH_MM_DD_AMBIGUOUS,True,False,Not Available,False,False,haan,True,False,H,True,False,TRUE,True,False,No,False,False,3.0,2.0,60.0,40.0
INSP02927,2025-05-01,SCH0209,True,True,True,True,False,Zashil Shetty,Average,SCH0209,SCH0209,False,01-May-25,2025-05-01,TEXT_MONTH,False,False,Yes,True,False,Working,True,False,TRUE,True,False,TRUE,True,False,FALSE,False,False,4.0,1.0,80.0,20.0
INSP02677,2025-06-19,SCH0064,True,True,True,False,False,Indira Johal,Toilets locked,SCH-0064,SCH0064,True,19-Jun-25,2025-06-19,TEXT_MONTH,False,False,TRUE,True,False,TRUE,True,False,TRUE,True,False,N,False,False,Nahi hai,False,False,3.0,2.0,60.0,40.0
INSP01990,2026-04-01,SCH0287,,True,True,True,True,Samesh Keer,Toilets locked,SCH0287,SCH0287,False,04-01-2026,2026-04-01,DASH_MM_DD_AMBIGUOUS,True,False,,,True,TRUE,True,False,Available,True,False,TRUE,True,False,Yes,True,False,4.0,0.0,80.0,0.0
INSP02476,2026-02-19,SCH0268,True,True,False,False,True,Ronith Doctor,Good condition,SCH0268,SCH0268,False,19-02-2026,2026-02-19,DASH_DD_MM_YYYY,False,False,1,True,False,TRUE,True,False,FALSE,False,False,FALSE,False,False,Yes,True,False,3.0,2.0,60.0,40.0
INSP01976,2025-12-10,SCH0209,False,True,True,,True,,Average,SCH0209,SCH0209,False,12-10-2025,2025-12-10,DASH_MM_DD_AMBIGUOUS,True,False,FALSE,False,False,Haan,True,False,TRUE,True,False,,,True,Haan,True,False,3.0,1.0,60.0,20.0
INSP01762,2025-12-18,SCH0509,True,False,False,True,True,Patrick Cheema,Average,SCH0509,SCH0509,False,18-12-2025,2025-12-18,DASH_DD_MM_YYYY,False,False,1,True,False,FALSE,False,False,FALSE,False,False,Functional,True,False,Hai,True,False,3.0,2.0,60.0,40.0
INSP01306,2026-01-03,SCH0462,True,,True,True,True,Ojasvi Chahal,No remarks,S0462,SCH0462,True,01-03-2026,2026-01-03,DASH_MM_DD_AMBIGUOUS,True,False,TRUE,True,False,,,True,TRUE,True,False,H,True,False,Available,True,False,4.0,0.0,80.0,0.0
INSP01542,2025-08-21,SCH0062,False,True,True,True,False,Rehaan Saini,Good condition,62,SCH0062,True,21-08-2025,2025-08-21,DASH_DD_MM_YYYY,False,False,FALSE,False,False,TRUE,True,False,Hai,True,False,TRUE,True,False,FALSE,False,False,3.0,2.0,60.0,40.0
INSP00623,2025-11-28,SCH0047,True,True,,False,True,Abdul Kar,Needs repair,47,SCH0047,True,28-11-2025,2025-11-28,DASH_DD_MM_YYYY,False,False,TRUE,True,False,TRUE,True,False,,,True,Nahi hai,False,False,TRUE,True,False,3.0,1.0,60.0,20.0
INSP02437,2026-06-03,SCH0017,True,True,False,,False,Teerth Mandal,,SCH0017,SCH0017,False,06-03-2026,2026-06-03,DASH_MM_DD_AMBIGUOUS,True,False,Y,True,False,TRUE,True,False,0,False,False,,,True,0,False,False,2.0,2.0,40.0,40.0
INSP01494,2026-03-10,SCH0014,False,True,True,False,False,Pahal Batra,Average,SCH0014,SCH0014,False,10.03.2026,2026-03-10,DOT_DD_MM_AMBIGUOUS,True,False,Nahi,False,False,TRUE,True,False,Haan,True,False,FALSE,False,False,FALSE,False,False,2.0,3.0,40.0,60.0
INSP00111,2025-06-07,SCH0060,True,True,True,True,False,Benjamin Varty,No remarks,60,SCH0060,True,06-07-2025,2025-06-07,DASH_MM_DD_AMBIGUOUS,True,False,TRUE,True,False,Haan,True,False,TRUE,True,False,H,True,False,No,False,False,4.0,1.0,80.0,20.0
INSP02276,2025-07-25,SCH0405,True,True,True,False,False,,Toilets locked,SCH0405,SCH0405,False,25-07-2025,2025-07-25,DASH_DD_MM_YYYY,False,False,Haan,True,False,TRUE,True,False,TRUE,True,False,FALSE,False,False,FALSE,False,False,3.0,2.0,60.0,40.0
INSP02388,2025-12-09,SCH0217,False,False,True,True,False,Edhitha Lall,Average,SCH0217,SCH0217,False,09.12.2025,2025-12-09,DOT_DD_MM_AMBIGUOUS,True,False,FALSE,False,False,FALSE,False,False,Haan,True,False,TRUE,True,False,FALSE,False,False,2.0,3.0,40.0,60.0
INSP01170,2025-05-21,SCH0571,True,True,True,False,True,Vidhi Dutta,Needs repair,SCH0571,SCH0571,False,21-May-25,2025-05-21,TEXT_MONTH,False,False,TRUE,True,False,TRUE,True,False,Hai,True,False,FALSE,False,False,Yes,True,False,4.0,1.0,80.0,20.0
INSP02589,2025-05-09,SCH0396,False,False,True,False,True,Gagan Iyengar,Good condition,S0396,SCH0396,True,05-09-2025,2025-05-09,DASH_MM_DD_AMBIGUOUS,True,False,FALSE,False,False,N,False,False,Functional,True,False,Nahi,False,False,TRUE,True,False,2.0,3.0,40.0,60.0
INSP00233,2025-12-29,SCH0303,False,True,True,True,True,Yagnesh Wali,Toilets locked,SCH-0303,SCH0303,True,12-29-2025,2025-12-29,DASH_MM_DD_YYYY,False,False,0,False,False,Functional,True,False,Hai,True,False,TRUE,True,False,Functional,True,False,4.0,1.0,80.0,20.0
INSP00067,2025-12-29,SCH0546,False,True,True,False,True,Alexander Devan,,sch_0546,SCH0546,True,29-12-2025,2025-12-29,DASH_DD_MM_YYYY,False,False,Nahi hai,False,False,Yes,True,False,TRUE,True,False,No,False,False,TRUE,True,False,3.0,2.0,60.0,40.0
INSP02847,2026-03-31,SCH0432,True,True,True,True,False,,,SCH0432,SCH0432,False,31.03.2026,2026-03-31,DOT_DD_MM_YYYY,False,False,TRUE,True,False,Available,True,False,TRUE,True,False,TRUE,True,False,Nahi,False,False,4.0,1.0,80.0,20.0
INSP02073,2026-02-05,SCH0228,True,True,True,True,True,Irya Hayer,No remarks,SCH0228,SCH0228,False,02-05-2026,2026-02-05,DASH_MM_DD_AMBIGUOUS,True,False,TRUE,True,False,Haan,True,False,TRUE,True,False,Functional,True,False,TRUE,True,False,5.0,0.0,100.0,0.0
INSP02193,2025-12-31,SCH0479,True,True,True,True,False,Ojasvi Peri,No remarks,SCH0479,SCH0479,False,31-12-2025,2025-12-31,DASH_DD_MM_YYYY,False,False,Available,True,False,Functional,True,False,Y,True,False,haan,True,False,Nahi,False,False,4.0,1.0,80.0,20.0
INSP00537,2025-05-31,SCH0144,True,True,True,True,False,Parth Rau,Average,SCH0144,SCH0144,False,05-31-2025,2025-05-31,DASH_MM_DD_YYYY,False,False,TRUE,True,False,Hai,True,False,TRUE,True,False,Haan,True,False,Nahi hai,False,False,4.0,1.0,80.0,20.0
INSP00126,2026-01-19,SCH0033,False,False,True,False,False,,Good condition,SCH0033,SCH0033,False,19-01-2026,2026-01-19,DASH_DD_MM_YYYY,False,False,0,False,False,FALSE,False,False,H,True,False,0,False,False,na,False,False,1.0,4.0,20.0,80.0
INSP02134,2025-04-01,SCH0213,False,True,True,True,False,Rehaan Chaudhuri,Needs repair,S0213,SCH0213,True,04-01-2025,2025-04-01,DASH_MM_DD_AMBIGUOUS,True,False,FALSE,False,False,1,True,False,1,True,False,TRUE,True,False,FALSE,False,False,3.0,2.0,60.0,40.0
INSP01255,2025-09-02,SCH0568,True,True,True,True,True,Amol Sidhu,Needs repair,SCH0568,SCH0568,False,02.09.2025,2025-09-02,DOT_DD_MM_AMBIGUOUS,True,False,Y,True,False,H,True,False,Yes,True,False,TRUE,True,False,1,True,False,5.0,0.0,100.0,0.0
INSP02787,2025-10-08,SCH0311,True,True,False,True,True,Luke Ramakrishnan,Good condition,SCH0311,SCH0311,False,10-08-2025,2025-10-08,DASH_MM_DD_AMBIGUOUS,True,False,TRUE,True,False,haan,True,False,FALSE,False,False,TRUE,True,False,TRUE,True,False,4.0,1.0,80.0,20.0
INSP01977,2025-10-11,SCH0194,True,True,True,True,False,Advaith Chana,,SCH0194,SCH0194,False,10-11-2025,2025-10-11,DASH_MM_DD_AMBIGUOUS,True,False,TRUE,True,False,TRUE,True,False,H,True,False,haan,True,False,FALSE,False,False,4.0,1.0,80.0,20.0
INSP02590,2025-06-20,SCH0005,True,True,True,False,True,,Needs repair,sch_0005,SCH0005,True,06-20-2025,2025-06-20,DASH_MM_DD_YYYY,False,False,1,True,False,TRUE,True,False,1,True,False,FALSE,False,False,Y,True,False,4.0,1.0,80.0,20.0
INSP02076,2026-03-02,SCH0183,True,True,True,True,True,Kashvi Agarwal,Good condition,sch_0183,SCH0183,True,03-02-2026,2026-03-02,DASH_MM_DD_AMBIGUOUS,True,False,TRUE,True,False,TRUE,True,False,Functional,True,False,TRUE,True,False,1,True,False,5.0,0.0,100.0,0.0
INSP00485,2025-07-11,SCH0435,False,True,True,False,True,Rachit Rattan,Toilets locked,SCH0435,SCH0435,False,11-Jul-25,2025-07-11,TEXT_MONTH,False,False,FALSE,False,False,TRUE,True,False,TRUE,True,False,N,False,False,H,True,False,3.0,2.0,60.0,40.0
INSP01655,2025-09-27,SCH0024,True,False,True,False,False,Jai Aggarwal,No remarks,sch0024,SCH0024,True,27.09.2025,2025-09-27,DOT_DD_MM_YYYY,False,False,TRUE,True,False,0,False,False,Hai,True,False,Kharab,False,False,FALSE,False,False,2.0,3.0,40.0,60.0
INSP02814,2025-10-02,SCH0295,True,False,True,True,False,Reva Dasgupta,Toilets locked,SCH-0295,SCH0295,True,02-Oct-25,2025-10-02,TEXT_MONTH,False,False,Yes,True,False,Nahi,False,False,TRUE,True,False,haan,True,False,FALSE,False,False,3.0,2.0,60.0,40.0
INSP02680,2026-02-20,SCH0119,True,True,True,True,True,Rohan Ramesh,Average,SCH-0119,SCH0119,True,20.02.2026,2026-02-20,DOT_DD_MM_YYYY,False,False,TRUE,True,False,Hai,True,False,Hai,True,False,Haan,True,False,Y,True,False,5.0,0.0,100.0,0.0
INSP01775,2025-06-12,SCH0180,True,True,True,True,True,Logan Sachdeva,No remarks,SCH-0180,SCH0180,True,06-12-2025,2025-06-12,DASH_MM_DD_AMBIGUOUS,True,False,TRUE,True,False,TRUE,True,False,Functional,True,False,TRUE,True,False,Haan,True,False,5.0,0.0,100.0,0.0
INSP00919,2026-03-09,SCH0222,True,True,True,True,False,Nitesh Om,Toilets locked,SCH0222,SCH0222,False,09-Mar-26,2026-03-09,TEXT_MONTH,False,False,Hai,True,False,TRUE,True,False,TRUE,True,False,Haan,True,False,Nahi hai,False,False,4.0,1.0,80.0,20.0
INSP01647,2026-02-08,SCH0445,True,True,False,,False,Baghyawati Dada,Average,SCH-0445,SCH0445,True,02-08-2026,2026-02-08,DASH_MM_DD_AMBIGUOUS,True,False,TRUE,True,False,Haan,True,False,FALSE,False,False,,,True,FALSE,False,False,2.0,2.0,40.0,40.0
INSP01027,2025-11-04,SCH0318,True,,False,True,True,,No remarks,sch0318,SCH0318,True,11-04-2025,2025-11-04,DASH_MM_DD_AMBIGUOUS,True,False,TRUE,True,False,,,True,0,False,False,1,True,False,TRUE,True,False,3.0,1.0,60.0,20.0
INSP01031,2026-03-19,SCH0423,True,True,True,,False,Daniel Peri,No remarks,sch_0423,SCH0423,True,03-19-2026,2026-03-19,DASH_MM_DD_YYYY,False,False,TRUE,True,False,haan,True,False,TRUE,True,False,,,True,na,False,False,3.0,1.0,60.0,20.0
INSP00883,2025-12-16,SCH0191,True,True,True,True,False,Bhanumati Bhatnagar,Toilets locked,SCH-0191,SCH0191,True,16-Dec-25,2025-12-16,TEXT_MONTH,False,False,Functional,True,False,TRUE,True,False,TRUE,True,False,TRUE,True,False,FALSE,False,False,4.0,1.0,80.0,20.0
INSP01336,2026-01-05,SCH0263,False,True,True,True,False,Megha Samra,Needs repair,SCH0263,SCH0263,False,01-05-2026,2026-01-05,DASH_MM_DD_AMBIGUOUS,True,False,Nahi hai,False,False,TRUE,True,False,Yes,True,False,Yes,True,False,Nahi hai,False,False,3.0,2.0,60.0,40.0
INSP02342,2025-09-13,SCH0121,True,False,True,True,False,Leela Brar,No remarks,121,SCH0121,True,13.09.2025,2025-09-13,DOT_DD_MM_YYYY,False,False,Haan,True,False,N,False,False,Hai,True,False,H,True,False,FALSE,False,False,3.0,2.0,60.0,40.0
INSP00365,2025-07-05,SCH0482,True,True,True,True,False,Michael Narula,Toilets locked,SCH0482,SCH0482,False,07-05-2025,2025-07-05,DASH_MM_DD_AMBIGUOUS,True,False,Y,True,False,TRUE,True,False,haan,True,False,TRUE,True,False,FALSE,False,False,4.0,1.0,80.0,20.0
INSP02126,2025-06-22,SCH0298,True,True,,True,False,Chanchal Palan,Average,SCH0298,SCH0298,False,22-06-2025,2025-06-22,DASH_DD_MM_YYYY,False,False,Functional,True,False,Yes,True,False,,,True,TRUE,True,False,FALSE,False,False,3.0,1.0,60.0,20.0
INSP00028,2026-03-30,SCH0591,False,,True,False,False,Bhanumati Mallick,Needs repair,SCH-0591,SCH0591,True,30-Mar-26,2026-03-30,TEXT_MONTH,False,False,FALSE,False,False,,,True,TRUE,True,False,Nahi,False,False,Nahi hai,False,False,1.0,3.0,20.0,60.0
INSP00474,2025-04-09,SCH0496,True,True,False,True,False,Vihaan Barman,Good condition,SCH0496,SCH0496,False,04-09-2025,2025-04-09,DASH_MM_DD_AMBIGUOUS,True,False,Hai,True,False,H,True,False,FALSE,False,False,TRUE,True,False,FALSE,False,False,3.0,2.0,60.0,40.0
INSP00526,2025-05-16,SCH0587,True,True,True,True,True,Yuvraj Kannan,Good condition,S0587,SCH0587,True,16.05.2025,2025-05-16,DOT_DD_MM_YYYY,False,False,TRUE,True,False,H,True,False,TRUE,True,False,Functional,True,False,Haan,True,False,5.0,0.0,100.0,0.0
INSP00726,2025-10-20,SCH0261,True,False,True,True,False,Jason Majumdar,Toilets locked,S0261,SCH0261,True,20-Oct-25,2025-10-20,TEXT_MONTH,False,False,Working,True,False,0,False,False,TRUE,True,False,TRUE,True,False,FALSE,False,False,3.0,2.0,60.0,40.0
INSP00056,2025-11-08,SCH0086,True,True,True,False,False,Veer Sama,,sch_0086,SCH0086,True,11-08-2025,2025-11-08,DASH_MM_DD_AMBIGUOUS,True,False,TRUE,True,False,TRUE,True,False,H,True,False,FALSE,False,False,Nahi,False,False,3.0,2.0,60.0,40.0
INSP00639,2025-11-27,SCH0211,False,True,True,True,True,Vasudha Kurian,No remarks,SCH-0211,SCH0211,True,27-11-2025,2025-11-27,DASH_DD_MM_YYYY,False,False,N,False,False,TRUE,True,False,Hai,True,False,TRUE,True,False,TRUE,True,False,4.0,1.0,80.0,20.0
INSP00303,2025-07-31,SCH0172,False,True,True,False,True,Chatresh Manne,,sch0172,SCH0172,True,31.07.2025,2025-07-31,DOT_DD_MM_YYYY,False,False,N,False,False,TRUE,True,False,TRUE,True,False,Nahi hai,False,False,TRUE,True,False,3.0,2.0,60.0,40.0
INSP02743,2026-03-27,SCH0242,,True,True,False,False,,Good condition,SCH0242,SCH0242,False,27-Mar-26,2026-03-27,TEXT_MONTH,False,False,,,True,TRUE,True,False,TRUE,True,False,FALSE,False,False,FALSE,False,False,2.0,2.0,40.0,40.0
INSP01277,2025-11-04,SCH0061,False,True,False,True,False,Wridesh Yohannan,Toilets locked,sch0061,SCH0061,True,04-Nov-25,2025-11-04,TEXT_MONTH,False,False,na,False,False,Y,True,False,FALSE,False,False,TRUE,True,False,FALSE,False,False,2.0,3.0,40.0,60.0
INSP02772,2025-05-01,SCH0518,True,False,True,True,False,Upadhriti Som,Average,S0518,SCH0518,True,05-01-2025,2025-05-01,DASH_MM_DD_AMBIGUOUS,True,False,Functional,True,False,FALSE,False,False,1,True,False,TRUE,True,False,FALSE,False,False,3.0,2.0,60.0,40.0
INSP00625,2026-08-03,SCH0034,True,True,True,False,False,Imaran Konda,Good condition,sch_0034,SCH0034,True,08-03-2026,2026-08-03,DASH_MM_DD_AMBIGUOUS,True,False,TRUE,True,False,Haan,True,False,TRUE,True,False,Kharab,False,False,Under Repair,False,False,3.0,2.0,60.0,40.0
INSP02056,2026-01-21,SCH0230,,True,True,,True,Advika Kala,,S0230,SCH0230,True,21-01-2026,2026-01-21,DASH_DD_MM_YYYY,False,False,,,True,Hai,True,False,Y,True,False,,,True,Hai,True,False,3.0,0.0,60.0,0.0
INSP01281,2026-01-20,SCH0458,False,True,False,False,,Ishaan Lal,Average,SCH-0458,SCH0458,True,20-01-2026,2026-01-20,DASH_DD_MM_YYYY,False,False,Nahi hai,False,False,TRUE,True,False,0,False,False,FALSE,False,False,,,True,1.0,3.0,20.0,60.0
INSP01050,2025-07-10,SCH0587,,True,True,True,True,Finn Babu,No remarks,SCH0587,SCH0587,False,07-10-2025,2025-07-10,DASH_MM_DD_AMBIGUOUS,True,False,,,True,TRUE,True,False,H,True,False,TRUE,True,False,Haan,True,False,4.0,0.0,80.0,0.0
INSP00337,2025-08-11,SCH0492,True,True,False,True,False,Ranbir Dayal,Good condition,sch_0492,SCH0492,True,08-11-2025,2025-08-11,DASH_MM_DD_AMBIGUOUS,True,False,1,True,False,TRUE,True,False,FALSE,False,False,Functional,True,False,FALSE,False,False,3.0,2.0,60.0,40.0
INSP00048,2026-07-03,SCH0324,True,True,False,False,False,Charan Kala,Needs repair,SCH0324,SCH0324,False,07-03-2026,2026-07-03,DASH_MM_DD_AMBIGUOUS,True,False,1,True,False,haan,True,False,Nahi hai,False,False,0,False,False,na,False,False,2.0,3.0,40.0,60.0
INSP00107,2025-05-29,SCH0128,True,True,True,False,True,Mugdha Narula,Average,SCH0128,SCH0128,False,29-05-2025,2025-05-29,DASH_DD_MM_YYYY,False,False,TRUE,True,False,TRUE,True,False,Y,True,False,FALSE,False,False,Y,True,False,4.0,1.0,80.0,20.0
INSP01080,2025-04-12,SCH0150,True,True,False,True,True,Kashvi Bahl,Average,SCH0150,SCH0150,False,04-12-2025,2025-04-12,DASH_MM_DD_AMBIGUOUS,True,False,TRUE,True,False,TRUE,True,False,No,False,False,TRUE,True,False,TRUE,True,False,4.0,1.0,80.0,20.0
INSP02287,2026-02-14,SCH0322,True,True,True,False,True,,,sch_0322,SCH0322,True,14-02-2026,2026-02-14,DASH_DD_MM_YYYY,False,False,Available,True,False,TRUE,True,False,TRUE,True,False,FALSE,False,False,Y,True,False,4.0,1.0,80.0,20.0
INSP02262,2026-05-02,SCH0176,True,True,True,False,False,Sanaya Goyal,Good condition,S0176,SCH0176,True,05-02-2026,2026-05-02,DASH_MM_DD_AMBIGUOUS,True,False,TRUE,True,False,Y,True,False,TRUE,True,False,FALSE,False,False,Nahi hai,False,False,3.0,2.0,60.0,40.0
INSP01145,2025-06-10,SCH0024,True,True,False,False,False,Rachana Walla,Average,SCH0024,SCH0024,False,06-10-2025,2025-06-10,DASH_MM_DD_AMBIGUOUS,True,False,TRUE,True,False,TRUE,True,False,FALSE,False,False,FALSE,False,False,FALSE,False,False,2.0,3.0,40.0,60.0
INSP02510,2025-07-16,SCH0427,True,True,True,True,True,Jackson Pradhan,Needs repair,427,SCH0427,True,16-07-2025,2025-07-16,DASH_DD_MM_YYYY,False,False,H,True,False,TRUE,True,False,TRUE,True,False,TRUE,True,False,TRUE,True,False,5.0,0.0,100.0,0.0
INSP02297,2025-09-20,SCH0072,True,True,True,False,True,Gayathri Sharaf,Toilets locked,SCH0072,SCH0072,False,20-09-2025,2025-09-20,DASH_DD_MM_YYYY,False,False,Hai,True,False,H,True,False,TRUE,True,False,FALSE,False,False,Working,True,False,4.0,1.0,80.0,20.0
INSP01837,2025-05-03,SCH0193,True,True,True,True,True,Widisha Sarma,Average,SCH0193,SCH0193,False,03.05.2025,2025-05-03,DOT_DD_MM_AMBIGUOUS,True,False,Y,True,False,Haan,True,False,TRUE,True,False,TRUE,True,False,TRUE,True,False,5.0,0.0,100.0,0.0
INSP01754,2025-10-11,SCH0294,True,True,True,False,False,Nitara Sampath,Good condition,SCH0294,SCH0294,False,11-Oct-25,2025-10-11,TEXT_MONTH,False,False,1,True,False,TRUE,True,False,Functional,True,False,Nahi hai,False,False,na,False,False,3.0,2.0,60.0,40.0
INSP01102,2025-06-01,SCH0039,,True,False,False,False,Frado Kota,,sch_0039,SCH0039,True,01.06.2025,2025-06-01,DOT_DD_MM_AMBIGUOUS,True,False,,,True,haan,True,False,N,False,False,na,False,False,na,False,False,1.0,3.0,20.0,60.0
INSP01969,2025-12-30,SCH0297,True,True,True,True,False,Ikshita Singh,Average,sch_0297,SCH0297,True,30-12-2025,2025-12-30,DASH_DD_MM_YYYY,False,False,Working,True,False,TRUE,True,False,Available,True,False,TRUE,True,False,Nahi,False,False,4.0,1.0,80.0,20.0
INSP00524,2025-12-27,SCH0567,True,True,True,,,Triveni Pant,No remarks,sch0567,SCH0567,True,27-12-2025,2025-12-27,DASH_DD_MM_YYYY,False,False,TRUE,True,False,TRUE,True,False,haan,True,False,,,True,,,True,3.0,0.0,60.0,0.0
INSP02281,2025-07-16,SCH0259,True,True,True,True,False,Umang Chaudhry,No remarks,SCH0259,SCH0259,False,16-07-2025,2025-07-16,DASH_DD_MM_YYYY,False,False,TRUE,True,False,Available,True,False,TRUE,True,False,haan,True,False,FALSE,False,False,4.0,1.0,80.0,20.0
INSP01429,2025-09-01,SCH0316,True,True,True,False,False,Nathan Sahni,No remarks,S0316,SCH0316,True,09-01-2025,2025-09-01,DASH_MM_DD_AMBIGUOUS,True,False,haan,True,False,TRUE,True,False,TRUE,True,False,FALSE,False,False,FALSE,False,False,3.0,2.0,60.0,40.0
INSP02742,2025-04-23,SCH0231,True,True,True,False,False,Barkha Bala,Good condition,SCH0231,SCH0231,False,23-04-2025,2025-04-23,DASH_DD_MM_YYYY,False,False,TRUE,True,False,TRUE,True,False,TRUE,True,False,Kharab,False,False,na,False,False,3.0,2.0,60.0,40.0
INSP00604,2025-08-03,SCH0552,True,True,True,True,True,Bhavini Narang,Needs repair,SCH0552,SCH0552,False,03-Aug-25,2025-08-03,TEXT_MONTH,False,False,H,True,False,TRUE,True,False,TRUE,True,False,TRUE,True,False,Functional,True,False,5.0,0.0,100.0,0.0
INSP01490,2025-07-05,SCH0316,False,False,True,True,True,Ryan Bhargava,Toilets locked,S0316,SCH0316,True,05-Jul-25,2025-07-05,TEXT_MONTH,False,False,Kharab,False,False,na,False,False,haan,True,False,Hai,True,False,TRUE,True,False,3.0,2.0,60.0,40.0
INSP02475,2025-04-07,SCH0496,True,True,True,True,False,Onkar Karan,,SCH0496,SCH0496,False,04-07-2025,2025-04-07,DASH_MM_DD_AMBIGUOUS,True,False,TRUE,True,False,Hai,True,False,TRUE,True,False,TRUE,True,False,No,False,False,4.0,1.0,80.0,20.0
INSP00061,2025-11-05,SCH0518,False,True,True,False,False,Anamika Kapur,Good condition,SCH0518,SCH0518,False,05.11.2025,2025-11-05,DOT_DD_MM_AMBIGUOUS,True,False,FALSE,False,False,Yes,True,False,TRUE,True,False,No,False,False,N,False,False,2.0,3.0,40.0,60.0
INSP02890,2025-07-29,SCH0008,True,False,True,True,True,Samaksh Aurora,Needs repair,sch0008,SCH0008,True,29-07-2025,2025-07-29,DASH_DD_MM_YYYY,False,False,Functional,True,False,N,False,False,Haan,True,False,Hai,True,False,TRUE,True,False,4.0,1.0,80.0,20.0
INSP00672,2025-11-30,SCH0230,True,False,True,True,False,Victor Bhakta,Average,sch_0230,SCH0230,True,30-11-2025,2025-11-30,DASH_DD_MM_YYYY,False,False,Y,True,False,FALSE,False,False,TRUE,True,False,Available,True,False,FALSE,False,False,3.0,2.0,60.0,40.0
INSP00093,2025-07-21,SCH0366,False,True,False,False,True,Yamini Maharaj,Average,SCH-0366,SCH0366,True,21-07-2025,2025-07-21,DASH_DD_MM_YYYY,False,False,FALSE,False,False,TRUE,True,False,0,False,False,N,False,False,Available,True,False,2.0,3.0,40.0,60.0
INSP00667,2025-05-13,SCH0412,True,True,True,True,,Suhani Nath,,SCH-0412,SCH0412,True,13-May-25,2025-05-13,TEXT_MONTH,False,False,1,True,False,TRUE,True,False,Working,True,False,TRUE,True,False,,,True,4.0,0.0,80.0,0.0
INSP01888,2025-04-11,SCH0417,True,True,True,False,False,Krisha Ravi,Good condition,SCH-0417,SCH0417,True,11-Apr-25,2025-04-11,TEXT_MONTH,False,False,Functional,True,False,Available,True,False,Hai,True,False,N,False,False,Kharab,False,False,3.0,2.0,60.0,40.0
INSP00281,2026-02-03,SCH0477,False,False,True,False,False,Hemani Chopra,Toilets locked,sch0477,SCH0477,True,02-03-2026,2026-02-03,DASH_MM_DD_AMBIGUOUS,True,False,Kharab,False,False,FALSE,False,False,TRUE,True,False,FALSE,False,False,Nahi hai,False,False,1.0,4.0,20.0,80.0
INSP01720,2025-06-15,SCH0337,True,True,True,False,False,Radhika Kalla,Good condition,SCH0337,SCH0337,False,15-06-2025,2025-06-15,DASH_DD_MM_YYYY,False,False,Yes,True,False,TRUE,True,False,Hai,True,False,FALSE,False,False,N,False,False,3.0,2.0,60.0,40.0
INSP00360,2025-10-20,SCH0382,False,False,True,False,True,Aarna Sharma,No remarks,SCH-0382,SCH0382,True,20-10-2025,2025-10-20,DASH_DD_MM_YYYY,False,False,FALSE,False,False,No,False,False,Haan,True,False,FALSE,False,False,TRUE,True,False,2.0,3.0,40.0,60.0
INSP00900,2025-11-22,SCH0036,True,True,True,False,False,Nicholas Roy,Toilets locked,SCH0036,SCH0036,False,22-11-2025,2025-11-22,DASH_DD_MM_YYYY,False,False,Hai,True,False,TRUE,True,False,H,True,False,Nahi,False,False,FALSE,False,False,3.0,2.0,60.0,40.0
INSP01936,2025-09-23,SCH0141,False,True,True,True,True,,Good condition,sch_0141,SCH0141,True,23-09-2025,2025-09-23,DASH_DD_MM_YYYY,False,False,FALSE,False,False,Hai,True,False,Available,True,False,Haan,True,False,Available,True,False,4.0,1.0,80.0,20.0
INSP01995,2026-03-23,SCH0223,True,True,True,True,False,Advaith Prabhakar,Good condition,SCH0223,SCH0223,False,23-03-2026,2026-03-23,DASH_DD_MM_YYYY,False,False,Yes,True,False,Haan,True,False,Y,True,False,Yes,True,False,Nahi,False,False,4.0,1.0,80.0,20.0
INSP00761,2025-07-01,SCH0520,False,True,True,True,True,Vasana Keer,Toilets locked,SCH0520,SCH0520,False,07-01-2025,2025-07-01,DASH_MM_DD_AMBIGUOUS,True,False,FALSE,False,False,H,True,False,haan,True,False,haan,True,False,H,True,False,4.0,1.0,80.0,20.0
INSP02159,2025-04-04,SCH0090,True,,False,True,False,,Needs repair,SCH-0090,SCH0090,True,04-Apr-25,2025-04-04,TEXT_MONTH,False,False,Y,True,False,,,True,na,False,False,Yes,True,False,FALSE,False,False,2.0,2.0,40.0,40.0
INSP02758,2025-12-23,SCH0096,False,True,False,False,False,Ishanvi Ratti,Average,sch_0096,SCH0096,True,23-12-2025,2025-12-23,DASH_DD_MM_YYYY,False,False,FALSE,False,False,Functional,True,False,Nahi,False,False,Nahi hai,False,False,FALSE,False,False,1.0,4.0,20.0,80.0
INSP00043,2025-07-15,SCH0032,False,True,,True,False,Unnati Shankar,,SCH0032,SCH0032,False,15-Jul-25,2025-07-15,TEXT_MONTH,False,False,Nahi hai,False,False,H,True,False,,,True,TRUE,True,False,No,False,False,2.0,2.0,40.0,40.0
INSP02174,2025-04-30,SCH0509,False,True,True,True,False,Rachana Sem,No remarks,SCH0509,SCH0509,False,30.04.2025,2025-04-30,DOT_DD_MM_YYYY,False,False,Broken,False,False,Haan,True,False,H,True,False,1,True,False,FALSE,False,False,3.0,2.0,60.0,40.0
INSP00205,2025-11-16,SCH0411,,False,True,True,True,Brijesh Virk,Toilets locked,SCH0411,SCH0411,False,16-11-2025,2025-11-16,DASH_DD_MM_YYYY,False,False,,,True,FALSE,False,False,TRUE,True,False,TRUE,True,False,TRUE,True,False,3.0,1.0,60.0,20.0
INSP01474,2025-04-11,SCH0548,True,False,,True,,Ekapad Keer,Average,SCH-0548,SCH0548,True,04-11-2025,2025-04-11,DASH_MM_DD_AMBIGUOUS,True,False,TRUE,True,False,0,False,False,,,True,H,True,False,,,True,2.0,1.0,40.0,20.0
INSP02101,2025-07-10,SCH0004,True,True,True,False,False,,,SCH0004,SCH0004,False,07-10-2025,2025-07-10,DASH_MM_DD_AMBIGUOUS,True,False,Hai,True,False,Yes,True,False,Yes,True,False,No,False,False,FALSE,False,False,3.0,2.0,60.0,40.0
INSP00069,2026-02-18,SCH0532,True,True,True,False,False,Anika Warrior,Needs repair,SCH0532,SCH0532,False,18-02-2026,2026-02-18,DASH_DD_MM_YYYY,False,False,TRUE,True,False,1,True,False,Haan,True,False,Broken,False,False,FALSE,False,False,3.0,2.0,60.0,40.0
INSP01876,2025-01-10,SCH0587,True,True,True,True,True,Finn Khurana,Needs repair,SCH0587,SCH0587,False,01-10-2025,2025-01-10,DASH_MM_DD_AMBIGUOUS,True,False,H,True,False,Yes,True,False,Y,True,False,H,True,False,TRUE,True,False,5.0,0.0,100.0,0.0
INSP02600,2025-09-10,SCH0414,True,False,True,True,True,Faraj Mishra,,414,SCH0414,True,10-Sep-25,2025-09-10,TEXT_MONTH,False,False,Y,True,False,Nahi hai,False,False,Yes,True,False,H,True,False,Haan,True,False,4.0,1.0,80.0,20.0
INSP02232,2025-07-17,SCH0375,True,True,False,False,True,Baghyawati Oak,No remarks,SCH0375,SCH0375,False,17-07-2025,2025-07-17,DASH_DD_MM_YYYY,False,False,Available,True,False,TRUE,True,False,No,False,False,FALSE,False,False,Working,True,False,3.0,2.0,60.0,40.0
INSP00138,2025-08-22,SCH0075,True,False,False,False,True,Ira Atwal,Toilets locked,sch_0075,SCH0075,True,22-08-2025,2025-08-22,DASH_DD_MM_YYYY,False,False,TRUE,True,False,0,False,False,FALSE,False,False,FALSE,False,False,TRUE,True,False,2.0,3.0,40.0,60.0
INSP00797,2025-06-05,SCH0319,True,True,True,False,True,Pranav Krishna,Needs repair,SCH-0319,SCH0319,True,06-05-2025,2025-06-05,DASH_MM_DD_AMBIGUOUS,True,False,Yes,True,False,TRUE,True,False,Functional,True,False,No,False,False,TRUE,True,False,4.0,1.0,80.0,20.0
INSP02181,2025-08-05,SCH0033,True,True,True,True,False,Fariq Lad,Toilets locked,SCH0033,SCH0033,False,08-05-2025,2025-08-05,DASH_MM_DD_AMBIGUOUS,True,False,TRUE,True,False,Yes,True,False,Yes,True,False,Working,True,False,FALSE,False,False,4.0,1.0,80.0,20.0
INSP02129,2026-04-03,SCH0244,False,False,True,True,True,Pavani Pal,Average,S0244,SCH0244,True,04-03-2026,2026-04-03,DASH_MM_DD_AMBIGUOUS,True,False,Nahi hai,False,False,Nahi,False,False,TRUE,True,False,TRUE,True,False,1,True,False,3.0,2.0,60.0,40.0
INSP00759,2025-09-22,SCH0246,False,,False,False,True,Jhalak Thaman,No remarks,SCH0246,SCH0246,False,22.09.2025,2025-09-22,DOT_DD_MM_YYYY,False,False,0,False,False,,,True,FALSE,False,False,FALSE,False,False,1,True,False,1.0,3.0,20.0,60.0
INSP00542,2026-02-22,SCH0411,True,True,True,False,False,Bhavna Subramanian,Average,SCH-0411,SCH0411,True,22-02-2026,2026-02-22,DASH_DD_MM_YYYY,False,False,Working,True,False,Y,True,False,1,True,False,FALSE,False,False,FALSE,False,False,3.0,2.0,60.0,40.0
INSP01020,2025-05-13,SCH0178,False,True,True,False,False,,Average,SCH0178,SCH0178,False,13-05-2025,2025-05-13,DASH_DD_MM_YYYY,False,False,Nahi hai,False,False,Functional,True,False,TRUE,True,False,FALSE,False,False,FALSE,False,False,2.0,3.0,40.0,60.0
INSP02412,2025-07-24,SCH0457,False,True,False,False,False,Naksh Ghosh,Average,sch_0457,SCH0457,True,24-Jul-25,2025-07-24,TEXT_MONTH,False,False,Broken,False,False,TRUE,True,False,0,False,False,na,False,False,Nahi hai,False,False,1.0,4.0,20.0,80.0
INSP00166,2025-05-07,SCH0309,False,True,True,,True,,,S0309,SCH0309,True,05-07-2025,2025-05-07,DASH_MM_DD_AMBIGUOUS,True,False,FALSE,False,False,TRUE,True,False,TRUE,True,False,,,True,H,True,False,3.0,1.0,60.0,20.0
INSP00249,2025-10-29,SCH0371,True,,True,False,True,Onkar Dua,Toilets locked,SCH-0371,SCH0371,True,29-Oct-25,2025-10-29,TEXT_MONTH,False,False,1,True,False,,,True,Available,True,False,No,False,False,Yes,True,False,3.0,1.0,60.0,20.0
INSP01332,2025-04-23,SCH0220,True,True,True,False,False,Ekansh Nayak,Good condition,sch_0220,SCH0220,True,23-04-2025,2025-04-23,DASH_DD_MM_YYYY,False,False,haan,True,False,TRUE,True,False,TRUE,True,False,FALSE,False,False,No,False,False,3.0,2.0,60.0,40.0
INSP02018,2025-07-10,SCH0471,False,True,True,True,False,Eiravati Jani,No remarks,S0471,SCH0471,True,07-10-2025,2025-07-10,DASH_MM_DD_AMBIGUOUS,True,False,FALSE,False,False,1,True,False,Working,True,False,1,True,False,FALSE,False,False,3.0,2.0,60.0,40.0
INSP00447,2026-02-01,SCH0143,True,True,True,True,False,Dalaja Rao,Needs repair,S0143,SCH0143,True,02-01-2026,2026-02-01,DASH_MM_DD_AMBIGUOUS,True,False,TRUE,True,False,Yes,True,False,TRUE,True,False,TRUE,True,False,FALSE,False,False,4.0,1.0,80.0,20.0
INSP01359,2025-05-20,SCH0446,False,True,True,True,True,Anmol Mand,Needs repair,SCH0446,SCH0446,False,20-05-2025,2025-05-20,DASH_DD_MM_YYYY,False,False,No,False,False,TRUE,True,False,TRUE,True,False,Haan,True,False,TRUE,True,False,4.0,1.0,80.0,20.0
INSP02146,2025-12-25,SCH0085,False,True,True,True,True,Gavin D’Alia,Toilets locked,SCH0085,SCH0085,False,25-Dec-25,2025-12-25,TEXT_MONTH,False,False,FALSE,False,False,TRUE,True,False,Yes,True,False,TRUE,True,False,TRUE,True,False,4.0,1.0,80.0,20.0
INSP01330,2025-04-01,SCH0463,True,True,True,True,True,Champak Warrior,No remarks,SCH0463,SCH0463,False,04-01-2025,2025-04-01,DASH_MM_DD_AMBIGUOUS,True,False,TRUE,True,False,Yes,True,False,TRUE,True,False,Yes,True,False,H,True,False,5.0,0.0,100.0,0.0
INSP02151,2026-01-14,SCH0371,True,True,True,True,True,Indali Walla,Good condition,SCH0371,SCH0371,False,14-Jan-26,2026-01-14,TEXT_MONTH,False,False,TRUE,True,False,TRUE,True,False,TRUE,True,False,Hai,True,False,Hai,True,False,5.0,0.0,100.0,0.0
INSP00435,2025-11-19,SCH0189,True,True,True,,True,,Needs repair,S0189,SCH0189,True,11-19-2025,2025-11-19,DASH_MM_DD_YYYY,False,False,TRUE,True,False,Working,True,False,TRUE,True,False,,,True,TRUE,True,False,4.0,0.0,80.0,0.0
INSP02123,2026-01-23,SCH0226,True,False,True,True,False,Warjas Mall,Good condition,226,SCH0226,True,23-01-2026,2026-01-23,DASH_DD_MM_YYYY,False,False,Working,True,False,N,False,False,haan,True,False,TRUE,True,False,na,False,False,3.0,2.0,60.0,40.0
INSP00578,2025-12-24,SCH0109,True,True,True,False,False,Andrew Ahuja,Toilets locked,SCH0109,SCH0109,False,24-12-2025,2025-12-24,DASH_DD_MM_YYYY,False,False,haan,True,False,TRUE,True,False,TRUE,True,False,FALSE,False,False,FALSE,False,False,3.0,2.0,60.0,40.0
INSP02515,2025-06-01,SCH0135,False,True,True,True,True,Ijaya Karpe,No remarks,SCH0135,SCH0135,False,01-Jun-25,2025-06-01,TEXT_MONTH,False,False,FALSE,False,False,TRUE,True,False,Yes,True,False,1,True,False,TRUE,True,False,4.0,1.0,80.0,20.0
INSP01849,2025-05-14,SCH0345,True,True,False,True,True,Qasim Kanda,,S0345,SCH0345,True,14-05-2025,2025-05-14,DASH_DD_MM_YYYY,False,False,haan,True,False,Haan,True,False,na,False,False,Functional,True,False,TRUE,True,False,4.0,1.0,80.0,20.0
INSP00763,2025-05-18,SCH0092,True,True,True,True,True,Isha Kohli,,sch_0092,SCH0092,True,18-May-25,2025-05-18,TEXT_MONTH,False,False,TRUE,True,False,Yes,True,False,Available,True,False,TRUE,True,False,H,True,False,5.0,0.0,100.0,0.0
INSP00389,2025-08-16,SCH0238,True,True,True,True,False,Aradhana Bumb,Average,sch_0238,SCH0238,True,16-08-2025,2025-08-16,DASH_DD_MM_YYYY,False,False,Available,True,False,haan,True,False,Functional,True,False,Hai,True,False,FALSE,False,False,4.0,1.0,80.0,20.0
INSP00236,2025-09-11,SCH0329,True,True,True,False,True,Fariq Sen,Average,329,SCH0329,True,09-11-2025,2025-09-11,DASH_MM_DD_AMBIGUOUS,True,False,TRUE,True,False,TRUE,True,False,TRUE,True,False,FALSE,False,False,Functional,True,False,4.0,1.0,80.0,20.0
INSP02740,2025-05-29,SCH0543,False,True,True,True,False,Tanmayi Puri,Average,SCH0543,SCH0543,False,29.05.2025,2025-05-29,DOT_DD_MM_YYYY,False,False,Nahi hai,False,False,Hai,True,False,TRUE,True,False,haan,True,False,FALSE,False,False,3.0,2.0,60.0,40.0
INSP01985,2025-12-11,SCH0531,False,True,True,True,False,Tanvi Padmanabhan,Good condition,SCH-0531,SCH0531,True,12-11-2025,2025-12-11,DASH_MM_DD_AMBIGUOUS,True,False,Under Repair,False,False,Available,True,False,TRUE,True,False,TRUE,True,False,Nahi,False,False,3.0,2.0,60.0,40.0
INSP00268,2025-12-30,SCH0206,,True,True,True,True,Irya Mody,Needs repair,SCH0206,SCH0206,False,30.12.2025,2025-12-30,DOT_DD_MM_YYYY,False,False,,,True,TRUE,True,False,Hai,True,False,Yes,True,False,Y,True,False,4.0,0.0,80.0,0.0
INSP00771,2025-05-09,SCH0309,True,,True,False,False,Om Shenoy,,SCH0309,SCH0309,False,05-09-2025,2025-05-09,DASH_MM_DD_AMBIGUOUS,True,False,1,True,False,,,True,Haan,True,False,Nahi hai,False,False,Kharab,False,False,2.0,2.0,40.0,40.0
INSP02166,2025-12-12,SCH0471,,,True,,True,Harshil Bhargava,Good condition,SCH0471,SCH0471,False,12-12-2025,2025-12-12,DASH_MM_DD_AMBIGUOUS,True,False,,,True,,,True,TRUE,True,False,,,True,Yes,True,False,2.0,0.0,40.0,0.0
INSP00438,2025-04-28,SCH0417,True,False,True,False,False,Mitali Nair,Needs repair,S0417,SCH0417,True,28-04-2025,2025-04-28,DASH_DD_MM_YYYY,False,False,TRUE,True,False,0,False,False,TRUE,True,False,FALSE,False,False,FALSE,False,False,2.0,3.0,40.0,60.0
INSP00674,2025-04-15,SCH0059,False,True,True,True,,Chaman Naik,No remarks,SCH-0059,SCH0059,True,15-04-2025,2025-04-15,DASH_DD_MM_YYYY,False,False,FALSE,False,False,TRUE,True,False,1,True,False,Working,True,False,,,True,3.0,1.0,60.0,20.0
INSP00250,2026-03-06,SCH0098,True,True,True,True,False,Ojas Doshi,Average,sch_0098,SCH0098,True,06.03.2026,2026-03-06,DOT_DD_MM_AMBIGUOUS,True,False,TRUE,True,False,1,True,False,TRUE,True,False,Yes,True,False,FALSE,False,False,4.0,1.0,80.0,20.0
INSP02202,2026-05-03,SCH0312,True,True,True,False,,Lakshmi Sami,Good condition,S0312,SCH0312,True,05-03-2026,2026-05-03,DASH_MM_DD_AMBIGUOUS,True,False,Y,True,False,TRUE,True,False,H,True,False,0,False,False,,,True,3.0,1.0,60.0,20.0
INSP01575,2025-09-17,SCH0311,True,True,True,True,False,Irya Narasimhan,Good condition,sch_0311,SCH0311,True,17.09.2025,2025-09-17,DOT_DD_MM_YYYY,False,False,TRUE,True,False,haan,True,False,Working,True,False,Y,True,False,Nahi,False,False,4.0,1.0,80.0,20.0
INSP02143,2026-02-13,SCH0452,True,True,False,False,False,Lila Taneja,Average,sch_0452,SCH0452,True,13.02.2026,2026-02-13,DOT_DD_MM_YYYY,False,False,Hai,True,False,Y,True,False,Kharab,False,False,No,False,False,FALSE,False,False,2.0,3.0,40.0,60.0
INSP02082,2025-04-13,SCH0181,True,True,,True,False,Krisha Bal,No remarks,SCH0181,SCH0181,False,13-04-2025,2025-04-13,DASH_DD_MM_YYYY,False,False,haan,True,False,Yes,True,False,,,True,1,True,False,FALSE,False,False,3.0,1.0,60.0,20.0
INSP02753,2025-09-28,SCH0270,True,True,True,,True,Raagini Wason,No remarks,S0270,SCH0270,True,28-09-2025,2025-09-28,DASH_DD_MM_YYYY,False,False,haan,True,False,1,True,False,TRUE,True,False,,,True,Functional,True,False,4.0,0.0,80.0,0.0
INSP02701,2025-07-09,SCH0025,True,True,True,False,False,Krishna Korpal,Toilets locked,25,SCH0025,True,07-09-2025,2025-07-09,DASH_MM_DD_AMBIGUOUS,True,False,Haan,True,False,TRUE,True,False,haan,True,False,No,False,False,Not Available,False,False,3.0,2.0,60.0,40.0
INSP00449,2025-08-15,SCH0310,,True,True,False,True,Anay Ben,No remarks,SCH-0310,SCH0310,True,15-08-2025,2025-08-15,DASH_DD_MM_YYYY,False,False,,,True,Y,True,False,TRUE,True,False,FALSE,False,False,TRUE,True,False,3.0,1.0,60.0,20.0
INSP01470,2026-03-07,SCH0268,False,True,True,True,True,Anika Sahota,Toilets locked,SCH0268,SCH0268,False,03-07-2026,2026-03-07,DASH_MM_DD_AMBIGUOUS,True,False,0,False,False,1,True,False,haan,True,False,TRUE,True,False,Hai,True,False,4.0,1.0,80.0,20.0
INSP00717,2026-02-16,SCH0242,True,True,True,True,False,Bachittar Talwar,Toilets locked,SCH0242,SCH0242,False,16-02-2026,2026-02-16,DASH_DD_MM_YYYY,False,False,TRUE,True,False,1,True,False,Working,True,False,haan,True,False,na,False,False,4.0,1.0,80.0,20.0
INSP02682,2025-09-23,SCH0574,True,True,True,False,True,Raagini Dube,No remarks,SCH0574,SCH0574,False,23-09-2025,2025-09-23,DASH_DD_MM_YYYY,False,False,Working,True,False,TRUE,True,False,haan,True,False,FALSE,False,False,TRUE,True,False,4.0,1.0,80.0,20.0
INSP02750,2025-10-02,SCH0187,True,True,True,False,True,Sara Chandra,Good condition,SCH0187,SCH0187,False,02.10.2025,2025-10-02,DOT_DD_MM_AMBIGUOUS,True,False,TRUE,True,False,TRUE,True,False,TRUE,True,False,FALSE,False,False,TRUE,True,False,4.0,1.0,80.0,20.0
INSP02049,2025-06-16,SCH0259,True,True,True,True,False,,Average,SCH0259,SCH0259,False,16-06-2025,2025-06-16,DASH_DD_MM_YYYY,False,False,TRUE,True,False,TRUE,True,False,Haan,True,False,Yes,True,False,0,False,False,4.0,1.0,80.0,20.0
INSP01902,2026-02-24,SCH0417,False,True,True,True,True,Ekanta Ganguly,Good condition,SCH0417,SCH0417,False,24-02-2026,2026-02-24,DASH_DD_MM_YYYY,False,False,FALSE,False,False,haan,True,False,TRUE,True,False,Yes,True,False,TRUE,True,False,4.0,1.0,80.0,20.0
INSP01169,2025-06-01,SCH0435,True,True,False,True,False,Nikita Borah,,SCH0435,SCH0435,False,01-Jun-25,2025-06-01,TEXT_MONTH,False,False,Hai,True,False,1,True,False,No,False,False,Yes,True,False,na,False,False,3.0,2.0,60.0,40.0
INSP00083,2025-12-30,SCH0130,True,True,True,True,False,Jai Sheth,,S0130,SCH0130,True,30.12.2025,2025-12-30,DOT_DD_MM_YYYY,False,False,Working,True,False,TRUE,True,False,TRUE,True,False,TRUE,True,False,Nahi hai,False,False,4.0,1.0,80.0,20.0
INSP02550,2026-01-03,SCH0330,True,False,,True,False,Eesha Banerjee,Needs repair,sch_0330,SCH0330,True,01-03-2026,2026-01-03,DASH_MM_DD_AMBIGUOUS,True,False,haan,True,False,No,False,False,,,True,Working,True,False,FALSE,False,False,2.0,2.0,40.0,40.0
INSP01461,2025-07-23,SCH0590,True,True,True,True,True,Qarin Wali,Needs repair,SCH0590,SCH0590,False,23-07-2025,2025-07-23,DASH_DD_MM_YYYY,False,False,1,True,False,TRUE,True,False,TRUE,True,False,TRUE,True,False,TRUE,True,False,5.0,0.0,100.0,0.0
INSP01894,2025-12-18,SCH0238,True,True,True,False,False,Kai Oak,Average,SCH0238,SCH0238,False,18-12-2025,2025-12-18,DASH_DD_MM_YYYY,False,False,Working,True,False,TRUE,True,False,TRUE,True,False,FALSE,False,False,Nahi,False,False,3.0,2.0,60.0,40.0
INSP01669,2025-04-07,SCH0080,False,True,True,False,True,Charan Sura,Needs repair,SCH0080,SCH0080,False,07.04.2025,2025-04-07,DOT_DD_MM_AMBIGUOUS,True,False,FALSE,False,False,TRUE,True,False,Working,True,False,Under Repair,False,False,Functional,True,False,3.0,2.0,60.0,40.0
INSP02001,2025-04-20,SCH0425,True,True,True,False,True,Jagvi Gour,,SCH0425,SCH0425,False,20-Apr-25,2025-04-20,TEXT_MONTH,False,False,TRUE,True,False,1,True,False,Functional,True,False,No,False,False,haan,True,False,4.0,1.0,80.0,20.0
INSP00476,2025-10-25,SCH0241,True,True,,True,False,Leela Palla,Toilets locked,SCH0241,SCH0241,False,25-Oct-25,2025-10-25,TEXT_MONTH,False,False,Yes,True,False,TRUE,True,False,,,True,1,True,False,N,False,False,3.0,1.0,60.0,20.0
INSP00518,2025-08-31,SCH0272,True,True,True,True,False,Alka Shere,No remarks,SCH-0272,SCH0272,True,31.08.2025,2025-08-31,DOT_DD_MM_YYYY,False,False,1,True,False,1,True,False,Y,True,False,Haan,True,False,N,False,False,4.0,1.0,80.0,20.0
INSP00405,2025-03-09,SCH0290,True,True,False,False,True,,Good condition,sch0290,SCH0290,True,03-09-2025,2025-03-09,DASH_MM_DD_AMBIGUOUS,True,False,TRUE,True,False,TRUE,True,False,FALSE,False,False,FALSE,False,False,TRUE,True,False,3.0,2.0,60.0,40.0
INSP00385,2026-03-05,SCH0387,True,True,True,True,True,Kritika Setty,Toilets locked,SCH0387,SCH0387,False,05.03.2026,2026-03-05,DOT_DD_MM_AMBIGUOUS,True,False,TRUE,True,False,Yes,True,False,TRUE,True,False,H,True,False,Hai,True,False,5.0,0.0,100.0,0.0
INSP02762,2025-04-09,SCH0238,False,False,True,,False,Faraj Sagar,No remarks,SCH-0238,SCH0238,True,09-Apr-25,2025-04-09,TEXT_MONTH,False,False,No,False,False,0,False,False,TRUE,True,False,,,True,na,False,False,1.0,3.0,20.0,60.0
INSP02153,2025-04-11,SCH0354,True,True,True,True,False,Vasatika Suresh,Needs repair,SCH0354,SCH0354,False,04-11-2025,2025-04-11,DASH_MM_DD_AMBIGUOUS,True,False,Yes,True,False,TRUE,True,False,TRUE,True,False,Available,True,False,FALSE,False,False,4.0,1.0,80.0,20.0
INSP01634,2026-01-16,SCH0469,,True,True,False,False,Chaman Chhabra,No remarks,sch0469,SCH0469,True,16-01-2026,2026-01-16,DASH_DD_MM_YYYY,False,False,,,True,Functional,True,False,TRUE,True,False,No,False,False,Nahi,False,False,2.0,2.0,40.0,40.0
INSP00689,2025-07-11,SCH0017,False,False,True,False,True,,,S0017,SCH0017,True,07-11-2025,2025-07-11,DASH_MM_DD_AMBIGUOUS,True,False,FALSE,False,False,FALSE,False,False,TRUE,True,False,Under Repair,False,False,TRUE,True,False,2.0,3.0,40.0,60.0
INSP01241,2025-07-18,SCH0170,False,True,True,,False,Jai Mandal,Toilets locked,SCH0170,SCH0170,False,18-07-2025,2025-07-18,DASH_DD_MM_YYYY,False,False,Nahi,False,False,TRUE,True,False,Yes,True,False,,,True,No,False,False,2.0,2.0,40.0,40.0
INSP00063,2025-07-20,SCH0464,True,True,True,True,False,Harsh Nagy,Average,S0464,SCH0464,True,20-07-2025,2025-07-20,DASH_DD_MM_YYYY,False,False,1,True,False,Working,True,False,Working,True,False,Working,True,False,No,False,False,4.0,1.0,80.0,20.0
INSP00853,2025-04-23,SCH0329,True,True,True,True,,Atharv Balakrishnan,Good condition,SCH0329,SCH0329,False,23-04-2025,2025-04-23,DASH_DD_MM_YYYY,False,False,TRUE,True,False,TRUE,True,False,Hai,True,False,TRUE,True,False,,,True,4.0,0.0,80.0,0.0
INSP02892,2026-02-03,SCH0225,False,True,True,False,True,Sai Ram,Toilets locked,SCH0225,SCH0225,False,02-03-2026,2026-02-03,DASH_MM_DD_AMBIGUOUS,True,False,Not Available,False,False,TRUE,True,False,TRUE,True,False,No,False,False,TRUE,True,False,3.0,2.0,60.0,40.0
INSP02606,2025-07-24,SCH0429,False,True,True,True,False,Ria Bedi,Needs repair,sch_0429,SCH0429,True,24.07.2025,2025-07-24,DOT_DD_MM_YYYY,False,False,FALSE,False,False,1,True,False,haan,True,False,TRUE,True,False,Not Available,False,False,3.0,2.0,60.0,40.0
INSP01263,2025-12-07,SCH0540,False,False,True,,True,Gabriel Jaggi,No remarks,SCH0540,SCH0540,False,07.12.2025,2025-12-07,DOT_DD_MM_AMBIGUOUS,True,False,FALSE,False,False,FALSE,False,False,TRUE,True,False,,,True,Haan,True,False,2.0,2.0,40.0,40.0
INSP00224,2025-12-13,SCH0562,True,True,False,False,True,Manan Patla,No remarks,sch0562,SCH0562,True,13-12-2025,2025-12-13,DASH_DD_MM_YYYY,False,False,TRUE,True,False,Y,True,False,FALSE,False,False,FALSE,False,False,TRUE,True,False,3.0,2.0,60.0,40.0
INSP02194,2025-08-22,SCH0263,False,False,True,False,True,Qarin Suri,Average,SCH0263,SCH0263,False,22-08-2025,2025-08-22,DASH_DD_MM_YYYY,False,False,FALSE,False,False,na,False,False,TRUE,True,False,0,False,False,Y,True,False,2.0,3.0,40.0,60.0
INSP00374,2025-07-04,SCH0017,True,True,True,True,True,Fitan Yogi,Needs repair,sch_0017,SCH0017,True,07-04-2025,2025-07-04,DASH_MM_DD_AMBIGUOUS,True,False,TRUE,True,False,Y,True,False,TRUE,True,False,TRUE,True,False,Available,True,False,5.0,0.0,100.0,0.0
INSP01825,2025-04-21,SCH0214,True,True,True,True,False,Lekha Chaudhari,Good condition,SCH0214,SCH0214,False,21-Apr-25,2025-04-21,TEXT_MONTH,False,False,TRUE,True,False,TRUE,True,False,1,True,False,H,True,False,Under Repair,False,False,4.0,1.0,80.0,20.0
INSP02668,2025-08-16,SCH0580,False,True,True,True,True,Upkaar Khurana,No remarks,sch0580,SCH0580,True,16.08.2025,2025-08-16,DOT_DD_MM_YYYY,False,False,FALSE,False,False,Functional,True,False,haan,True,False,Hai,True,False,TRUE,True,False,4.0,1.0,80.0,20.0
INSP02731,2026-11-01,SCH0585,True,True,True,True,True,Wakeeta Merchant,Needs repair,SCH0585,SCH0585,False,11-01-2026,2026-11-01,DASH_MM_DD_AMBIGUOUS,True,False,TRUE,True,False,Yes,True,False,TRUE,True,False,TRUE,True,False,TRUE,True,False,5.0,0.0,100.0,0.0
INSP02822,2026-01-13,SCH0432,,True,True,True,True,Zayyan Oza,Good condition,SCH0432,SCH0432,False,13-01-2026,2026-01-13,DASH_DD_MM_YYYY,False,False,,,True,Yes,True,False,TRUE,True,False,TRUE,True,False,Hai,True,False,4.0,0.0,80.0,0.0
INSP00010,2025-10-11,SCH0020,False,True,False,True,True,Wriddhish Golla,Needs repair,SCH-0020,SCH0020,True,10-11-2025,2025-10-11,DASH_MM_DD_AMBIGUOUS,True,False,Broken,False,False,haan,True,False,No,False,False,Hai,True,False,Available,True,False,3.0,2.0,60.0,40.0
INSP01945,2026-03-17,SCH0235,True,,True,False,True,Garima Devi,Good condition,SCH0235,SCH0235,False,17-Mar-26,2026-03-17,TEXT_MONTH,False,False,Y,True,False,,,True,TRUE,True,False,Not Available,False,False,TRUE,True,False,3.0,1.0,60.0,20.0
INSP01839,2025-11-18,SCH0497,True,True,True,False,,Mugdha Lad,Toilets locked,SCH-0497,SCH0497,True,11-18-2025,2025-11-18,DASH_MM_DD_YYYY,False,False,Y,True,False,TRUE,True,False,Hai,True,False,Nahi,False,False,,,True,3.0,1.0,60.0,20.0
INSP00709,2026-02-13,SCH0377,True,True,,True,True,Pooja D’Alia,No remarks,SCH-0377,SCH0377,True,02-13-2026,2026-02-13,DASH_MM_DD_YYYY,False,False,haan,True,False,Y,True,False,,,True,TRUE,True,False,TRUE,True,False,4.0,0.0,80.0,0.0
INSP00256,2026-03-07,SCH0478,,True,True,True,True,Yashasvi Gade,No remarks,SCH0478,SCH0478,False,07.03.2026,2026-03-07,DOT_DD_MM_AMBIGUOUS,True,False,,,True,haan,True,False,TRUE,True,False,TRUE,True,False,H,True,False,4.0,0.0,80.0,0.0
INSP01618,2025-11-22,SCH0116,False,,True,True,False,Upma Savant,No remarks,SCH0116,SCH0116,False,22-11-2025,2025-11-22,DASH_DD_MM_YYYY,False,False,FALSE,False,False,,,True,TRUE,True,False,TRUE,True,False,FALSE,False,False,2.0,2.0,40.0,40.0
INSP00390,2025-09-24,SCH0042,True,True,True,True,True,Xavier Keer,Needs repair,sch0042,SCH0042,True,09-24-2025,2025-09-24,DASH_MM_DD_YYYY,False,False,TRUE,True,False,TRUE,True,False,TRUE,True,False,Y,True,False,Yes,True,False,5.0,0.0,100.0,0.0
INSP01582,2025-01-12,SCH0279,True,True,True,False,False,Ojasvi Bassi,Needs repair,S0279,SCH0279,True,01-12-2025,2025-01-12,DASH_MM_DD_AMBIGUOUS,True,False,Hai,True,False,Functional,True,False,TRUE,True,False,FALSE,False,False,FALSE,False,False,3.0,2.0,60.0,40.0
INSP00925,2025-11-12,SCH0488,False,,True,False,True,Dalaja Nath,Good condition,SCH0488,SCH0488,False,11-12-2025,2025-11-12,DASH_MM_DD_AMBIGUOUS,True,False,0,False,False,,,True,haan,True,False,FALSE,False,False,Y,True,False,2.0,2.0,40.0,40.0
INSP02037,2025-09-03,SCH0410,True,True,True,True,True,Sarthak Bhatti,Toilets locked,sch_0410,SCH0410,True,09-03-2025,2025-09-03,DASH_MM_DD_AMBIGUOUS,True,False,TRUE,True,False,TRUE,True,False,Working,True,False,Haan,True,False,TRUE,True,False,5.0,0.0,100.0,0.0
INSP02527,2025-12-27,SCH0430,False,True,True,True,False,Chatresh Mohan,Good condition,S0430,SCH0430,True,27-12-2025,2025-12-27,DASH_DD_MM_YYYY,False,False,Nahi hai,False,False,TRUE,True,False,Y,True,False,TRUE,True,False,Under Repair,False,False,3.0,2.0,60.0,40.0
INSP01225,2025-06-21,SCH0596,False,True,,True,False,Janani Mitter,Needs repair,SCH0596,SCH0596,False,21.06.2025,2025-06-21,DOT_DD_MM_YYYY,False,False,N,False,False,1,True,False,,,True,Y,True,False,Nahi,False,False,2.0,2.0,40.0,40.0
INSP01947,2025-06-29,SCH0514,True,True,True,False,False,Nirja Toor,Average,sch_0514,SCH0514,True,06-29-2025,2025-06-29,DASH_MM_DD_YYYY,False,False,TRUE,True,False,TRUE,True,False,TRUE,True,False,Nahi hai,False,False,FALSE,False,False,3.0,2.0,60.0,40.0
INSP00740,2025-10-06,SCH0008,True,True,True,False,True,Praneel Chahal,Toilets locked,SCH0008,SCH0008,False,10-06-2025,2025-10-06,DASH_MM_DD_AMBIGUOUS,True,False,TRUE,True,False,TRUE,True,False,TRUE,True,False,FALSE,False,False,Yes,True,False,4.0,1.0,80.0,20.0
INSP00041,2025-09-22,SCH0116,True,True,True,True,,Tanveer Garde,Needs repair,sch0116,SCH0116,True,22.09.2025,2025-09-22,DOT_DD_MM_YYYY,False,False,TRUE,True,False,Available,True,False,Haan,True,False,TRUE,True,False,,,True,4.0,0.0,80.0,0.0
INSP00869,2026-02-21,SCH0441,True,True,True,False,True,Warinder Bhardwaj,Average,SCH0441,SCH0441,False,21-02-2026,2026-02-21,DASH_DD_MM_YYYY,False,False,haan,True,False,Y,True,False,TRUE,True,False,Nahi,False,False,TRUE,True,False,4.0,1.0,80.0,20.0
INSP00540,2025-10-01,SCH0067,True,True,False,True,True,Osha Kara,No remarks,SCH-0067,SCH0067,True,01.10.2025,2025-10-01,DOT_DD_MM_AMBIGUOUS,True,False,TRUE,True,False,H,True,False,N,False,False,1,True,False,Available,True,False,4.0,1.0,80.0,20.0
INSP01372,2026-01-08,SCH0206,False,True,False,True,False,Upma Guha,No remarks,206,SCH0206,True,08-Jan-26,2026-01-08,TEXT_MONTH,False,False,No,False,False,TRUE,True,False,FALSE,False,False,1,True,False,0,False,False,2.0,3.0,40.0,60.0
INSP01146,2025-04-22,SCH0341,True,True,True,True,False,Reyansh Yogi,Needs repair,SCH0341,SCH0341,False,22-04-2025,2025-04-22,DASH_DD_MM_YYYY,False,False,TRUE,True,False,Y,True,False,Available,True,False,TRUE,True,False,Nahi hai,False,False,4.0,1.0,80.0,20.0
INSP01032,2026-01-16,SCH0195,True,True,False,False,True,Aarnav Mittal,Average,sch_0195,SCH0195,True,16-Jan-26,2026-01-16,TEXT_MONTH,False,False,TRUE,True,False,TRUE,True,False,Nahi hai,False,False,0,False,False,TRUE,True,False,3.0,2.0,60.0,40.0
INSP00373,2025-04-26,SCH0524,True,False,False,True,True,Benjamin Modi,,S0524,SCH0524,True,26.04.2025,2025-04-26,DOT_DD_MM_YYYY,False,False,1,True,False,FALSE,False,False,FALSE,False,False,haan,True,False,H,True,False,3.0,2.0,60.0,40.0
INSP00668,2025-07-06,SCH0127,,True,True,True,False,Qabil Desai,Needs repair,sch_0127,SCH0127,True,06.07.2025,2025-07-06,DOT_DD_MM_AMBIGUOUS,True,False,,,True,Y,True,False,Hai,True,False,TRUE,True,False,FALSE,False,False,3.0,1.0,60.0,20.0
INSP00358,2026-02-25,SCH0051,True,True,True,False,True,Ekapad Bava,Toilets locked,SCH0051,SCH0051,False,02-25-2026,2026-02-25,DASH_MM_DD_YYYY,False,False,Functional,True,False,Yes,True,False,TRUE,True,False,FALSE,False,False,H,True,False,4.0,1.0,80.0,20.0
INSP00968,2026-02-23,SCH0203,True,True,True,True,True,Gavin Bera,Needs repair,S0203,SCH0203,True,02-23-2026,2026-02-23,DASH_MM_DD_YYYY,False,False,TRUE,True,False,haan,True,False,TRUE,True,False,Hai,True,False,TRUE,True,False,5.0,0.0,100.0,0.0
INSP01354,2025-04-20,SCH0506,True,True,True,True,False,Irya Amble,Average,SCH0506,SCH0506,False,20-04-2025,2025-04-20,DASH_DD_MM_YYYY,False,False,Haan,True,False,TRUE,True,False,Y,True,False,Y,True,False,FALSE,False,False,4.0,1.0,80.0,20.0
INSP01036,2026-01-24,SCH0586,True,True,True,True,True,Jack Rai,,SCH0586,SCH0586,False,24-01-2026,2026-01-24,DASH_DD_MM_YYYY,False,False,Working,True,False,Yes,True,False,H,True,False,Hai,True,False,haan,True,False,5.0,0.0,100.0,0.0
INSP00471,2025-06-12,SCH0042,True,True,True,True,,,No remarks,SCH-0042,SCH0042,True,06-12-2025,2025-06-12,DASH_MM_DD_AMBIGUOUS,True,False,Working,True,False,Functional,True,False,haan,True,False,TRUE,True,False,,,True,4.0,0.0,80.0,0.0
INSP01397,2026-02-13,SCH0596,False,True,True,False,False,Hamsini Sekhon,Good condition,SCH-0596,SCH0596,True,13.02.2026,2026-02-13,DOT_DD_MM_YYYY,False,False,FALSE,False,False,TRUE,True,False,Hai,True,False,Kharab,False,False,FALSE,False,False,2.0,3.0,40.0,60.0
INSP02756,2025-05-21,SCH0252,True,False,True,,True,Saksham Hora,,sch0252,SCH0252,True,21-05-2025,2025-05-21,DASH_DD_MM_YYYY,False,False,TRUE,True,False,No,False,False,TRUE,True,False,,,True,TRUE,True,False,3.0,1.0,60.0,20.0
INSP01550,2025-08-11,SCH0403,False,,False,True,True,Teerth Narain,No remarks,SCH0403,SCH0403,False,08-11-2025,2025-08-11,DASH_MM_DD_AMBIGUOUS,True,False,FALSE,False,False,,,True,0,False,False,TRUE,True,False,H,True,False,2.0,2.0,40.0,40.0
INSP01257,2025-09-18,SCH0192,True,True,False,False,False,,Needs repair,sch_0192,SCH0192,True,18-Sep-25,2025-09-18,TEXT_MONTH,False,False,haan,True,False,Hai,True,False,Nahi hai,False,False,Nahi,False,False,Broken,False,False,2.0,3.0,40.0,60.0
INSP02095,2025-06-07,SCH0258,True,True,True,False,True,Bakhshi Bali,Good condition,sch_0258,SCH0258,True,07.06.2025,2025-06-07,DOT_DD_MM_AMBIGUOUS,True,False,TRUE,True,False,1,True,False,Hai,True,False,Kharab,False,False,TRUE,True,False,4.0,1.0,80.0,20.0
INSP01556,2026-03-18,SCH0331,True,True,True,True,True,,Needs repair,SCH0331,SCH0331,False,18-Mar-26,2026-03-18,TEXT_MONTH,False,False,TRUE,True,False,TRUE,True,False,TRUE,True,False,TRUE,True,False,1,True,False,5.0,0.0,100.0,0.0
INSP02722,2025-12-01,SCH0084,True,True,True,False,False,Madhav Dhawan,Good condition,sch_0084,SCH0084,True,12-01-2025,2025-12-01,DASH_MM_DD_AMBIGUOUS,True,False,Working,True,False,1,True,False,TRUE,True,False,FALSE,False,False,FALSE,False,False,3.0,2.0,60.0,40.0
INSP01251,2025-10-24,SCH0232,True,True,True,False,False,Ekanta Kuruvilla,Good condition,SCH0232,SCH0232,False,10-24-2025,2025-10-24,DASH_MM_DD_YYYY,False,False,TRUE,True,False,1,True,False,Working,True,False,FALSE,False,False,FALSE,False,False,3.0,2.0,60.0,40.0
INSP01700,2025-12-07,SCH0208,False,True,True,False,False,Kamala Murty,Average,SCH-0208,SCH0208,True,07.12.2025,2025-12-07,DOT_DD_MM_AMBIGUOUS,True,False,Nahi hai,False,False,TRUE,True,False,TRUE,True,False,FALSE,False,False,FALSE,False,False,2.0,3.0,40.0,60.0
INSP01253,2025-04-05,SCH0421,True,True,,True,,,,SCH-0421,SCH0421,True,04-05-2025,2025-04-05,DASH_MM_DD_AMBIGUOUS,True,False,haan,True,False,Yes,True,False,,,True,TRUE,True,False,,,True,3.0,0.0,60.0,0.0
INSP02923,2025-08-28,SCH0344,True,True,True,False,False,Darpan Dhaliwal,No remarks,S0344,SCH0344,True,28-08-2025,2025-08-28,DASH_DD_MM_YYYY,False,False,TRUE,True,False,TRUE,True,False,Functional,True,False,FALSE,False,False,FALSE,False,False,3.0,2.0,60.0,40.0
INSP00080,2025-10-01,SCH0526,False,False,False,True,False,Jasmit Sampath,Average,SCH0526,SCH0526,False,01.10.2025,2025-10-01,DOT_DD_MM_AMBIGUOUS,True,False,FALSE,False,False,Nahi hai,False,False,FALSE,False,False,TRUE,True,False,Nahi,False,False,1.0,4.0,20.0,80.0
INSP01173,2026-01-11,SCH0398,False,True,True,True,True,,Good condition,sch0398,SCH0398,True,01-11-2026,2026-01-11,DASH_MM_DD_AMBIGUOUS,True,False,FALSE,False,False,1,True,False,Yes,True,False,TRUE,True,False,TRUE,True,False,4.0,1.0,80.0,20.0
INSP00815,2025-09-22,SCH0419,True,True,True,True,True,Ayaan Din,Toilets locked,sch0419,SCH0419,True,22-09-2025,2025-09-22,DASH_DD_MM_YYYY,False,False,TRUE,True,False,TRUE,True,False,TRUE,True,False,TRUE,True,False,TRUE,True,False,5.0,0.0,100.0,0.0
INSP01853,2025-08-16,SCH0132,True,,True,False,True,Advik Korpal,Good condition,sch_0132,SCH0132,True,16-08-2025,2025-08-16,DASH_DD_MM_YYYY,False,False,TRUE,True,False,,,True,TRUE,True,False,FALSE,False,False,TRUE,True,False,3.0,1.0,60.0,20.0
INSP02221,2026-03-26,SCH0499,False,True,,True,False,,Good condition,sch_0499,SCH0499,True,26.03.2026,2026-03-26,DOT_DD_MM_YYYY,False,False,FALSE,False,False,Functional,True,False,,,True,haan,True,False,0,False,False,2.0,2.0,40.0,40.0
INSP02765,2025-11-09,SCH0103,False,True,True,False,False,Pratyush Khosla,No remarks,SCH0103,SCH0103,False,11-09-2025,2025-11-09,DASH_MM_DD_AMBIGUOUS,True,False,na,False,False,1,True,False,TRUE,True,False,FALSE,False,False,No,False,False,2.0,3.0,40.0,60.0
INSP02106,2025-04-07,SCH0466,True,True,True,True,True,Elijah Dugar,Good condition,SCH-0466,SCH0466,True,04-07-2025,2025-04-07,DASH_MM_DD_AMBIGUOUS,True,False,Y,True,False,TRUE,True,False,TRUE,True,False,TRUE,True,False,Y,True,False,5.0,0.0,100.0,0.0
INSP00134,2025-04-24,SCH0266,True,True,True,True,False,Hredhaan Shere,Needs repair,sch_0266,SCH0266,True,24-04-2025,2025-04-24,DASH_DD_MM_YYYY,False,False,TRUE,True,False,TRUE,True,False,TRUE,True,False,Haan,True,False,FALSE,False,False,4.0,1.0,80.0,20.0
INSP01141,2025-09-23,SCH0018,True,True,True,False,False,,,SCH-0018,SCH0018,True,09-23-2025,2025-09-23,DASH_MM_DD_YYYY,False,False,TRUE,True,False,H,True,False,TRUE,True,False,N,False,False,Nahi,False,False,3.0,2.0,60.0,40.0
INSP00934,2026-01-24,SCH0156,True,True,True,True,False,Nitesh Varughese,Toilets locked,SCH0156,SCH0156,False,24-01-2026,2026-01-24,DASH_DD_MM_YYYY,False,False,H,True,False,Working,True,False,Hai,True,False,TRUE,True,False,FALSE,False,False,4.0,1.0,80.0,20.0
INSP00929,2025-01-04,SCH0534,True,False,,,False,Noah Deol,No remarks,sch_0534,SCH0534,True,01-04-2025,2025-01-04,DASH_MM_DD_AMBIGUOUS,True,False,Hai,True,False,0,False,False,,,True,,,True,N,False,False,1.0,2.0,20.0,40.0
INSP00824,2025-11-17,SCH0427,True,True,True,,,Harsh Konda,Average,SCH0427,SCH0427,False,17-11-2025,2025-11-17,DASH_DD_MM_YYYY,False,False,TRUE,True,False,Functional,True,False,Haan,True,False,,,True,,,True,3.0,0.0,60.0,0.0
INSP01532,2025-05-12,SCH0003,True,True,True,True,True,Bakhshi Butala,Toilets locked,SCH-0003,SCH0003,True,05-12-2025,2025-05-12,DASH_MM_DD_AMBIGUOUS,True,False,TRUE,True,False,Yes,True,False,H,True,False,TRUE,True,False,Working,True,False,5.0,0.0,100.0,0.0
INSP01215,2025-06-28,SCH0143,False,True,False,True,False,Jason Gill,Average,SCH0143,SCH0143,False,28-06-2025,2025-06-28,DASH_DD_MM_YYYY,False,False,FALSE,False,False,Functional,True,False,N,False,False,TRUE,True,False,N,False,False,2.0,3.0,40.0,60.0
INSP00505,2026-02-25,SCH0109,False,True,True,True,False,Ekavir Tara,,SCH0109,SCH0109,False,25-Feb-26,2026-02-25,TEXT_MONTH,False,False,FALSE,False,False,TRUE,True,False,TRUE,True,False,Working,True,False,Nahi hai,False,False,3.0,2.0,60.0,40.0
INSP02396,2025-12-09,SCH0579,False,True,True,False,False,Alka Dua,Needs repair,SCH-0579,SCH0579,True,12-09-2025,2025-12-09,DASH_MM_DD_AMBIGUOUS,True,False,FALSE,False,False,1,True,False,TRUE,True,False,FALSE,False,False,FALSE,False,False,2.0,3.0,40.0,60.0
INSP01997,2025-06-14,SCH0142,True,True,True,True,,,Needs repair,sch0142,SCH0142,True,14-06-2025,2025-06-14,DASH_DD_MM_YYYY,False,False,H,True,False,TRUE,True,False,Functional,True,False,TRUE,True,False,,,True,4.0,0.0,80.0,0.0
INSP02435,2025-04-17,SCH0249,True,False,True,False,True,,Average,249,SCH0249,True,17-Apr-25,2025-04-17,TEXT_MONTH,False,False,Available,True,False,na,False,False,TRUE,True,False,FALSE,False,False,TRUE,True,False,3.0,2.0,60.0,40.0
INSP01959,2025-05-22,SCH0567,False,False,True,True,True,Hredhaan Madan,Good condition,SCH0567,SCH0567,False,22.05.2025,2025-05-22,DOT_DD_MM_YYYY,False,False,Not Available,False,False,FALSE,False,False,TRUE,True,False,1,True,False,Haan,True,False,3.0,2.0,60.0,40.0
INSP01385,2025-11-18,SCH0212,True,True,True,True,False,Shravya Aggarwal,No remarks,S0212,SCH0212,True,18-11-2025,2025-11-18,DASH_DD_MM_YYYY,False,False,TRUE,True,False,Available,True,False,TRUE,True,False,Yes,True,False,Nahi,False,False,4.0,1.0,80.0,20.0
INSP00895,2026-01-17,SCH0204,True,True,True,False,False,Vasana Chaudhuri,No remarks,SCH-0204,SCH0204,True,17-01-2026,2026-01-17,DASH_DD_MM_YYYY,False,False,TRUE,True,False,TRUE,True,False,1,True,False,FALSE,False,False,FALSE,False,False,3.0,2.0,60.0,40.0
INSP00829,2025-11-14,SCH0086,True,True,False,True,True,Amara Choudhry,Good condition,SCH0086,SCH0086,False,14.11.2025,2025-11-14,DOT_DD_MM_YYYY,False,False,TRUE,True,False,Haan,True,False,No,False,False,TRUE,True,False,Yes,True,False,4.0,1.0,80.0,20.0
INSP02524,2025-04-23,SCH0558,True,True,True,True,False,Harrison Bhatnagar,Good condition,SCH0558,SCH0558,False,23-04-2025,2025-04-23,DASH_DD_MM_YYYY,False,False,TRUE,True,False,Functional,True,False,TRUE,True,False,1,True,False,No,False,False,4.0,1.0,80.0,20.0
INSP01684,2025-09-19,SCH0248,True,True,True,False,True,Ekalinga Sachdeva,,SCH0248,SCH0248,False,19-09-2025,2025-09-19,DASH_DD_MM_YYYY,False,False,Haan,True,False,TRUE,True,False,TRUE,True,False,FALSE,False,False,TRUE,True,False,4.0,1.0,80.0,20.0
INSP02707,2025-12-03,SCH0472,True,True,True,True,,Aarush Agate,Toilets locked,SCH0472,SCH0472,False,12-03-2025,2025-12-03,DASH_MM_DD_AMBIGUOUS,True,False,TRUE,True,False,TRUE,True,False,Hai,True,False,TRUE,True,False,,,True,4.0,0.0,80.0,0.0
INSP02643,2025-07-31,SCH0183,True,True,True,True,True,Samuel Dugar,Needs repair,SCH0183,SCH0183,False,07-31-2025,2025-07-31,DASH_MM_DD_YYYY,False,False,Haan,True,False,Hai,True,False,Haan,True,False,haan,True,False,TRUE,True,False,5.0,0.0,100.0,0.0
INSP00653,2026-07-02,SCH0572,True,True,False,False,False,Aarini Narasimhan,,SCH0572,SCH0572,False,07-02-2026,2026-07-02,DASH_MM_DD_AMBIGUOUS,True,False,Yes,True,False,TRUE,True,False,Nahi,False,False,N,False,False,FALSE,False,False,2.0,3.0,40.0,60.0
INSP00173,2025-07-06,SCH0151,True,True,True,True,,,Good condition,S0151,SCH0151,True,06.07.2025,2025-07-06,DOT_DD_MM_AMBIGUOUS,True,False,H,True,False,Y,True,False,Working,True,False,TRUE,True,False,,,True,4.0,0.0,80.0,0.0
INSP00039,2025-09-18,SCH0246,False,True,False,True,True,Ikshita Lanka,Needs repair,SCH0246,SCH0246,False,18-09-2025,2025-09-18,DASH_DD_MM_YYYY,False,False,No,False,False,Y,True,False,na,False,False,Y,True,False,H,True,False,3.0,2.0,60.0,40.0
INSP00714,2026-01-24,SCH0147,True,True,True,,True,Anamika Borde,No remarks,SCH0147,SCH0147,False,24-01-2026,2026-01-24,DASH_DD_MM_YYYY,False,False,TRUE,True,False,Yes,True,False,haan,True,False,,,True,TRUE,True,False,4.0,0.0,80.0,0.0
INSP00091,2026-01-06,SCH0496,True,True,False,True,True,Triveni Rao,Average,SCH0496,SCH0496,False,06-Jan-26,2026-01-06,TEXT_MONTH,False,False,haan,True,False,TRUE,True,False,FALSE,False,False,TRUE,True,False,TRUE,True,False,4.0,1.0,80.0,20.0
INSP01206,2025-07-17,SCH0278,True,True,True,True,False,,No remarks,sch_0278,SCH0278,True,17.07.2025,2025-07-17,DOT_DD_MM_YYYY,False,False,H,True,False,Hai,True,False,TRUE,True,False,Haan,True,False,FALSE,False,False,4.0,1.0,80.0,20.0
INSP02603,2025-09-15,SCH0203,True,False,True,True,True,Qushi Merchant,Needs repair,sch0203,SCH0203,True,15-09-2025,2025-09-15,DASH_DD_MM_YYYY,False,False,TRUE,True,False,FALSE,False,False,haan,True,False,1,True,False,TRUE,True,False,4.0,1.0,80.0,20.0
INSP02718,2026-02-20,SCH0318,True,True,,True,False,Manan Joshi,Good condition,SCH-0318,SCH0318,True,20-02-2026,2026-02-20,DASH_DD_MM_YYYY,False,False,H,True,False,TRUE,True,False,,,True,TRUE,True,False,FALSE,False,False,3.0,1.0,60.0,20.0
INSP01828,2026-01-25,SCH0586,True,True,True,True,False,,Average,SCH0586,SCH0586,False,25-01-2026,2026-01-25,DASH_DD_MM_YYYY,False,False,TRUE,True,False,TRUE,True,False,haan,True,False,TRUE,True,False,N,False,False,4.0,1.0,80.0,20.0
INSP01156,2025-03-08,SCH0214,True,True,False,False,False,Logan Kuruvilla,Needs repair,SCH0214,SCH0214,False,03-08-2025,2025-03-08,DASH_MM_DD_AMBIGUOUS,True,False,TRUE,True,False,TRUE,True,False,Broken,False,False,FALSE,False,False,FALSE,False,False,2.0,3.0,40.0,60.0
INSP01325,2026-03-13,SCH0278,True,True,True,True,False,Isaac Prabhakar,Average,SCH0278,SCH0278,False,13-03-2026,2026-03-13,DASH_DD_MM_YYYY,False,False,TRUE,True,False,Haan,True,False,Y,True,False,Hai,True,False,FALSE,False,False,4.0,1.0,80.0,20.0
INSP00217,2026-02-18,SCH0082,True,True,True,True,False,Ekani Sahni,No remarks,sch_0082,SCH0082,True,18-02-2026,2026-02-18,DASH_DD_MM_YYYY,False,False,Functional,True,False,haan,True,False,Yes,True,False,TRUE,True,False,FALSE,False,False,4.0,1.0,80.0,20.0
INSP00511,2026-01-20,SCH0265,False,True,False,False,False,Turvi Sundaram,Toilets locked,SCH0265,SCH0265,False,20-01-2026,2026-01-20,DASH_DD_MM_YYYY,False,False,FALSE,False,False,TRUE,True,False,FALSE,False,False,Nahi hai,False,False,No,False,False,1.0,4.0,20.0,80.0
INSP01681,2025-07-10,SCH0037,True,True,False,True,False,Anjali Dua,Good condition,sch0037,SCH0037,True,10-Jul-25,2025-07-10,TEXT_MONTH,False,False,Yes,True,False,Hai,True,False,Kharab,False,False,TRUE,True,False,0,False,False,3.0,2.0,60.0,40.0
INSP00500,2025-08-23,SCH0062,False,True,False,True,True,Ekta Pandey,,SCH-0062,SCH0062,True,23-08-2025,2025-08-23,DASH_DD_MM_YYYY,False,False,na,False,False,TRUE,True,False,Broken,False,False,Functional,True,False,H,True,False,3.0,2.0,60.0,40.0
INSP02609,2025-09-10,SCH0057,True,,False,True,False,Manbir Sood,No remarks,SCH-0057,SCH0057,True,10.09.2025,2025-09-10,DOT_DD_MM_AMBIGUOUS,True,False,TRUE,True,False,,,True,0,False,False,TRUE,True,False,0,False,False,2.0,2.0,40.0,40.0
INSP01857,2025-04-11,SCH0436,False,True,True,False,True,Amol Dutta,Needs repair,SCH0436,SCH0436,False,04-11-2025,2025-04-11,DASH_MM_DD_AMBIGUOUS,True,False,FALSE,False,False,TRUE,True,False,TRUE,True,False,FALSE,False,False,haan,True,False,3.0,2.0,60.0,40.0
INSP01389,2025-05-26,SCH0306,True,True,True,False,True,Omaja Bal,No remarks,S0306,SCH0306,True,26-05-2025,2025-05-26,DASH_DD_MM_YYYY,False,False,Yes,True,False,haan,True,False,TRUE,True,False,na,False,False,Y,True,False,4.0,1.0,80.0,20.0
INSP01520,2025-04-23,SCH0498,False,True,True,False,False,,Toilets locked,SCH0498,SCH0498,False,23-Apr-25,2025-04-23,TEXT_MONTH,False,False,Nahi hai,False,False,TRUE,True,False,H,True,False,FALSE,False,False,FALSE,False,False,2.0,3.0,40.0,60.0
INSP02387,2025-07-11,SCH0062,True,True,False,True,False,Unni Chauhan,Needs repair,sch0062,SCH0062,True,11.07.2025,2025-07-11,DOT_DD_MM_AMBIGUOUS,True,False,H,True,False,1,True,False,FALSE,False,False,Y,True,False,FALSE,False,False,3.0,2.0,60.0,40.0
INSP02861,2025-08-16,SCH0016,True,True,False,True,True,Vrishti Goel,Toilets locked,sch0016,SCH0016,True,16-08-2025,2025-08-16,DASH_DD_MM_YYYY,False,False,Functional,True,False,TRUE,True,False,Nahi hai,False,False,Haan,True,False,TRUE,True,False,4.0,1.0,80.0,20.0
INSP02077,2025-07-17,SCH0077,,False,True,True,False,David Patel,Average,sch0077,SCH0077,True,07-17-2025,2025-07-17,DASH_MM_DD_YYYY,False,False,,,True,FALSE,False,False,TRUE,True,False,TRUE,True,False,FALSE,False,False,2.0,2.0,40.0,40.0
INSP01541,2026-01-23,SCH0123,False,False,True,True,True,Yagnesh Buch,Average,SCH0123,SCH0123,False,23.01.2026,2026-01-23,DOT_DD_MM_YYYY,False,False,FALSE,False,False,na,False,False,TRUE,True,False,TRUE,True,False,TRUE,True,False,3.0,2.0,60.0,40.0
INSP01218,2025-12-12,SCH0433,True,True,True,True,False,Priya Sen,,SCH0433,SCH0433,False,12-Dec-25,2025-12-12,TEXT_MONTH,False,False,TRUE,True,False,TRUE,True,False,TRUE,True,False,TRUE,True,False,FALSE,False,False,4.0,1.0,80.0,20.0
INSP01417,2025-07-19,SCH0094,True,True,True,True,,Reyansh Tara,Needs repair,SCH0094,SCH0094,False,07-19-2025,2025-07-19,DASH_MM_DD_YYYY,False,False,haan,True,False,TRUE,True,False,Yes,True,False,TRUE,True,False,,,True,4.0,0.0,80.0,0.0
INSP02218,2026-01-26,SCH0013,True,True,True,True,True,Yashodhara Gopal,Average,SCH0013,SCH0013,False,26-01-2026,2026-01-26,DASH_DD_MM_YYYY,False,False,TRUE,True,False,Hai,True,False,TRUE,True,False,TRUE,True,False,TRUE,True,False,5.0,0.0,100.0,0.0
INSP02650,2025-11-04,SCH0582,True,True,True,,False,Nicholas Garg,Toilets locked,SCH0582,SCH0582,False,04-Nov-25,2025-11-04,TEXT_MONTH,False,False,1,True,False,TRUE,True,False,Functional,True,False,,,True,No,False,False,3.0,1.0,60.0,20.0
INSP01677,2025-10-19,SCH0599,True,True,True,False,True,Tanvi Kannan,Average,sch_0599,SCH0599,True,19-10-2025,2025-10-19,DASH_DD_MM_YYYY,False,False,TRUE,True,False,1,True,False,Yes,True,False,FALSE,False,False,TRUE,True,False,4.0,1.0,80.0,20.0
INSP01198,2025-04-28,SCH0322,True,True,False,False,False,Panini Narang,Needs repair,SCH0322,SCH0322,False,28.04.2025,2025-04-28,DOT_DD_MM_YYYY,False,False,TRUE,True,False,haan,True,False,na,False,False,FALSE,False,False,No,False,False,2.0,3.0,40.0,60.0
INSP01543,2025-04-23,SCH0365,True,,True,False,False,Vritti Bassi,Average,SCH-0365,SCH0365,True,23-04-2025,2025-04-23,DASH_DD_MM_YYYY,False,False,1,True,False,,,True,TRUE,True,False,FALSE,False,False,FALSE,False,False,2.0,2.0,40.0,40.0
INSP02540,2025-06-22,SCH0230,True,True,True,True,True,Hemal Jain,Good condition,SCH0230,SCH0230,False,06-22-2025,2025-06-22,DASH_MM_DD_YYYY,False,False,Yes,True,False,H,True,False,TRUE,True,False,TRUE,True,False,TRUE,True,False,5.0,0.0,100.0,0.0
INSP00954,2025-10-30,SCH0158,True,True,True,False,,Vritti Tara,Average,sch_0158,SCH0158,True,30-10-2025,2025-10-30,DASH_DD_MM_YYYY,False,False,1,True,False,TRUE,True,False,Haan,True,False,FALSE,False,False,,,True,3.0,1.0,60.0,20.0
INSP00751,2025-08-23,SCH0538,False,True,True,False,True,Lohit Karpe,Needs repair,SCH0538,SCH0538,False,23-08-2025,2025-08-23,DASH_DD_MM_YYYY,False,False,Not Available,False,False,Yes,True,False,Yes,True,False,na,False,False,TRUE,True,False,3.0,2.0,60.0,40.0
INSP00235,2025-10-04,SCH0222,False,True,,False,,Isha Devan,Toilets locked,sch_0222,SCH0222,True,10-04-2025,2025-10-04,DASH_MM_DD_AMBIGUOUS,True,False,na,False,False,Haan,True,False,,,True,na,False,False,,,True,1.0,2.0,20.0,40.0
INSP00733,2025-04-04,SCH0235,True,True,True,False,False,Anamika Srivastava,No remarks,235,SCH0235,True,04-04-2025,2025-04-04,DASH_MM_DD_AMBIGUOUS,True,False,TRUE,True,False,Haan,True,False,Y,True,False,N,False,False,FALSE,False,False,3.0,2.0,60.0,40.0
INSP01157,2025-08-11,SCH0361,True,True,False,True,True,Wishi Bhardwaj,Good condition,SCH0361,SCH0361,False,11.08.2025,2025-08-11,DOT_DD_MM_AMBIGUOUS,True,False,Y,True,False,TRUE,True,False,Nahi hai,False,False,Yes,True,False,haan,True,False,4.0,1.0,80.0,20.0
INSP02706,2026-02-28,SCH0450,False,True,True,False,True,Yoshita Jani,Good condition,SCH0450,SCH0450,False,28-02-2026,2026-02-28,DASH_DD_MM_YYYY,False,False,FALSE,False,False,TRUE,True,False,haan,True,False,0,False,False,1,True,False,3.0,2.0,60.0,40.0
INSP02446,2025-05-01,SCH0338,True,False,True,True,True,Urmi Thakur,Toilets locked,sch_0338,SCH0338,True,01.05.2025,2025-05-01,DOT_DD_MM_AMBIGUOUS,True,False,Haan,True,False,FALSE,False,False,TRUE,True,False,1,True,False,Haan,True,False,4.0,1.0,80.0,20.0
INSP01210,2026-02-04,SCH0287,False,True,True,True,True,,Good condition,S0287,SCH0287,True,02-04-2026,2026-02-04,DASH_MM_DD_AMBIGUOUS,True,False,FALSE,False,False,Yes,True,False,Y,True,False,TRUE,True,False,H,True,False,4.0,1.0,80.0,20.0
INSP01066,2025-10-16,SCH0334,True,True,True,False,False,Zarna Oommen,Needs repair,sch0334,SCH0334,True,16.10.2025,2025-10-16,DOT_DD_MM_YYYY,False,False,Available,True,False,Yes,True,False,TRUE,True,False,FALSE,False,False,FALSE,False,False,3.0,2.0,60.0,40.0
INSP02157,2026-01-25,SCH0488,True,True,False,True,False,Samaksh Pant,Toilets locked,SCH0488,SCH0488,False,25-01-2026,2026-01-25,DASH_DD_MM_YYYY,False,False,TRUE,True,False,Y,True,False,Nahi hai,False,False,Y,True,False,No,False,False,3.0,2.0,60.0,40.0
INSP01063,2025-05-30,SCH0554,True,False,True,False,True,Siddharth Divan,No remarks,554,SCH0554,True,30-05-2025,2025-05-30,DASH_DD_MM_YYYY,False,False,TRUE,True,False,Kharab,False,False,TRUE,True,False,na,False,False,Y,True,False,3.0,2.0,60.0,40.0
INSP01168,2025-11-10,SCH0442,False,True,True,True,True,Ranveer Yohannan,Average,SCH-0442,SCH0442,True,11-10-2025,2025-11-10,DASH_MM_DD_AMBIGUOUS,True,False,FALSE,False,False,TRUE,True,False,1,True,False,Hai,True,False,TRUE,True,False,4.0,1.0,80.0,20.0
INSP01493,2025-04-12,SCH0330,True,True,True,True,True,Chaitanya Chand,Average,SCH-0330,SCH0330,True,04-12-2025,2025-04-12,DASH_MM_DD_AMBIGUOUS,True,False,TRUE,True,False,Yes,True,False,TRUE,True,False,TRUE,True,False,Y,True,False,5.0,0.0,100.0,0.0
INSP00885,2025-12-11,SCH0531,,True,True,False,False,,Good condition,SCH0531,SCH0531,False,12-11-2025,2025-12-11,DASH_MM_DD_AMBIGUOUS,True,False,,,True,TRUE,True,False,Haan,True,False,FALSE,False,False,FALSE,False,False,2.0,2.0,40.0,40.0
INSP00144,2025-05-22,SCH0229,True,True,False,False,True,Brijesh Yadav,Toilets locked,SCH0229,SCH0229,False,22.05.2025,2025-05-22,DOT_DD_MM_YYYY,False,False,Hai,True,False,Y,True,False,Nahi hai,False,False,No,False,False,TRUE,True,False,3.0,2.0,60.0,40.0
INSP00851,2026-01-17,SCH0412,,True,True,False,True,Devansh Sanghvi,,412,SCH0412,True,17-01-2026,2026-01-17,DASH_DD_MM_YYYY,False,False,,,True,TRUE,True,False,TRUE,True,False,na,False,False,Yes,True,False,3.0,1.0,60.0,20.0
INSP00718,2025-09-09,SCH0555,True,True,True,True,False,,No remarks,sch0555,SCH0555,True,09.09.2025,2025-09-09,DOT_DD_MM_AMBIGUOUS,True,False,Y,True,False,H,True,False,Haan,True,False,TRUE,True,False,na,False,False,4.0,1.0,80.0,20.0
INSP02985,2025-12-04,SCH0271,True,True,True,False,False,Adya Vasa,Average,sch_0271,SCH0271,True,04.12.2025,2025-12-04,DOT_DD_MM_AMBIGUOUS,True,False,TRUE,True,False,TRUE,True,False,H,True,False,FALSE,False,False,Nahi,False,False,3.0,2.0,60.0,40.0
INSP02503,2025-08-06,SCH0196,False,True,True,True,True,Lavanya Talwar,No remarks,SCH0196,SCH0196,False,08-06-2025,2025-08-06,DASH_MM_DD_AMBIGUOUS,True,False,FALSE,False,False,Yes,True,False,Yes,True,False,TRUE,True,False,Y,True,False,4.0,1.0,80.0,20.0
INSP00265,2025-06-13,SCH0321,True,,,True,False,Chavvi Upadhyay,No remarks,sch_0321,SCH0321,True,13-Jun-25,2025-06-13,TEXT_MONTH,False,False,Functional,True,False,,,True,,,True,TRUE,True,False,Under Repair,False,False,2.0,1.0,40.0,20.0
INSP00076,2026-01-22,SCH0330,True,True,True,True,False,Girik Venkatesh,,S0330,SCH0330,True,22-01-2026,2026-01-22,DASH_DD_MM_YYYY,False,False,TRUE,True,False,TRUE,True,False,Yes,True,False,Yes,True,False,No,False,False,4.0,1.0,80.0,20.0
INSP02493,2025-11-16,SCH0339,True,False,True,True,True,Meghana Sehgal,No remarks,S0339,SCH0339,True,16.11.2025,2025-11-16,DOT_DD_MM_YYYY,False,False,TRUE,True,False,Kharab,False,False,TRUE,True,False,Hai,True,False,Functional,True,False,4.0,1.0,80.0,20.0
INSP00396,2025-10-19,SCH0593,True,True,False,False,True,Chandran Solanki,,S0593,SCH0593,True,19-10-2025,2025-10-19,DASH_DD_MM_YYYY,False,False,TRUE,True,False,Yes,True,False,FALSE,False,False,No,False,False,TRUE,True,False,3.0,2.0,60.0,40.0
INSP02678,2025-11-19,SCH0451,True,True,True,False,True,Fariq Dixit,No remarks,SCH0451,SCH0451,False,11-19-2025,2025-11-19,DASH_MM_DD_YYYY,False,False,TRUE,True,False,TRUE,True,False,TRUE,True,False,FALSE,False,False,TRUE,True,False,4.0,1.0,80.0,20.0
INSP02225,2025-10-18,SCH0263,False,True,True,False,False,Falguni Ramanathan,Toilets locked,sch_0263,SCH0263,True,18-10-2025,2025-10-18,DASH_DD_MM_YYYY,False,False,FALSE,False,False,Haan,True,False,TRUE,True,False,FALSE,False,False,FALSE,False,False,2.0,3.0,40.0,60.0
INSP02942,2025-02-07,SCH0254,False,False,True,,False,Yash Bhakta,Average,SCH0254,SCH0254,False,02-07-2025,2025-02-07,DASH_MM_DD_AMBIGUOUS,True,False,FALSE,False,False,FALSE,False,False,TRUE,True,False,,,True,FALSE,False,False,1.0,3.0,20.0,60.0
INSP00397,2025-08-28,SCH0572,True,True,,False,False,Gaurang Soni,Toilets locked,sch_0572,SCH0572,True,28.08.2025,2025-08-28,DOT_DD_MM_YYYY,False,False,TRUE,True,False,Hai,True,False,,,True,FALSE,False,False,FALSE,False,False,2.0,2.0,40.0,40.0
INSP01366,2025-07-14,SCH0012,True,False,False,False,,,Needs repair,sch_0012,SCH0012,True,14.07.2025,2025-07-14,DOT_DD_MM_YYYY,False,False,1,True,False,FALSE,False,False,Under Repair,False,False,Nahi hai,False,False,,,True,1.0,3.0,20.0,60.0
INSP02631,2026-04-03,SCH0527,False,True,True,True,,Ayushman Apte,Toilets locked,sch0527,SCH0527,True,04-03-2026,2026-04-03,DASH_MM_DD_AMBIGUOUS,True,False,FALSE,False,False,TRUE,True,False,H,True,False,Hai,True,False,,,True,3.0,1.0,60.0,20.0
INSP01904,2026-02-14,SCH0289,False,True,False,True,False,Chaman Hans,Needs repair,SCH-0289,SCH0289,True,14-Feb-26,2026-02-14,TEXT_MONTH,False,False,Nahi hai,False,False,TRUE,True,False,na,False,False,haan,True,False,FALSE,False,False,2.0,3.0,40.0,60.0
INSP00596,2025-12-14,SCH0055,True,False,True,True,False,Sanya Bhargava,No remarks,55,SCH0055,True,12-14-2025,2025-12-14,DASH_MM_DD_YYYY,False,False,Hai,True,False,0,False,False,1,True,False,TRUE,True,False,FALSE,False,False,3.0,2.0,60.0,40.0
INSP02110,2025-10-07,SCH0565,True,True,True,False,False,Jagdish Kothari,Good condition,SCH0565,SCH0565,False,10-07-2025,2025-10-07,DASH_MM_DD_AMBIGUOUS,True,False,Working,True,False,Working,True,False,Yes,True,False,0,False,False,Kharab,False,False,3.0,2.0,60.0,40.0
INSP01297,2025-08-02,SCH0020,True,True,True,True,False,Krish Chaudry,Toilets locked,SCH0020,SCH0020,False,08-02-2025,2025-08-02,DASH_MM_DD_AMBIGUOUS,True,False,Hai,True,False,Available,True,False,TRUE,True,False,1,True,False,N,False,False,4.0,1.0,80.0,20.0
INSP01822,2025-05-05,SCH0073,False,True,True,False,True,Tanmayi Sridhar,Toilets locked,SCH0073,SCH0073,False,05.05.2025,2025-05-05,DOT_DD_MM_AMBIGUOUS,True,False,N,False,False,Haan,True,False,Hai,True,False,No,False,False,Yes,True,False,3.0,2.0,60.0,40.0
INSP00873,2025-09-09,SCH0507,True,True,True,True,False,Vrinda Halder,No remarks,sch_0507,SCH0507,True,09.09.2025,2025-09-09,DOT_DD_MM_AMBIGUOUS,True,False,Hai,True,False,haan,True,False,TRUE,True,False,TRUE,True,False,N,False,False,4.0,1.0,80.0,20.0
INSP02327,2025-04-11,SCH0273,True,,True,True,True,,Good condition,sch0273,SCH0273,True,04-11-2025,2025-04-11,DASH_MM_DD_AMBIGUOUS,True,False,TRUE,True,False,,,True,Working,True,False,TRUE,True,False,TRUE,True,False,4.0,0.0,80.0,0.0
INSP01549,2025-06-09,SCH0328,True,True,True,False,False,Pranav Tata,Needs repair,SCH-0328,SCH0328,True,06-09-2025,2025-06-09,DASH_MM_DD_AMBIGUOUS,True,False,TRUE,True,False,TRUE,True,False,TRUE,True,False,No,False,False,Nahi,False,False,3.0,2.0,60.0,40.0
INSP00037,2025-06-27,SCH0369,False,False,True,True,True,Forum Tata,No remarks,S0369,SCH0369,True,27.06.2025,2025-06-27,DOT_DD_MM_YYYY,False,False,FALSE,False,False,FALSE,False,False,TRUE,True,False,H,True,False,Yes,True,False,3.0,2.0,60.0,40.0
INSP02658,2026-03-13,SCH0515,True,True,True,True,False,Nathan Jain,Good condition,sch_0515,SCH0515,True,13-03-2026,2026-03-13,DASH_DD_MM_YYYY,False,False,Functional,True,False,TRUE,True,False,haan,True,False,TRUE,True,False,FALSE,False,False,4.0,1.0,80.0,20.0
INSP02144,2025-06-10,SCH0315,True,True,True,True,False,Krishna Munshi,Needs repair,sch0315,SCH0315,True,10-Jun-25,2025-06-10,TEXT_MONTH,False,False,Available,True,False,Y,True,False,Y,True,False,TRUE,True,False,0,False,False,4.0,1.0,80.0,20.0
INSP02689,2026-02-11,SCH0028,True,True,False,True,True,,,SCH0028,SCH0028,False,11-Feb-26,2026-02-11,TEXT_MONTH,False,False,Working,True,False,TRUE,True,False,Nahi,False,False,TRUE,True,False,Available,True,False,4.0,1.0,80.0,20.0
INSP00978,2026-10-03,SCH0041,True,True,True,True,True,Sai Prasad,No remarks,SCH0041,SCH0041,False,10-03-2026,2026-10-03,DASH_MM_DD_AMBIGUOUS,True,False,TRUE,True,False,TRUE,True,False,Haan,True,False,TRUE,True,False,TRUE,True,False,5.0,0.0,100.0,0.0
INSP01572,2025-05-31,SCH0442,False,True,True,False,False,Lucky Khurana,No remarks,SCH-0442,SCH0442,True,31-05-2025,2025-05-31,DASH_DD_MM_YYYY,False,False,FALSE,False,False,1,True,False,TRUE,True,False,FALSE,False,False,FALSE,False,False,2.0,3.0,40.0,60.0
INSP01123,2025-04-16,SCH0003,True,True,True,False,True,Omaja Shanker,Average,SCH0003,SCH0003,False,04-16-2025,2025-04-16,DASH_MM_DD_YYYY,False,False,TRUE,True,False,TRUE,True,False,1,True,False,FALSE,False,False,TRUE,True,False,4.0,1.0,80.0,20.0
INSP02240,2025-04-28,SCH0160,True,True,True,True,False,Prisha Raghavan,Good condition,SCH0160,SCH0160,False,28-Apr-25,2025-04-28,TEXT_MONTH,False,False,1,True,False,haan,True,False,1,True,False,H,True,False,Nahi,False,False,4.0,1.0,80.0,20.0
INSP02505,2025-12-16,SCH0461,False,True,True,True,True,Oliver Goda,Good condition,SCH0461,SCH0461,False,16-12-2025,2025-12-16,DASH_DD_MM_YYYY,False,False,FALSE,False,False,TRUE,True,False,Haan,True,False,Working,True,False,TRUE,True,False,4.0,1.0,80.0,20.0
INSP01893,2026-02-28,SCH0560,True,True,True,False,,Yash Singh,Average,SCH0560,SCH0560,False,28.02.2026,2026-02-28,DOT_DD_MM_YYYY,False,False,Haan,True,False,Hai,True,False,Hai,True,False,na,False,False,,,True,3.0,1.0,60.0,20.0
INSP00676,2025-09-11,SCH0514,,True,False,True,False,Sudiksha Thaker,Average,SCH-0514,SCH0514,True,09-11-2025,2025-09-11,DASH_MM_DD_AMBIGUOUS,True,False,,,True,TRUE,True,False,FALSE,False,False,H,True,False,FALSE,False,False,2.0,2.0,40.0,40.0
INSP00729,2026-02-09,SCH0555,True,True,True,True,True,Yashasvi Parsa,No remarks,S0555,SCH0555,True,02-09-2026,2026-02-09,DASH_MM_DD_AMBIGUOUS,True,False,1,True,False,TRUE,True,False,Y,True,False,haan,True,False,TRUE,True,False,5.0,0.0,100.0,0.0
INSP00413,2025-04-21,SCH0468,False,True,True,True,False,,Average,sch_0468,SCH0468,True,21-Apr-25,2025-04-21,TEXT_MONTH,False,False,Not Available,False,False,haan,True,False,Yes,True,False,TRUE,True,False,FALSE,False,False,3.0,2.0,60.0,40.0
INSP01517,2025-10-11,SCH0208,True,True,False,False,True,Lohit Shenoy,Needs repair,SCH0208,SCH0208,False,10-11-2025,2025-10-11,DASH_MM_DD_AMBIGUOUS,True,False,TRUE,True,False,TRUE,True,False,FALSE,False,False,FALSE,False,False,TRUE,True,False,3.0,2.0,60.0,40.0
INSP01650,2025-07-19,SCH0566,True,True,False,False,True,Ria Dyal,Toilets locked,S0566,SCH0566,True,19-07-2025,2025-07-19,DASH_DD_MM_YYYY,False,False,TRUE,True,False,TRUE,True,False,FALSE,False,False,Nahi,False,False,Y,True,False,3.0,2.0,60.0,40.0
INSP00826,2026-10-02,SCH0062,False,True,True,False,True,Upasna Badal,Average,SCH0062,SCH0062,False,10-02-2026,2026-10-02,DASH_MM_DD_AMBIGUOUS,True,False,na,False,False,H,True,False,TRUE,True,False,Nahi hai,False,False,H,True,False,3.0,2.0,60.0,40.0
INSP00617,2025-08-29,SCH0474,False,True,True,True,False,Peter Gulati,No remarks,sch_0474,SCH0474,True,08-29-2025,2025-08-29,DASH_MM_DD_YYYY,False,False,FALSE,False,False,Available,True,False,1,True,False,TRUE,True,False,N,False,False,3.0,2.0,60.0,40.0
INSP00115,2026-01-19,SCH0070,False,True,True,True,True,Wriddhish Shere,Toilets locked,SCH-0070,SCH0070,True,19-Jan-26,2026-01-19,TEXT_MONTH,False,False,Not Available,False,False,Y,True,False,Hai,True,False,Y,True,False,1,True,False,4.0,1.0,80.0,20.0
INSP00418,2026-02-17,SCH0265,True,True,True,True,True,,,SCH0265,SCH0265,False,17.02.2026,2026-02-17,DOT_DD_MM_YYYY,False,False,TRUE,True,False,haan,True,False,TRUE,True,False,Functional,True,False,TRUE,True,False,5.0,0.0,100.0,0.0
INSP01626,2025-05-16,SCH0196,True,True,,True,True,Harish Pathak,Good condition,sch_0196,SCH0196,True,16.05.2025,2025-05-16,DOT_DD_MM_YYYY,False,False,TRUE,True,False,H,True,False,,,True,TRUE,True,False,TRUE,True,False,4.0,0.0,80.0,0.0
INSP00090,2026-02-13,SCH0175,True,False,True,False,True,Nidra Goswami,Toilets locked,SCH0175,SCH0175,False,13-02-2026,2026-02-13,DASH_DD_MM_YYYY,False,False,Haan,True,False,FALSE,False,False,TRUE,True,False,FALSE,False,False,Yes,True,False,3.0,2.0,60.0,40.0
INSP02083,2025-11-06,SCH0441,True,True,False,False,False,Januja Rajagopal,Toilets locked,sch0441,SCH0441,True,11-06-2025,2025-11-06,DASH_MM_DD_AMBIGUOUS,True,False,TRUE,True,False,Working,True,False,Nahi,False,False,Under Repair,False,False,FALSE,False,False,2.0,3.0,40.0,60.0
INSP00754,2025-11-17,SCH0437,False,,True,False,False,,,SCH0437,SCH0437,False,11-17-2025,2025-11-17,DASH_MM_DD_YYYY,False,False,0,False,False,,,True,H,True,False,FALSE,False,False,FALSE,False,False,1.0,3.0,20.0,60.0
INSP02547,2025-09-25,SCH0331,True,True,True,False,False,Anjali Handa,Toilets locked,sch_0331,SCH0331,True,25.09.2025,2025-09-25,DOT_DD_MM_YYYY,False,False,TRUE,True,False,Haan,True,False,TRUE,True,False,No,False,False,FALSE,False,False,3.0,2.0,60.0,40.0
INSP01631,2025-06-16,SCH0016,True,False,True,False,False,Abeer Vora,Good condition,SCH-0016,SCH0016,True,16-06-2025,2025-06-16,DASH_DD_MM_YYYY,False,False,Y,True,False,Kharab,False,False,1,True,False,na,False,False,FALSE,False,False,2.0,3.0,40.0,60.0
INSP00012,2025-10-18,SCH0202,True,False,True,True,False,Pavani Nair,Toilets locked,SCH0202,SCH0202,False,18-10-2025,2025-10-18,DASH_DD_MM_YYYY,False,False,TRUE,True,False,FALSE,False,False,TRUE,True,False,Y,True,False,No,False,False,3.0,2.0,60.0,40.0
INSP02445,2025-04-16,SCH0533,True,True,True,False,True,Omisha Konda,Good condition,SCH0533,SCH0533,False,16-04-2025,2025-04-16,DASH_DD_MM_YYYY,False,False,TRUE,True,False,TRUE,True,False,haan,True,False,FALSE,False,False,Yes,True,False,4.0,1.0,80.0,20.0
INSP00285,2025-09-20,SCH0327,False,True,True,True,True,Gauri Gill,Good condition,sch_0327,SCH0327,True,20.09.2025,2025-09-20,DOT_DD_MM_YYYY,False,False,N,False,False,Hai,True,False,TRUE,True,False,haan,True,False,H,True,False,4.0,1.0,80.0,20.0
INSP01067,2026-02-26,SCH0080,True,True,False,True,False,Bhavna Modi,Needs repair,SCH-0080,SCH0080,True,26.02.2026,2026-02-26,DOT_DD_MM_YYYY,False,False,TRUE,True,False,TRUE,True,False,FALSE,False,False,TRUE,True,False,FALSE,False,False,3.0,2.0,60.0,40.0
INSP01192,2025-06-16,SCH0600,True,True,True,True,False,,No remarks,SCH0600,SCH0600,False,16-Jun-25,2025-06-16,TEXT_MONTH,False,False,TRUE,True,False,TRUE,True,False,Haan,True,False,TRUE,True,False,FALSE,False,False,4.0,1.0,80.0,20.0
INSP01441,2025-06-06,SCH0133,True,True,True,,,Harsh Vohra,Needs repair,sch0133,SCH0133,True,06-06-2025,2025-06-06,DASH_MM_DD_AMBIGUOUS,True,False,TRUE,True,False,Y,True,False,TRUE,True,False,,,True,,,True,3.0,0.0,60.0,0.0
INSP02944,2025-12-26,SCH0334,True,True,True,True,True,Chanakya Wagle,Needs repair,SCH0334,SCH0334,False,26-12-2025,2025-12-26,DASH_DD_MM_YYYY,False,False,TRUE,True,False,TRUE,True,False,Available,True,False,TRUE,True,False,Haan,True,False,5.0,0.0,100.0,0.0
INSP02943,2026-02-15,SCH0206,True,True,True,False,True,Ranveer Mani,Toilets locked,sch_0206,SCH0206,True,15-02-2026,2026-02-15,DASH_DD_MM_YYYY,False,False,TRUE,True,False,TRUE,True,False,TRUE,True,False,FALSE,False,False,Yes,True,False,4.0,1.0,80.0,20.0
INSP02850,2025-10-13,SCH0204,True,True,True,True,,Jeremiah Buch,Average,204,SCH0204,True,13-10-2025,2025-10-13,DASH_DD_MM_YYYY,False,False,haan,True,False,TRUE,True,False,haan,True,False,TRUE,True,False,,,True,4.0,0.0,80.0,0.0
INSP01569,2025-10-20,SCH0189,True,True,False,True,False,,,SCH0189,SCH0189,False,20-10-2025,2025-10-20,DASH_DD_MM_YYYY,False,False,TRUE,True,False,haan,True,False,FALSE,False,False,TRUE,True,False,FALSE,False,False,3.0,2.0,60.0,40.0
INSP02428,2026-10-01,SCH0254,False,True,True,True,False,Dayamai Yadav,Needs repair,SCH0254,SCH0254,False,10-01-2026,2026-10-01,DASH_MM_DD_AMBIGUOUS,True,False,Nahi,False,False,Yes,True,False,1,True,False,Hai,True,False,N,False,False,3.0,2.0,60.0,40.0
INSP02710,2025-09-10,SCH0447,False,True,True,False,True,Alka Mani,Toilets locked,sch_0447,SCH0447,True,09-10-2025,2025-09-10,DASH_MM_DD_AMBIGUOUS,True,False,FALSE,False,False,Y,True,False,H,True,False,N,False,False,Hai,True,False,3.0,2.0,60.0,40.0
INSP01688,2025-07-29,SCH0466,True,False,True,False,True,Mason Bahl,Average,sch0466,SCH0466,True,29-07-2025,2025-07-29,DASH_DD_MM_YYYY,False,False,Y,True,False,FALSE,False,False,Hai,True,False,FALSE,False,False,TRUE,True,False,3.0,2.0,60.0,40.0
INSP00852,2025-05-09,SCH0435,False,True,True,True,False,Triveni Bhagat,Toilets locked,sch0435,SCH0435,True,05-09-2025,2025-05-09,DASH_MM_DD_AMBIGUOUS,True,False,FALSE,False,False,TRUE,True,False,haan,True,False,Available,True,False,FALSE,False,False,3.0,2.0,60.0,40.0
INSP02208,2025-05-04,SCH0390,False,True,True,False,True,Dev Char,Needs repair,SCH0390,SCH0390,False,05-04-2025,2025-05-04,DASH_MM_DD_AMBIGUOUS,True,False,FALSE,False,False,TRUE,True,False,TRUE,True,False,FALSE,False,False,TRUE,True,False,3.0,2.0,60.0,40.0
INSP00896,2025-06-22,SCH0132,True,True,True,True,False,Advaith Grewal,Needs repair,S0132,SCH0132,True,22-06-2025,2025-06-22,DASH_DD_MM_YYYY,False,False,TRUE,True,False,Yes,True,False,Y,True,False,TRUE,True,False,0,False,False,4.0,1.0,80.0,20.0
INSP00497,2025-12-22,SCH0510,False,True,True,True,False,,Needs repair,SCH-0510,SCH0510,True,22.12.2025,2025-12-22,DOT_DD_MM_YYYY,False,False,Nahi hai,False,False,TRUE,True,False,TRUE,True,False,Haan,True,False,FALSE,False,False,3.0,2.0,60.0,40.0
INSP02306,2025-12-17,SCH0100,True,True,False,False,False,Mason Lal,Average,SCH0100,SCH0100,False,17-Dec-25,2025-12-17,TEXT_MONTH,False,False,Hai,True,False,Hai,True,False,FALSE,False,False,FALSE,False,False,FALSE,False,False,2.0,3.0,40.0,60.0
INSP01783,2025-05-20,SCH0474,True,True,False,True,False,Bishakha Narain,No remarks,S0474,SCH0474,True,20-May-25,2025-05-20,TEXT_MONTH,False,False,Available,True,False,TRUE,True,False,FALSE,False,False,Haan,True,False,FALSE,False,False,3.0,2.0,60.0,40.0
INSP00336,2025-08-24,SCH0132,True,True,True,False,False,Dayita Sibal,Toilets locked,sch_0132,SCH0132,True,24-08-2025,2025-08-24,DASH_DD_MM_YYYY,False,False,Haan,True,False,haan,True,False,TRUE,True,False,Nahi,False,False,FALSE,False,False,3.0,2.0,60.0,40.0
INSP00516,2025-10-05,SCH0197,True,True,True,True,False,Nimrat Chada,,SCH0197,SCH0197,False,10-05-2025,2025-10-05,DASH_MM_DD_AMBIGUOUS,True,False,TRUE,True,False,1,True,False,Haan,True,False,TRUE,True,False,0,False,False,4.0,1.0,80.0,20.0
INSP01349,2025-06-30,SCH0249,True,False,True,False,False,Abhiram Radhakrishnan,No remarks,SCH0249,SCH0249,False,30-06-2025,2025-06-30,DASH_DD_MM_YYYY,False,False,Yes,True,False,FALSE,False,False,TRUE,True,False,N,False,False,N,False,False,2.0,3.0,40.0,60.0
INSP01016,2025-07-20,SCH0029,True,True,True,True,False,Joshua Bali,Good condition,SCH0029,SCH0029,False,20-07-2025,2025-07-20,DASH_DD_MM_YYYY,False,False,TRUE,True,False,TRUE,True,False,TRUE,True,False,TRUE,True,False,FALSE,False,False,4.0,1.0,80.0,20.0
INSP02951,2025-04-05,SCH0061,True,True,False,False,False,Abhimanyu Srivastava,Good condition,SCH0061,SCH0061,False,04-05-2025,2025-04-05,DASH_MM_DD_AMBIGUOUS,True,False,Working,True,False,haan,True,False,FALSE,False,False,FALSE,False,False,FALSE,False,False,2.0,3.0,40.0,60.0
INSP01782,2025-10-04,SCH0100,True,True,True,True,True,Siddharth Sarin,,sch_0100,SCH0100,True,10-04-2025,2025-10-04,DASH_MM_DD_AMBIGUOUS,True,False,TRUE,True,False,TRUE,True,False,Functional,True,False,TRUE,True,False,Working,True,False,5.0,0.0,100.0,0.0
INSP02570,2026-03-22,SCH0028,True,False,True,False,True,Kalpit Bava,Needs repair,S0028,SCH0028,True,22-03-2026,2026-03-22,DASH_DD_MM_YYYY,False,False,Y,True,False,FALSE,False,False,Yes,True,False,Nahi,False,False,TRUE,True,False,3.0,2.0,60.0,40.0
INSP01786,2025-11-27,SCH0166,True,,True,True,True,Pahal Venkataraman,Average,SCH0166,SCH0166,False,27-11-2025,2025-11-27,DASH_DD_MM_YYYY,False,False,1,True,False,,,True,Yes,True,False,Functional,True,False,Working,True,False,4.0,0.0,80.0,0.0
INSP02071,2025-10-30,SCH0396,True,True,True,True,True,Vrinda Parmar,Toilets locked,sch_0396,SCH0396,True,30.10.2025,2025-10-30,DOT_DD_MM_YYYY,False,False,TRUE,True,False,TRUE,True,False,Yes,True,False,1,True,False,TRUE,True,False,5.0,0.0,100.0,0.0
INSP00357,2025-05-16,SCH0010,True,True,True,False,False,Yashvi Bhat,No remarks,SCH0010,SCH0010,False,16-05-2025,2025-05-16,DASH_DD_MM_YYYY,False,False,Haan,True,False,Working,True,False,TRUE,True,False,FALSE,False,False,Kharab,False,False,3.0,2.0,60.0,40.0
INSP02995,2025-06-21,SCH0598,True,True,True,True,False,Zilmil Contractor,,598,SCH0598,True,21-06-2025,2025-06-21,DASH_DD_MM_YYYY,False,False,1,True,False,TRUE,True,False,Hai,True,False,Y,True,False,FALSE,False,False,4.0,1.0,80.0,20.0
INSP01313,2025-09-24,SCH0600,False,False,True,True,False,William Pall,Toilets locked,SCH0600,SCH0600,False,24-09-2025,2025-09-24,DASH_DD_MM_YYYY,False,False,Under Repair,False,False,FALSE,False,False,TRUE,True,False,Haan,True,False,Nahi hai,False,False,2.0,3.0,40.0,60.0
INSP01636,2026-02-27,SCH0187,,True,True,True,True,Reva Venkatesh,Toilets locked,187,SCH0187,True,02-27-2026,2026-02-27,DASH_MM_DD_YYYY,False,False,,,True,Y,True,False,TRUE,True,False,TRUE,True,False,Working,True,False,4.0,0.0,80.0,0.0
INSP00551,2025-09-04,SCH0036,False,True,True,True,False,Vinaya Shukla,Good condition,SCH0036,SCH0036,False,09-04-2025,2025-09-04,DASH_MM_DD_AMBIGUOUS,True,False,FALSE,False,False,haan,True,False,TRUE,True,False,1,True,False,Nahi hai,False,False,3.0,2.0,60.0,40.0
INSP02389,2025-06-07,SCH0273,True,False,True,True,True,Wishi Baral,No remarks,sch0273,SCH0273,True,06-07-2025,2025-06-07,DASH_MM_DD_AMBIGUOUS,True,False,1,True,False,na,False,False,Yes,True,False,TRUE,True,False,H,True,False,4.0,1.0,80.0,20.0
INSP02480,2025-12-18,SCH0055,True,True,True,False,False,Kamya Swamy,Average,SCH0055,SCH0055,False,18-12-2025,2025-12-18,DASH_DD_MM_YYYY,False,False,H,True,False,Y,True,False,Haan,True,False,Kharab,False,False,Nahi,False,False,3.0,2.0,60.0,40.0
INSP02522,2025-04-18,SCH0393,False,True,True,False,True,Keya Karnik,,S0393,SCH0393,True,18-04-2025,2025-04-18,DASH_DD_MM_YYYY,False,False,Nahi hai,False,False,TRUE,True,False,TRUE,True,False,Nahi,False,False,Y,True,False,3.0,2.0,60.0,40.0
INSP02266,2025-12-21,SCH0089,True,True,True,True,True,,No remarks,SCH-0089,SCH0089,True,21-12-2025,2025-12-21,DASH_DD_MM_YYYY,False,False,H,True,False,1,True,False,Y,True,False,TRUE,True,False,TRUE,True,False,5.0,0.0,100.0,0.0
INSP01228,2025-05-11,SCH0142,False,False,True,False,True,,Average,SCH0142,SCH0142,False,05-11-2025,2025-05-11,DASH_MM_DD_AMBIGUOUS,True,False,FALSE,False,False,na,False,False,TRUE,True,False,FALSE,False,False,TRUE,True,False,2.0,3.0,40.0,60.0
INSP02818,2026-03-25,SCH0585,True,True,True,True,True,Rayaan Nori,Average,SCH0585,SCH0585,False,25-03-2026,2026-03-25,DASH_DD_MM_YYYY,False,False,TRUE,True,False,TRUE,True,False,Haan,True,False,Yes,True,False,TRUE,True,False,5.0,0.0,100.0,0.0
INSP00958,2026-02-28,SCH0125,True,True,False,True,False,Veer Andra,Good condition,SCH-0125,SCH0125,True,02-28-2026,2026-02-28,DASH_MM_DD_YYYY,False,False,Haan,True,False,Y,True,False,0,False,False,TRUE,True,False,No,False,False,3.0,2.0,60.0,40.0
INSP01774,2026-01-26,SCH0004,False,False,True,True,False,Irya Devan,No remarks,4,SCH0004,True,26-01-2026,2026-01-26,DASH_DD_MM_YYYY,False,False,Nahi,False,False,Kharab,False,False,Yes,True,False,Y,True,False,FALSE,False,False,2.0,3.0,40.0,60.0
INSP02142,2025-05-25,SCH0089,True,True,True,False,False,Gauri Sangha,No remarks,sch0089,SCH0089,True,25-05-2025,2025-05-25,DASH_DD_MM_YYYY,False,False,TRUE,True,False,Y,True,False,TRUE,True,False,Nahi,False,False,N,False,False,3.0,2.0,60.0,40.0
INSP01009,2025-10-13,SCH0106,False,True,True,True,True,,Needs repair,sch_0106,SCH0106,True,10-13-2025,2025-10-13,DASH_MM_DD_YYYY,False,False,Nahi hai,False,False,H,True,False,Y,True,False,TRUE,True,False,TRUE,True,False,4.0,1.0,80.0,20.0
INSP01093,2026-02-27,SCH0073,True,True,True,True,True,,Good condition,SCH0073,SCH0073,False,02-27-2026,2026-02-27,DASH_MM_DD_YYYY,False,False,H,True,False,TRUE,True,False,H,True,False,Haan,True,False,TRUE,True,False,5.0,0.0,100.0,0.0
INSP02907,2025-09-07,SCH0288,True,False,,True,False,Dominic Dua,Average,288,SCH0288,True,07-Sep-25,2025-09-07,TEXT_MONTH,False,False,TRUE,True,False,FALSE,False,False,,,True,TRUE,True,False,Nahi hai,False,False,2.0,2.0,40.0,40.0
INSP00997,2025-06-14,SCH0599,True,True,True,True,False,Wriddhish Jaggi,Toilets locked,sch_0599,SCH0599,True,14-06-2025,2025-06-14,DASH_DD_MM_YYYY,False,False,TRUE,True,False,TRUE,True,False,Available,True,False,TRUE,True,False,Nahi,False,False,4.0,1.0,80.0,20.0
INSP01680,2025-07-06,SCH0107,True,True,True,False,False,Mohini Choudhury,Good condition,SCH-0107,SCH0107,True,07-06-2025,2025-07-06,DASH_MM_DD_AMBIGUOUS,True,False,TRUE,True,False,TRUE,True,False,Yes,True,False,FALSE,False,False,No,False,False,3.0,2.0,60.0,40.0
INSP00154,2025-06-01,SCH0260,,False,True,False,False,Ladli Dora,Toilets locked,SCH0260,SCH0260,False,01.06.2025,2025-06-01,DOT_DD_MM_AMBIGUOUS,True,False,,,True,No,False,False,haan,True,False,0,False,False,FALSE,False,False,1.0,3.0,20.0,60.0
INSP02925,2025-06-04,SCH0296,False,True,False,True,False,Aarav Chad,Good condition,296,SCH0296,True,06-04-2025,2025-06-04,DASH_MM_DD_AMBIGUOUS,True,False,0,False,False,Hai,True,False,Broken,False,False,1,True,False,FALSE,False,False,2.0,3.0,40.0,60.0
INSP00581,2025-10-31,SCH0326,False,True,True,True,True,Patrick Ramakrishnan,Toilets locked,326,SCH0326,True,31-10-2025,2025-10-31,DASH_DD_MM_YYYY,False,False,na,False,False,TRUE,True,False,Haan,True,False,Available,True,False,haan,True,False,4.0,1.0,80.0,20.0
INSP01471,2025-04-13,SCH0539,True,True,True,True,True,Dayamai Swamy,Good condition,SCH-0539,SCH0539,True,04-13-2025,2025-04-13,DASH_MM_DD_YYYY,False,False,TRUE,True,False,TRUE,True,False,haan,True,False,TRUE,True,False,1,True,False,5.0,0.0,100.0,0.0
INSP00704,2025-08-29,SCH0056,False,True,True,False,False,Akshay Choudhry,Needs repair,SCH-0056,SCH0056,True,29-08-2025,2025-08-29,DASH_DD_MM_YYYY,False,False,FALSE,False,False,Haan,True,False,H,True,False,FALSE,False,False,FALSE,False,False,2.0,3.0,40.0,60.0
INSP01213,2025-07-13,SCH0464,True,True,True,,True,Jhalak Chawla,Needs repair,464,SCH0464,True,13-07-2025,2025-07-13,DASH_DD_MM_YYYY,False,False,TRUE,True,False,Hai,True,False,TRUE,True,False,,,True,Yes,True,False,4.0,0.0,80.0,0.0
INSP00897,2026-01-27,SCH0202,True,True,True,True,False,,,SCH-0202,SCH0202,True,27-Jan-26,2026-01-27,TEXT_MONTH,False,False,TRUE,True,False,TRUE,True,False,H,True,False,TRUE,True,False,Nahi hai,False,False,4.0,1.0,80.0,20.0
INSP00488,2025-07-28,SCH0254,True,True,True,False,True,,Toilets locked,S0254,SCH0254,True,28-07-2025,2025-07-28,DASH_DD_MM_YYYY,False,False,Haan,True,False,TRUE,True,False,Hai,True,False,na,False,False,TRUE,True,False,4.0,1.0,80.0,20.0
INSP00560,2025-05-04,SCH0005,False,True,True,True,False,Atharv Krish,Toilets locked,SCH0005,SCH0005,False,05-04-2025,2025-05-04,DASH_MM_DD_AMBIGUOUS,True,False,FALSE,False,False,TRUE,True,False,Y,True,False,TRUE,True,False,FALSE,False,False,3.0,2.0,60.0,40.0
INSP01142,2025-08-01,SCH0523,True,True,True,True,True,Samesh Korpal,Good condition,S0523,SCH0523,True,01.08.2025,2025-08-01,DOT_DD_MM_AMBIGUOUS,True,False,TRUE,True,False,TRUE,True,False,Hai,True,False,TRUE,True,False,Haan,True,False,5.0,0.0,100.0,0.0
INSP01120,2025-11-30,SCH0371,True,True,True,False,False,Eesha Sarkar,Needs repair,SCH0371,SCH0371,False,30-Nov-25,2025-11-30,TEXT_MONTH,False,False,TRUE,True,False,Available,True,False,TRUE,True,False,FALSE,False,False,FALSE,False,False,3.0,2.0,60.0,40.0
INSP00513,2025-05-30,SCH0317,True,True,True,False,False,Faqid Mittal,,S0317,SCH0317,True,30.05.2025,2025-05-30,DOT_DD_MM_YYYY,False,False,Haan,True,False,Yes,True,False,Hai,True,False,Nahi,False,False,Not Available,False,False,3.0,2.0,60.0,40.0
INSP00634,2025-05-23,SCH0551,True,False,True,False,,Rushil Datta,Toilets locked,SCH0551,SCH0551,False,23.05.2025,2025-05-23,DOT_DD_MM_YYYY,False,False,TRUE,True,False,Broken,False,False,Y,True,False,FALSE,False,False,,,True,2.0,2.0,40.0,40.0
INSP02717,2025-11-05,SCH0132,True,False,True,False,True,Jagrati Sarna,Average,SCH-0132,SCH0132,True,11-05-2025,2025-11-05,DASH_MM_DD_AMBIGUOUS,True,False,Haan,True,False,FALSE,False,False,Y,True,False,Nahi hai,False,False,Working,True,False,3.0,2.0,60.0,40.0
INSP01665,2025-05-12,SCH0010,True,True,True,True,True,Owen Lall,Needs repair,SCH0010,SCH0010,False,05-12-2025,2025-05-12,DASH_MM_DD_AMBIGUOUS,True,False,Yes,True,False,Y,True,False,TRUE,True,False,Yes,True,False,Working,True,False,5.0,0.0,100.0,0.0
INSP01013,2025-09-15,SCH0091,,True,True,False,False,Chakrika Gole,Good condition,sch_0091,SCH0091,True,09-15-2025,2025-09-15,DASH_MM_DD_YYYY,False,False,,,True,Yes,True,False,Yes,True,False,0,False,False,na,False,False,2.0,2.0,40.0,40.0
INSP01932,2025-11-23,SCH0076,True,True,True,True,True,Amruta Sankar,Average,SCH-0076,SCH0076,True,23-Nov-25,2025-11-23,TEXT_MONTH,False,False,TRUE,True,False,TRUE,True,False,TRUE,True,False,TRUE,True,False,Yes,True,False,5.0,0.0,100.0,0.0
INSP01151,2026-01-17,SCH0539,True,True,True,True,,Zansi Sarin,Toilets locked,SCH0539,SCH0539,False,17-Jan-26,2026-01-17,TEXT_MONTH,False,False,H,True,False,haan,True,False,haan,True,False,Y,True,False,,,True,4.0,0.0,80.0,0.0
INSP02948,2025-09-03,SCH0021,False,True,True,False,,Isaiah Bava,Toilets locked,SCH0021,SCH0021,False,03.09.2025,2025-09-03,DOT_DD_MM_AMBIGUOUS,True,False,0,False,False,TRUE,True,False,TRUE,True,False,N,False,False,,,True,2.0,2.0,40.0,40.0
INSP00117,2026-02-19,SCH0532,False,True,,False,False,Vritti Bahri,Needs repair,SCH-0532,SCH0532,True,19-Feb-26,2026-02-19,TEXT_MONTH,False,False,Nahi hai,False,False,TRUE,True,False,,,True,Nahi hai,False,False,N,False,False,1.0,3.0,20.0,60.0
INSP00741,2025-06-29,SCH0568,True,True,True,False,True,Zinal Majumdar,Toilets locked,SCH-0568,SCH0568,True,29-06-2025,2025-06-29,DASH_DD_MM_YYYY,False,False,TRUE,True,False,TRUE,True,False,TRUE,True,False,FALSE,False,False,TRUE,True,False,4.0,1.0,80.0,20.0
INSP02904,2025-04-21,SCH0451,True,True,True,False,True,Caleb Sha,Toilets locked,sch_0451,SCH0451,True,04-21-2025,2025-04-21,DASH_MM_DD_YYYY,False,False,TRUE,True,False,haan,True,False,TRUE,True,False,No,False,False,haan,True,False,4.0,1.0,80.0,20.0
INSP01975,2025-01-10,SCH0497,True,True,True,False,False,Advik De,Average,sch_0497,SCH0497,True,01-10-2025,2025-01-10,DASH_MM_DD_AMBIGUOUS,True,False,Haan,True,False,TRUE,True,False,Y,True,False,FALSE,False,False,FALSE,False,False,3.0,2.0,60.0,40.0
INSP01082,2025-11-27,SCH0108,True,True,False,True,True,George Bandi,Needs repair,SCH0108,SCH0108,False,27-11-2025,2025-11-27,DASH_DD_MM_YYYY,False,False,haan,True,False,haan,True,False,N,False,False,TRUE,True,False,TRUE,True,False,4.0,1.0,80.0,20.0
INSP01811,2026-01-30,SCH0260,False,True,False,False,True,Elijah Kapoor,No remarks,S0260,SCH0260,True,30-Jan-26,2026-01-30,TEXT_MONTH,False,False,FALSE,False,False,Functional,True,False,FALSE,False,False,FALSE,False,False,TRUE,True,False,2.0,3.0,40.0,60.0
INSP00831,2025-06-23,SCH0206,,True,True,True,False,Zaid Gour,,SCH0206,SCH0206,False,23-06-2025,2025-06-23,DASH_DD_MM_YYYY,False,False,,,True,TRUE,True,False,TRUE,True,False,Y,True,False,No,False,False,3.0,1.0,60.0,20.0
INSP00120,2025-06-23,SCH0416,True,True,,False,True,Triveni Kara,Good condition,SCH0416,SCH0416,False,23-Jun-25,2025-06-23,TEXT_MONTH,False,False,Y,True,False,TRUE,True,False,,,True,Kharab,False,False,1,True,False,3.0,1.0,60.0,20.0
INSP00657,2026-02-21,SCH0022,True,False,True,True,True,Parth Dewan,Average,SCH-0022,SCH0022,True,21-02-2026,2026-02-21,DASH_DD_MM_YYYY,False,False,H,True,False,N,False,False,Y,True,False,TRUE,True,False,Y,True,False,4.0,1.0,80.0,20.0
INSP02873,2026-01-12,SCH0360,True,True,True,False,False,Anay Boase,Good condition,SCH0360,SCH0360,False,01-12-2026,2026-01-12,DASH_MM_DD_AMBIGUOUS,True,False,TRUE,True,False,H,True,False,TRUE,True,False,FALSE,False,False,FALSE,False,False,3.0,2.0,60.0,40.0
INSP02830,2026-02-07,SCH0494,False,False,True,False,True,Vidhi Madan,Average,SCH0494,SCH0494,False,07.02.2026,2026-02-07,DOT_DD_MM_AMBIGUOUS,True,False,N,False,False,FALSE,False,False,TRUE,True,False,FALSE,False,False,TRUE,True,False,2.0,3.0,40.0,60.0
INSP00636,2026-01-20,SCH0086,True,False,True,,False,Adweta Jaggi,Good condition,SCH0086,SCH0086,False,20.01.2026,2026-01-20,DOT_DD_MM_YYYY,False,False,TRUE,True,False,Under Repair,False,False,Hai,True,False,,,True,Nahi hai,False,False,2.0,2.0,40.0,40.0
INSP00370,2025-09-18,SCH0403,False,False,True,False,True,Vasatika Rana,Average,SCH0403,SCH0403,False,09-18-2025,2025-09-18,DASH_MM_DD_YYYY,False,False,FALSE,False,False,No,False,False,TRUE,True,False,N,False,False,TRUE,True,False,2.0,3.0,40.0,60.0
INSP00269,2025-08-23,SCH0481,True,True,True,True,False,Zashil Rout,Toilets locked,S0481,SCH0481,True,23-08-2025,2025-08-23,DASH_DD_MM_YYYY,False,False,Yes,True,False,TRUE,True,False,Working,True,False,TRUE,True,False,FALSE,False,False,4.0,1.0,80.0,20.0
INSP02704,2025-04-06,SCH0466,True,True,True,True,,Manthan Peri,,SCH0466,SCH0466,False,04-06-2025,2025-04-06,DASH_MM_DD_AMBIGUOUS,True,False,Yes,True,False,TRUE,True,False,TRUE,True,False,TRUE,True,False,,,True,4.0,0.0,80.0,0.0
INSP00047,2025-07-10,SCH0354,False,True,True,False,False,Vritti More,Good condition,sch0354,SCH0354,True,07-10-2025,2025-07-10,DASH_MM_DD_AMBIGUOUS,True,False,FALSE,False,False,Working,True,False,TRUE,True,False,FALSE,False,False,na,False,False,2.0,3.0,40.0,60.0
INSP00992,2025-07-18,SCH0593,True,False,True,True,True,Vasana Shanker,,SCH0593,SCH0593,False,07-18-2025,2025-07-18,DASH_MM_DD_YYYY,False,False,TRUE,True,False,FALSE,False,False,TRUE,True,False,Hai,True,False,Working,True,False,4.0,1.0,80.0,20.0
INSP00877,2025-05-04,SCH0114,True,False,True,False,False,Nirja Mutti,Toilets locked,SCH0114,SCH0114,False,05-04-2025,2025-05-04,DASH_MM_DD_AMBIGUOUS,True,False,Haan,True,False,Not Available,False,False,1,True,False,FALSE,False,False,FALSE,False,False,2.0,3.0,40.0,60.0
INSP00774,2025-05-10,SCH0077,True,False,True,False,True,Chaaya Bose,Needs repair,SCH0077,SCH0077,False,05-10-2025,2025-05-10,DASH_MM_DD_AMBIGUOUS,True,False,haan,True,False,Broken,False,False,1,True,False,Nahi,False,False,TRUE,True,False,3.0,2.0,60.0,40.0
INSP01220,2026-03-15,SCH0068,True,True,True,False,True,Fiyaz Brar,Average,SCH0068,SCH0068,False,15-03-2026,2026-03-15,DASH_DD_MM_YYYY,False,False,H,True,False,TRUE,True,False,Hai,True,False,FALSE,False,False,Haan,True,False,4.0,1.0,80.0,20.0
INSP01127,2026-01-26,SCH0283,False,False,True,False,True,,Good condition,SCH0283,SCH0283,False,26.01.2026,2026-01-26,DOT_DD_MM_YYYY,False,False,FALSE,False,False,Kharab,False,False,TRUE,True,False,0,False,False,TRUE,True,False,2.0,3.0,40.0,60.0
INSP00005,2025-06-17,SCH0123,True,True,True,,False,Darpan Dani,Average,sch_0123,SCH0123,True,06-17-2025,2025-06-17,DASH_MM_DD_YYYY,False,False,TRUE,True,False,TRUE,True,False,Y,True,False,,,True,FALSE,False,False,3.0,1.0,60.0,20.0
INSP01596,2026-01-28,SCH0199,True,True,False,True,False,Tanmayi Toor,Needs repair,SCH0199,SCH0199,False,28.01.2026,2026-01-28,DOT_DD_MM_YYYY,False,False,TRUE,True,False,TRUE,True,False,Under Repair,False,False,Hai,True,False,FALSE,False,False,3.0,2.0,60.0,40.0
INSP02312,2025-07-31,SCH0431,True,True,True,False,True,Tanvi Dass,No remarks,SCH0431,SCH0431,False,31-07-2025,2025-07-31,DASH_DD_MM_YYYY,False,False,TRUE,True,False,Hai,True,False,H,True,False,FALSE,False,False,H,True,False,4.0,1.0,80.0,20.0
INSP02492,2025-07-06,SCH0495,False,True,False,False,False,Quincy Goel,Average,SCH-0495,SCH0495,True,07-06-2025,2025-07-06,DASH_MM_DD_AMBIGUOUS,True,False,0,False,False,Yes,True,False,N,False,False,FALSE,False,False,FALSE,False,False,1.0,4.0,20.0,80.0
INSP01078,2025-10-12,SCH0135,True,True,,False,True,,Average,SCH0135,SCH0135,False,10-12-2025,2025-10-12,DASH_MM_DD_AMBIGUOUS,True,False,TRUE,True,False,Haan,True,False,,,True,FALSE,False,False,Hai,True,False,3.0,1.0,60.0,20.0
INSP00838,2025-03-11,SCH0233,False,True,False,True,False,Eesha Boase,Average,SCH0233,SCH0233,False,03-11-2025,2025-03-11,DASH_MM_DD_AMBIGUOUS,True,False,FALSE,False,False,TRUE,True,False,No,False,False,Yes,True,False,FALSE,False,False,2.0,3.0,40.0,60.0
INSP00682,2025-06-22,SCH0445,True,True,True,False,True,Samuel Bassi,Needs repair,SCH0445,SCH0445,False,06-22-2025,2025-06-22,DASH_MM_DD_YYYY,False,False,haan,True,False,TRUE,True,False,H,True,False,FALSE,False,False,TRUE,True,False,4.0,1.0,80.0,20.0
INSP01716,2025-04-24,SCH0429,True,True,True,True,True,Urishilla Chandran,Average,SCH-0429,SCH0429,True,04-24-2025,2025-04-24,DASH_MM_DD_YYYY,False,False,Available,True,False,TRUE,True,False,Functional,True,False,Y,True,False,Working,True,False,5.0,0.0,100.0,0.0
INSP02353,2025-10-05,SCH0329,True,True,True,True,False,Amrita Walla,Average,sch_0329,SCH0329,True,10-05-2025,2025-10-05,DASH_MM_DD_AMBIGUOUS,True,False,TRUE,True,False,haan,True,False,Hai,True,False,Haan,True,False,FALSE,False,False,4.0,1.0,80.0,20.0
INSP02618,2025-12-14,SCH0063,False,True,False,True,True,Vedant Sandhu,Good condition,SCH-0063,SCH0063,True,12-14-2025,2025-12-14,DASH_MM_DD_YYYY,False,False,N,False,False,TRUE,True,False,FALSE,False,False,TRUE,True,False,haan,True,False,3.0,2.0,60.0,40.0
INSP02362,2025-11-08,SCH0366,True,True,True,True,False,Harshil Tella,Average,SCH-0366,SCH0366,True,11-08-2025,2025-11-08,DASH_MM_DD_AMBIGUOUS,True,False,TRUE,True,False,TRUE,True,False,1,True,False,TRUE,True,False,na,False,False,4.0,1.0,80.0,20.0
INSP02198,2026-01-22,SCH0586,True,True,True,False,False,Tarak Palla,,sch_0586,SCH0586,True,22-01-2026,2026-01-22,DASH_DD_MM_YYYY,False,False,TRUE,True,False,haan,True,False,TRUE,True,False,No,False,False,FALSE,False,False,3.0,2.0,60.0,40.0
INSP01149,2025-10-16,SCH0501,,True,True,True,True,Yachana Nagy,Good condition,S0501,SCH0501,True,16-10-2025,2025-10-16,DASH_DD_MM_YYYY,False,False,,,True,haan,True,False,TRUE,True,False,Working,True,False,Hai,True,False,4.0,0.0,80.0,0.0
INSP00575,2025-03-08,SCH0077,True,True,False,False,True,Tanay Misra,,SCH0077,SCH0077,False,03-08-2025,2025-03-08,DASH_MM_DD_AMBIGUOUS,True,False,TRUE,True,False,TRUE,True,False,FALSE,False,False,Not Available,False,False,TRUE,True,False,3.0,2.0,60.0,40.0
INSP00051,2025-11-01,SCH0243,True,True,True,True,False,Noah Behl,Average,sch0243,SCH0243,True,11-01-2025,2025-11-01,DASH_MM_DD_AMBIGUOUS,True,False,Functional,True,False,TRUE,True,False,Haan,True,False,Hai,True,False,Nahi hai,False,False,4.0,1.0,80.0,20.0
INSP00854,2026-01-12,SCH0525,True,True,True,True,False,Varenya Raghavan,Average,SCH0525,SCH0525,False,12-Jan-26,2026-01-12,TEXT_MONTH,False,False,TRUE,True,False,TRUE,True,False,Working,True,False,TRUE,True,False,Nahi hai,False,False,4.0,1.0,80.0,20.0
INSP01983,2025-10-15,SCH0101,False,,True,True,True,Ganga Boase,Needs repair,101,SCH0101,True,15-10-2025,2025-10-15,DASH_DD_MM_YYYY,False,False,FALSE,False,False,,,True,Functional,True,False,TRUE,True,False,Working,True,False,3.0,1.0,60.0,20.0
INSP01824,2025-03-05,SCH0203,True,True,True,True,False,Vivaan Raghavan,Needs repair,SCH0203,SCH0203,False,03-05-2025,2025-03-05,DASH_MM_DD_AMBIGUOUS,True,False,H,True,False,H,True,False,TRUE,True,False,H,True,False,FALSE,False,False,4.0,1.0,80.0,20.0
INSP00834,2026-02-23,SCH0566,False,True,True,False,True,,Needs repair,SCH0566,SCH0566,False,23-02-2026,2026-02-23,DASH_DD_MM_YYYY,False,False,Nahi,False,False,1,True,False,Yes,True,False,FALSE,False,False,Hai,True,False,3.0,2.0,60.0,40.0
INSP01116,2025-09-27,SCH0090,True,True,True,True,False,Advika Mitra,No remarks,sch0090,SCH0090,True,27-09-2025,2025-09-27,DASH_DD_MM_YYYY,False,False,Yes,True,False,1,True,False,Haan,True,False,TRUE,True,False,FALSE,False,False,4.0,1.0,80.0,20.0
INSP01167,2025-08-10,SCH0305,True,True,False,True,False,Neha Singhal,Good condition,SCH0305,SCH0305,False,10.08.2025,2025-08-10,DOT_DD_MM_AMBIGUOUS,True,False,1,True,False,TRUE,True,False,Under Repair,False,False,TRUE,True,False,FALSE,False,False,3.0,2.0,60.0,40.0
INSP02519,2025-04-03,SCH0379,True,True,True,True,True,,Average,SCH-0379,SCH0379,True,03.04.2025,2025-04-03,DOT_DD_MM_AMBIGUOUS,True,False,TRUE,True,False,Y,True,False,TRUE,True,False,1,True,False,H,True,False,5.0,0.0,100.0,0.0
INSP01907,2025-09-17,SCH0131,True,,True,False,False,Alka Natt,Needs repair,SCH0131,SCH0131,False,17.09.2025,2025-09-17,DOT_DD_MM_YYYY,False,False,Haan,True,False,,,True,Y,True,False,na,False,False,na,False,False,2.0,2.0,40.0,40.0
INSP00972,2025-09-29,SCH0581,False,True,True,True,True,Yashica Char,Toilets locked,SCH0581,SCH0581,False,09-29-2025,2025-09-29,DASH_MM_DD_YYYY,False,False,Not Available,False,False,Hai,True,False,TRUE,True,False,1,True,False,Y,True,False,4.0,1.0,80.0,20.0
INSP02702,2025-07-11,SCH0024,True,True,True,True,True,Owen Korpal,Needs repair,SCH0024,SCH0024,False,07-11-2025,2025-07-11,DASH_MM_DD_AMBIGUOUS,True,False,Available,True,False,TRUE,True,False,TRUE,True,False,Hai,True,False,1,True,False,5.0,0.0,100.0,0.0
INSP00400,2025-05-15,SCH0141,True,True,True,False,,Saumya Sangha,Average,SCH0141,SCH0141,False,15-05-2025,2025-05-15,DASH_DD_MM_YYYY,False,False,TRUE,True,False,TRUE,True,False,haan,True,False,FALSE,False,False,,,True,3.0,1.0,60.0,20.0
INSP02560,2025-08-24,SCH0570,False,True,True,True,False,,Needs repair,SCH0570,SCH0570,False,24-08-2025,2025-08-24,DASH_DD_MM_YYYY,False,False,0,False,False,TRUE,True,False,TRUE,True,False,TRUE,True,False,FALSE,False,False,3.0,2.0,60.0,40.0
INSP02369,2025-10-14,SCH0401,True,True,True,,True,Zaid Mann,Toilets locked,SCH-0401,SCH0401,True,14.10.2025,2025-10-14,DOT_DD_MM_YYYY,False,False,TRUE,True,False,TRUE,True,False,Working,True,False,,,True,Hai,True,False,4.0,0.0,80.0,0.0
INSP00020,2025-04-05,SCH0025,True,True,False,True,True,Kashvi Sathe,,sch0025,SCH0025,True,04-05-2025,2025-04-05,DASH_MM_DD_AMBIGUOUS,True,False,TRUE,True,False,TRUE,True,False,FALSE,False,False,TRUE,True,False,TRUE,True,False,4.0,1.0,80.0,20.0
INSP00685,2026-03-07,SCH0389,True,False,True,True,False,Shravya Sami,Good condition,SCH-0389,SCH0389,True,07.03.2026,2026-03-07,DOT_DD_MM_AMBIGUOUS,True,False,TRUE,True,False,N,False,False,Haan,True,False,TRUE,True,False,FALSE,False,False,3.0,2.0,60.0,40.0
INSP00036,2025-12-24,SCH0125,False,True,True,True,True,Dev Deshmukh,Good condition,SCH-0125,SCH0125,True,24.12.2025,2025-12-24,DOT_DD_MM_YYYY,False,False,FALSE,False,False,Hai,True,False,1,True,False,TRUE,True,False,Y,True,False,4.0,1.0,80.0,20.0
INSP02972,2025-11-22,SCH0321,,True,True,,False,,,sch0321,SCH0321,True,22-Nov-25,2025-11-22,TEXT_MONTH,False,False,,,True,Y,True,False,Working,True,False,,,True,Not Available,False,False,2.0,1.0,40.0,20.0
INSP00525,2025-02-06,SCH0203,True,True,True,False,False,Chatura Sur,Needs repair,SCH0203,SCH0203,False,02-06-2025,2025-02-06,DASH_MM_DD_AMBIGUOUS,True,False,TRUE,True,False,TRUE,True,False,Working,True,False,FALSE,False,False,FALSE,False,False,3.0,2.0,60.0,40.0
INSP02456,2026-03-14,SCH0051,True,True,True,True,True,Nicholas Sachar,No remarks,S0051,SCH0051,True,03-14-2026,2026-03-14,DASH_MM_DD_YYYY,False,False,1,True,False,TRUE,True,False,TRUE,True,False,TRUE,True,False,Hai,True,False,5.0,0.0,100.0,0.0
INSP00921,2025-09-23,SCH0037,True,True,True,False,True,Anthony Sangha,No remarks,SCH0037,SCH0037,False,23-09-2025,2025-09-23,DASH_DD_MM_YYYY,False,False,Haan,True,False,TRUE,True,False,1,True,False,FALSE,False,False,Haan,True,False,4.0,1.0,80.0,20.0
INSP01842,2026-12-03,SCH0371,True,True,True,True,False,Forum Dugar,Good condition,sch_0371,SCH0371,True,12-03-2026,2026-12-03,DASH_MM_DD_AMBIGUOUS,True,False,Functional,True,False,Hai,True,False,H,True,False,TRUE,True,False,N,False,False,4.0,1.0,80.0,20.0
INSP01891,2026-11-01,SCH0184,,True,True,True,True,Om Chaudhuri,No remarks,SCH0184,SCH0184,False,11-01-2026,2026-11-01,DASH_MM_DD_AMBIGUOUS,True,False,,,True,TRUE,True,False,Y,True,False,TRUE,True,False,TRUE,True,False,4.0,0.0,80.0,0.0
INSP00538,2026-03-18,SCH0343,True,True,False,False,True,Rushil Rajagopal,Good condition,sch_0343,SCH0343,True,18-03-2026,2026-03-18,DASH_DD_MM_YYYY,False,False,TRUE,True,False,TRUE,True,False,FALSE,False,False,N,False,False,TRUE,True,False,3.0,2.0,60.0,40.0
INSP01706,2025-06-10,SCH0593,False,False,True,True,True,Nirja Dugar,No remarks,SCH0593,SCH0593,False,06-10-2025,2025-06-10,DASH_MM_DD_AMBIGUOUS,True,False,FALSE,False,False,0,False,False,TRUE,True,False,Available,True,False,TRUE,True,False,3.0,2.0,60.0,40.0
INSP00246,2026-10-03,SCH0196,True,False,True,True,True,George Kadakia,,sch_0196,SCH0196,True,10-03-2026,2026-10-03,DASH_MM_DD_AMBIGUOUS,True,False,TRUE,True,False,FALSE,False,False,Yes,True,False,TRUE,True,False,1,True,False,4.0,1.0,80.0,20.0
INSP00785,2026-03-02,SCH0276,True,True,True,True,False,Ekalinga Chauhan,Toilets locked,SCH-0276,SCH0276,True,02-Mar-26,2026-03-02,TEXT_MONTH,False,False,TRUE,True,False,TRUE,True,False,H,True,False,TRUE,True,False,FALSE,False,False,4.0,1.0,80.0,20.0
INSP01410,2025-09-19,SCH0076,True,True,True,False,False,Xiti Naik,Average,SCH0076,SCH0076,False,19-Sep-25,2025-09-19,TEXT_MONTH,False,False,Y,True,False,TRUE,True,False,haan,True,False,FALSE,False,False,na,False,False,3.0,2.0,60.0,40.0
INSP02538,2025-08-04,SCH0308,True,True,True,True,True,Yasti Dhawan,Good condition,SCH-0308,SCH0308,True,04-Aug-25,2025-08-04,TEXT_MONTH,False,False,1,True,False,TRUE,True,False,TRUE,True,False,TRUE,True,False,Hai,True,False,5.0,0.0,100.0,0.0
INSP00155,2025-12-05,SCH0096,True,True,True,False,,Vincent Toor,No remarks,SCH0096,SCH0096,False,12-05-2025,2025-12-05,DASH_MM_DD_AMBIGUOUS,True,False,TRUE,True,False,TRUE,True,False,TRUE,True,False,FALSE,False,False,,,True,3.0,1.0,60.0,20.0
INSP01687,2025-06-18,SCH0444,False,True,False,True,False,Lajita Sandal,Good condition,SCH0444,SCH0444,False,18-Jun-25,2025-06-18,TEXT_MONTH,False,False,FALSE,False,False,1,True,False,Nahi hai,False,False,Yes,True,False,No,False,False,2.0,3.0,40.0,60.0
INSP00626,2025-09-09,SCH0456,True,False,True,True,True,Jhalak Kibe,Toilets locked,sch0456,SCH0456,True,09.09.2025,2025-09-09,DOT_DD_MM_AMBIGUOUS,True,False,TRUE,True,False,FALSE,False,False,Yes,True,False,TRUE,True,False,Y,True,False,4.0,1.0,80.0,20.0
INSP02734,2025-11-14,SCH0320,True,True,,False,False,Theodore Sarkar,,SCH-0320,SCH0320,True,14-11-2025,2025-11-14,DASH_DD_MM_YYYY,False,False,TRUE,True,False,TRUE,True,False,,,True,FALSE,False,False,Broken,False,False,2.0,2.0,40.0,40.0
INSP01347,2025-09-29,SCH0505,True,True,True,False,True,Jack Dutt,Needs repair,sch0505,SCH0505,True,29-09-2025,2025-09-29,DASH_DD_MM_YYYY,False,False,TRUE,True,False,TRUE,True,False,TRUE,True,False,Nahi,False,False,TRUE,True,False,4.0,1.0,80.0,20.0
INSP00570,2026-03-13,SCH0043,True,False,True,True,,Yadavi Krishnamurthy,Average,SCH0043,SCH0043,False,13.03.2026,2026-03-13,DOT_DD_MM_YYYY,False,False,Haan,True,False,FALSE,False,False,TRUE,True,False,TRUE,True,False,,,True,3.0,1.0,60.0,20.0
INSP01759,2025-05-10,SCH0416,False,True,True,True,True,,Good condition,SCH-0416,SCH0416,True,05-10-2025,2025-05-10,DASH_MM_DD_AMBIGUOUS,True,False,FALSE,False,False,TRUE,True,False,Yes,True,False,Hai,True,False,TRUE,True,False,4.0,1.0,80.0,20.0
INSP01817,2025-06-23,SCH0368,True,True,True,True,False,Daksh Narasimhan,Toilets locked,S0368,SCH0368,True,23-06-2025,2025-06-23,DASH_DD_MM_YYYY,False,False,TRUE,True,False,TRUE,True,False,TRUE,True,False,Haan,True,False,FALSE,False,False,4.0,1.0,80.0,20.0
INSP02066,2025-10-16,SCH0151,False,False,True,False,True,Triya Bedi,Good condition,SCH0151,SCH0151,False,16-10-2025,2025-10-16,DASH_DD_MM_YYYY,False,False,FALSE,False,False,FALSE,False,False,TRUE,True,False,No,False,False,TRUE,True,False,2.0,3.0,40.0,60.0
INSP00128,2025-05-27,SCH0312,True,False,True,False,True,Yashasvi Manda,Average,SCH0312,SCH0312,False,27-05-2025,2025-05-27,DASH_DD_MM_YYYY,False,False,Y,True,False,FALSE,False,False,TRUE,True,False,FALSE,False,False,Yes,True,False,3.0,2.0,60.0,40.0
INSP02007,2025-12-20,SCH0217,True,True,True,,True,Darika Atwal,Toilets locked,SCH0217,SCH0217,False,20-Dec-25,2025-12-20,TEXT_MONTH,False,False,Working,True,False,TRUE,True,False,TRUE,True,False,,,True,TRUE,True,False,4.0,0.0,80.0,0.0
INSP00981,2026-01-26,SCH0476,True,True,True,True,True,,Good condition,SCH0476,SCH0476,False,26.01.2026,2026-01-26,DOT_DD_MM_YYYY,False,False,Haan,True,False,Hai,True,False,Available,True,False,H,True,False,TRUE,True,False,5.0,0.0,100.0,0.0
INSP00191,2026-03-09,SCH0213,True,True,True,,False,Maanav Pai,Toilets locked,sch_0213,SCH0213,True,03-09-2026,2026-03-09,DASH_MM_DD_AMBIGUOUS,True,False,Y,True,False,haan,True,False,TRUE,True,False,,,True,FALSE,False,False,3.0,1.0,60.0,20.0
INSP01140,2025-08-07,SCH0159,False,True,True,True,,Theodore Krishnan,Needs repair,SCH0159,SCH0159,False,07.08.2025,2025-08-07,DOT_DD_MM_AMBIGUOUS,True,False,FALSE,False,False,TRUE,True,False,Haan,True,False,H,True,False,,,True,3.0,1.0,60.0,20.0
INSP00993,2025-10-29,SCH0165,False,False,True,False,False,Ria Sandhu,No remarks,sch0165,SCH0165,True,29-10-2025,2025-10-29,DASH_DD_MM_YYYY,False,False,Kharab,False,False,FALSE,False,False,haan,True,False,FALSE,False,False,FALSE,False,False,1.0,4.0,20.0,80.0
INSP00700,2026-08-01,SCH0596,True,True,True,True,True,Hiral Issac,Good condition,SCH0596,SCH0596,False,08-01-2026,2026-08-01,DASH_MM_DD_AMBIGUOUS,True,False,TRUE,True,False,Hai,True,False,Yes,True,False,TRUE,True,False,TRUE,True,False,5.0,0.0,100.0,0.0
INSP00607,2025-06-07,SCH0321,True,True,True,False,False,Chandran Balay,Good condition,S0321,SCH0321,True,06-07-2025,2025-06-07,DASH_MM_DD_AMBIGUOUS,True,False,haan,True,False,TRUE,True,False,haan,True,False,na,False,False,Nahi hai,False,False,3.0,2.0,60.0,40.0
INSP00181,2025-05-02,SCH0560,True,True,True,True,False,Chameli Kadakia,,SCH0560,SCH0560,False,05-02-2025,2025-05-02,DASH_MM_DD_AMBIGUOUS,True,False,TRUE,True,False,H,True,False,Functional,True,False,TRUE,True,False,FALSE,False,False,4.0,1.0,80.0,20.0
INSP00302,2025-12-24,SCH0187,False,True,True,False,True,Girik Kumer,Toilets locked,SCH0187,SCH0187,False,24-12-2025,2025-12-24,DASH_DD_MM_YYYY,False,False,FALSE,False,False,Functional,True,False,Functional,True,False,FALSE,False,False,TRUE,True,False,3.0,2.0,60.0,40.0
INSP02545,2025-09-11,SCH0290,False,True,True,True,False,,,SCH0290,SCH0290,False,09-11-2025,2025-09-11,DASH_MM_DD_AMBIGUOUS,True,False,FALSE,False,False,TRUE,True,False,Hai,True,False,TRUE,True,False,Kharab,False,False,3.0,2.0,60.0,40.0
INSP02918,2026-01-07,SCH0132,True,True,True,,True,Omkaar Mody,Toilets locked,SCH0132,SCH0132,False,07.01.2026,2026-01-07,DOT_DD_MM_AMBIGUOUS,True,False,TRUE,True,False,TRUE,True,False,Hai,True,False,,,True,Y,True,False,4.0,0.0,80.0,0.0
INSP01061,2026-01-21,SCH0078,True,True,True,True,False,Vyanjana Gera,Average,SCH-0078,SCH0078,True,21-Jan-26,2026-01-21,TEXT_MONTH,False,False,Available,True,False,1,True,False,Functional,True,False,H,True,False,Nahi hai,False,False,4.0,1.0,80.0,20.0
INSP02962,2025-07-13,SCH0082,True,True,False,True,False,,,sch_0082,SCH0082,True,13-Jul-25,2025-07-13,TEXT_MONTH,False,False,TRUE,True,False,TRUE,True,False,No,False,False,TRUE,True,False,FALSE,False,False,3.0,2.0,60.0,40.0
INSP02566,2025-10-27,SCH0535,True,True,False,True,True,Sai Ratti,Toilets locked,SCH-0535,SCH0535,True,27-10-2025,2025-10-27,DASH_DD_MM_YYYY,False,False,TRUE,True,False,TRUE,True,False,Nahi hai,False,False,TRUE,True,False,1,True,False,4.0,1.0,80.0,20.0
INSP01070,2025-05-19,SCH0265,False,True,False,True,True,Hemal Padmanabhan,,sch_0265,SCH0265,True,19-05-2025,2025-05-19,DASH_DD_MM_YYYY,False,False,FALSE,False,False,TRUE,True,False,FALSE,False,False,Available,True,False,Yes,True,False,3.0,2.0,60.0,40.0
INSP02525,2026-10-02,SCH0124,True,True,True,False,False,,Needs repair,SCH0124,SCH0124,False,10-02-2026,2026-10-02,DASH_MM_DD_AMBIGUOUS,True,False,TRUE,True,False,TRUE,True,False,TRUE,True,False,0,False,False,Nahi hai,False,False,3.0,2.0,60.0,40.0
INSP02206,2025-07-08,SCH0541,False,False,True,False,True,Amruta Sankaran,Toilets locked,SCH0541,SCH0541,False,08-Jul-25,2025-07-08,TEXT_MONTH,False,False,Kharab,False,False,FALSE,False,False,TRUE,True,False,FALSE,False,False,Y,True,False,2.0,3.0,40.0,60.0
INSP01244,2026-03-16,SCH0382,False,True,True,True,,Janani Arora,Good condition,S0382,SCH0382,True,16.03.2026,2026-03-16,DOT_DD_MM_YYYY,False,False,No,False,False,1,True,False,Functional,True,False,TRUE,True,False,,,True,3.0,1.0,60.0,20.0
INSP00017,2025-07-13,SCH0453,True,True,True,,True,Aadhya Bajwa,,453,SCH0453,True,13-07-2025,2025-07-13,DASH_DD_MM_YYYY,False,False,TRUE,True,False,TRUE,True,False,Hai,True,False,,,True,1,True,False,4.0,0.0,80.0,0.0
INSP00547,2025-06-12,SCH0279,,True,True,True,True,Gagan Shankar,Good condition,279,SCH0279,True,06-12-2025,2025-06-12,DASH_MM_DD_AMBIGUOUS,True,False,,,True,TRUE,True,False,Yes,True,False,TRUE,True,False,H,True,False,4.0,0.0,80.0,0.0
INSP00659,2026-04-01,SCH0286,False,True,True,False,True,,Good condition,SCH0286,SCH0286,False,04-01-2026,2026-04-01,DASH_MM_DD_AMBIGUOUS,True,False,FALSE,False,False,Yes,True,False,Y,True,False,N,False,False,Yes,True,False,3.0,2.0,60.0,40.0
INSP02844,2026-02-26,SCH0022,False,True,True,False,False,Jairaj Bora,Average,SCH0022,SCH0022,False,26.02.2026,2026-02-26,DOT_DD_MM_YYYY,False,False,na,False,False,Y,True,False,Hai,True,False,na,False,False,Nahi hai,False,False,2.0,3.0,40.0,60.0
INSP02876,2025-04-09,SCH0195,True,,,True,False,Qushi Bal,,sch_0195,SCH0195,True,04-09-2025,2025-04-09,DASH_MM_DD_AMBIGUOUS,True,False,TRUE,True,False,,,True,,,True,Hai,True,False,FALSE,False,False,2.0,1.0,40.0,20.0
INSP01505,2025-05-09,SCH0430,True,True,True,True,True,Zayan Bhavsar,,SCH0430,SCH0430,False,09-May-25,2025-05-09,TEXT_MONTH,False,False,Available,True,False,TRUE,True,False,H,True,False,TRUE,True,False,TRUE,True,False,5.0,0.0,100.0,0.0
INSP00960,2025-07-14,SCH0185,True,True,True,False,,Teerth Gole,Needs repair,S0185,SCH0185,True,14-07-2025,2025-07-14,DASH_DD_MM_YYYY,False,False,TRUE,True,False,TRUE,True,False,Working,True,False,FALSE,False,False,,,True,3.0,1.0,60.0,20.0
INSP02332,2025-12-24,SCH0287,True,True,True,False,True,,No remarks,SCH-0287,SCH0287,True,24-12-2025,2025-12-24,DASH_DD_MM_YYYY,False,False,Haan,True,False,Y,True,False,TRUE,True,False,N,False,False,Haan,True,False,4.0,1.0,80.0,20.0
INSP00798,2026-01-14,SCH0593,True,True,True,False,True,Harinakshi Modi,Toilets locked,sch0593,SCH0593,True,01-14-2026,2026-01-14,DASH_MM_DD_YYYY,False,False,TRUE,True,False,TRUE,True,False,1,True,False,FALSE,False,False,TRUE,True,False,4.0,1.0,80.0,20.0
INSP00226,2025-08-08,SCH0064,True,False,False,True,False,,Toilets locked,sch_0064,SCH0064,True,08-08-2025,2025-08-08,DASH_MM_DD_AMBIGUOUS,True,False,TRUE,True,False,FALSE,False,False,0,False,False,Y,True,False,FALSE,False,False,2.0,3.0,40.0,60.0
INSP02075,2025-04-16,SCH0567,False,True,True,False,False,,Good condition,sch_0567,SCH0567,True,04-16-2025,2025-04-16,DASH_MM_DD_YYYY,False,False,FALSE,False,False,H,True,False,H,True,False,FALSE,False,False,0,False,False,2.0,3.0,40.0,60.0
INSP01800,2025-08-13,SCH0404,True,True,True,True,True,Lavanya Varty,No remarks,SCH-0404,SCH0404,True,13-Aug-25,2025-08-13,TEXT_MONTH,False,False,TRUE,True,False,Haan,True,False,Available,True,False,1,True,False,Y,True,False,5.0,0.0,100.0,0.0
INSP02486,2025-08-20,SCH0425,True,False,True,False,False,Ayaan Sabharwal,Average,SCH0425,SCH0425,False,20-Aug-25,2025-08-20,TEXT_MONTH,False,False,TRUE,True,False,FALSE,False,False,TRUE,True,False,Nahi hai,False,False,0,False,False,2.0,3.0,40.0,60.0
INSP02278,2025-12-22,SCH0502,,True,True,True,False,,Needs repair,SCH0502,SCH0502,False,22.12.2025,2025-12-22,DOT_DD_MM_YYYY,False,False,,,True,H,True,False,Haan,True,False,TRUE,True,False,Nahi hai,False,False,3.0,1.0,60.0,20.0
INSP02086,2025-10-11,SCH0161,True,True,True,True,False,Fariq Sekhon,Average,sch_0161,SCH0161,True,11.10.2025,2025-10-11,DOT_DD_MM_AMBIGUOUS,True,False,TRUE,True,False,Y,True,False,TRUE,True,False,Haan,True,False,0,False,False,4.0,1.0,80.0,20.0
INSP01694,2026-03-02,SCH0220,False,False,True,False,False,Ekansh Naik,Good condition,SCH0220,SCH0220,False,03-02-2026,2026-03-02,DASH_MM_DD_AMBIGUOUS,True,False,FALSE,False,False,FALSE,False,False,TRUE,True,False,Broken,False,False,FALSE,False,False,1.0,4.0,20.0,80.0
INSP02798,2025-12-09,SCH0037,True,True,True,True,False,Samaksh Munshi,,S0037,SCH0037,True,12-09-2025,2025-12-09,DASH_MM_DD_AMBIGUOUS,True,False,Hai,True,False,1,True,False,Functional,True,False,Y,True,False,FALSE,False,False,4.0,1.0,80.0,20.0
INSP01046,2026-03-04,SCH0052,True,True,False,True,False,Kalpit Gandhi,Average,S0052,SCH0052,True,03-04-2026,2026-03-04,DASH_MM_DD_AMBIGUOUS,True,False,TRUE,True,False,TRUE,True,False,Nahi hai,False,False,Available,True,False,FALSE,False,False,3.0,2.0,60.0,40.0
INSP00470,2025-05-08,SCH0462,True,True,False,True,False,Alka Sule,Good condition,sch_0462,SCH0462,True,05-08-2025,2025-05-08,DASH_MM_DD_AMBIGUOUS,True,False,TRUE,True,False,TRUE,True,False,No,False,False,1,True,False,na,False,False,3.0,2.0,60.0,40.0
INSP00955,2025-12-12,SCH0116,False,True,True,False,True,Ati Behl,No remarks,SCH0116,SCH0116,False,12-12-2025,2025-12-12,DASH_MM_DD_AMBIGUOUS,True,False,FALSE,False,False,Working,True,False,TRUE,True,False,FALSE,False,False,haan,True,False,3.0,2.0,60.0,40.0
INSP02736,2025-09-11,SCH0228,True,True,True,False,False,Avni Grewal,,sch0228,SCH0228,True,09-11-2025,2025-09-11,DASH_MM_DD_AMBIGUOUS,True,False,TRUE,True,False,Yes,True,False,TRUE,True,False,No,False,False,No,False,False,3.0,2.0,60.0,40.0
INSP00640,2025-10-17,SCH0424,True,True,True,True,False,Qabil Balasubramanian,Good condition,S0424,SCH0424,True,17.10.2025,2025-10-17,DOT_DD_MM_YYYY,False,False,TRUE,True,False,1,True,False,TRUE,True,False,TRUE,True,False,na,False,False,4.0,1.0,80.0,20.0
INSP02921,2025-10-26,SCH0287,True,False,,False,,Gopal Sibal,Average,sch_0287,SCH0287,True,10-26-2025,2025-10-26,DASH_MM_DD_YYYY,False,False,Hai,True,False,0,False,False,,,True,0,False,False,,,True,1.0,2.0,20.0,40.0
INSP01219,2025-01-11,SCH0302,True,True,True,True,False,Sachi Raju,Toilets locked,SCH0302,SCH0302,False,01-11-2025,2025-01-11,DASH_MM_DD_AMBIGUOUS,True,False,Available,True,False,Yes,True,False,TRUE,True,False,TRUE,True,False,N,False,False,4.0,1.0,80.0,20.0
INSP01159,2026-02-16,SCH0338,True,,True,False,True,Naveen Sabharwal,Average,sch_0338,SCH0338,True,16.02.2026,2026-02-16,DOT_DD_MM_YYYY,False,False,TRUE,True,False,,,True,TRUE,True,False,FALSE,False,False,Yes,True,False,3.0,1.0,60.0,20.0
INSP01416,2025-01-05,SCH0252,True,True,True,True,False,,No remarks,SCH0252,SCH0252,False,01-05-2025,2025-01-05,DASH_MM_DD_AMBIGUOUS,True,False,1,True,False,TRUE,True,False,H,True,False,TRUE,True,False,0,False,False,4.0,1.0,80.0,20.0
INSP02853,2025-06-13,SCH0544,True,True,True,True,True,Zehaan More,Toilets locked,544,SCH0544,True,13-06-2025,2025-06-13,DASH_DD_MM_YYYY,False,False,TRUE,True,False,TRUE,True,False,H,True,False,TRUE,True,False,Hai,True,False,5.0,0.0,100.0,0.0
INSP01528,2025-11-22,SCH0047,False,True,True,True,True,Megha Saini,,SCH-0047,SCH0047,True,22-Nov-25,2025-11-22,TEXT_MONTH,False,False,FALSE,False,False,TRUE,True,False,TRUE,True,False,Hai,True,False,Y,True,False,4.0,1.0,80.0,20.0
INSP01301,2025-09-24,SCH0118,True,True,True,True,True,,Needs repair,SCH0118,SCH0118,False,09-24-2025,2025-09-24,DASH_MM_DD_YYYY,False,False,Y,True,False,TRUE,True,False,TRUE,True,False,TRUE,True,False,TRUE,True,False,5.0,0.0,100.0,0.0
INSP01604,2025-12-08,SCH0477,True,True,False,True,False,Ikbal Guha,Toilets locked,sch0477,SCH0477,True,12-08-2025,2025-12-08,DASH_MM_DD_AMBIGUOUS,True,False,Haan,True,False,TRUE,True,False,No,False,False,Y,True,False,Nahi hai,False,False,3.0,2.0,60.0,40.0
INSP00161,2026-03-14,SCH0060,False,False,True,True,True,Advaith Kapur,Toilets locked,SCH0060,SCH0060,False,14-03-2026,2026-03-14,DASH_DD_MM_YYYY,False,False,FALSE,False,False,FALSE,False,False,TRUE,True,False,TRUE,True,False,1,True,False,3.0,2.0,60.0,40.0
INSP01705,2025-04-06,SCH0380,True,True,False,False,True,,,SCH-0380,SCH0380,True,06.04.2025,2025-04-06,DOT_DD_MM_AMBIGUOUS,True,False,Yes,True,False,Functional,True,False,No,False,False,FALSE,False,False,TRUE,True,False,3.0,2.0,60.0,40.0
INSP00957,2025-08-27,SCH0319,False,True,True,True,True,Isha Patel,Needs repair,sch0319,SCH0319,True,27.08.2025,2025-08-27,DOT_DD_MM_YYYY,False,False,FALSE,False,False,TRUE,True,False,TRUE,True,False,Y,True,False,Available,True,False,4.0,1.0,80.0,20.0
INSP00878,2025-07-20,SCH0534,True,True,False,True,False,Bhavani Sodhi,,SCH0534,SCH0534,False,20-07-2025,2025-07-20,DASH_DD_MM_YYYY,False,False,TRUE,True,False,Available,True,False,na,False,False,Functional,True,False,N,False,False,3.0,2.0,60.0,40.0
INSP01920,2025-04-04,SCH0293,True,True,True,True,False,Veda Singh,Average,SCH0293,SCH0293,False,04.04.2025,2025-04-04,DOT_DD_MM_AMBIGUOUS,True,False,TRUE,True,False,1,True,False,Yes,True,False,1,True,False,FALSE,False,False,4.0,1.0,80.0,20.0
INSP01885,2026-12-03,SCH0199,False,True,True,,False,Om Dewan,Toilets locked,sch_0199,SCH0199,True,12-03-2026,2026-12-03,DASH_MM_DD_AMBIGUOUS,True,False,FALSE,False,False,TRUE,True,False,TRUE,True,False,,,True,Kharab,False,False,2.0,2.0,40.0,40.0
INSP02201,2025-08-24,SCH0059,True,True,True,False,False,Frederick Kohli,,sch0059,SCH0059,True,08-24-2025,2025-08-24,DASH_MM_DD_YYYY,False,False,TRUE,True,False,TRUE,True,False,Y,True,False,FALSE,False,False,0,False,False,3.0,2.0,60.0,40.0
INSP00099,2026-03-06,SCH0123,True,True,True,True,False,Chandran Savant,Average,sch_0123,SCH0123,True,03-06-2026,2026-03-06,DASH_MM_DD_AMBIGUOUS,True,False,Working,True,False,TRUE,True,False,TRUE,True,False,TRUE,True,False,N,False,False,4.0,1.0,80.0,20.0
INSP02970,2025-10-23,SCH0522,True,True,True,False,False,Amruta Hari,Good condition,sch0522,SCH0522,True,10-23-2025,2025-10-23,DASH_MM_DD_YYYY,False,False,TRUE,True,False,Yes,True,False,Yes,True,False,Nahi,False,False,FALSE,False,False,3.0,2.0,60.0,40.0
INSP02558,2025-10-21,SCH0111,False,True,False,True,False,,Toilets locked,SCH-0111,SCH0111,True,21-Oct-25,2025-10-21,TEXT_MONTH,False,False,Not Available,False,False,TRUE,True,False,0,False,False,haan,True,False,FALSE,False,False,2.0,3.0,40.0,60.0
INSP00254,2025-02-09,SCH0406,True,True,True,True,False,Jonathan Pillai,No remarks,sch0406,SCH0406,True,02-09-2025,2025-02-09,DASH_MM_DD_AMBIGUOUS,True,False,Haan,True,False,Yes,True,False,TRUE,True,False,Yes,True,False,FALSE,False,False,4.0,1.0,80.0,20.0
INSP00104,2025-07-17,SCH0205,True,True,True,,True,Advaith Bhavsar,,sch_0205,SCH0205,True,17-07-2025,2025-07-17,DASH_DD_MM_YYYY,False,False,TRUE,True,False,TRUE,True,False,Yes,True,False,,,True,Available,True,False,4.0,0.0,80.0,0.0
INSP01446,2026-03-25,SCH0539,True,True,True,True,,Harsh Mall,Good condition,sch0539,SCH0539,True,25-03-2026,2026-03-25,DASH_DD_MM_YYYY,False,False,TRUE,True,False,TRUE,True,False,TRUE,True,False,TRUE,True,False,,,True,4.0,0.0,80.0,0.0
INSP01444,2025-04-22,SCH0521,True,True,True,False,False,Nakul Saxena,No remarks,SCH0521,SCH0521,False,22-04-2025,2025-04-22,DASH_DD_MM_YYYY,False,False,TRUE,True,False,TRUE,True,False,TRUE,True,False,FALSE,False,False,Nahi hai,False,False,3.0,2.0,60.0,40.0
INSP01649,2025-11-14,SCH0082,True,True,True,False,False,Anya Sankaran,Toilets locked,SCH0082,SCH0082,False,14-11-2025,2025-11-14,DASH_DD_MM_YYYY,False,False,TRUE,True,False,Available,True,False,Available,True,False,FALSE,False,False,na,False,False,3.0,2.0,60.0,40.0
INSP00587,2025-05-05,SCH0268,True,True,True,True,False,Jagat Patla,Good condition,SCH0268,SCH0268,False,05-May-25,2025-05-05,TEXT_MONTH,False,False,Haan,True,False,Y,True,False,Haan,True,False,TRUE,True,False,No,False,False,4.0,1.0,80.0,20.0
INSP00628,2025-06-30,SCH0081,True,True,True,True,False,,Average,sch_0081,SCH0081,True,30-06-2025,2025-06-30,DASH_DD_MM_YYYY,False,False,TRUE,True,False,1,True,False,Haan,True,False,Haan,True,False,na,False,False,4.0,1.0,80.0,20.0
INSP01697,2025-07-27,SCH0449,True,True,False,True,True,Ansh Rout,No remarks,sch_0449,SCH0449,True,27-07-2025,2025-07-27,DASH_DD_MM_YYYY,False,False,TRUE,True,False,Haan,True,False,0,False,False,Working,True,False,Y,True,False,4.0,1.0,80.0,20.0
INSP02102,2026-03-03,SCH0422,True,True,True,False,False,Amruta Patel,Needs repair,sch_0422,SCH0422,True,03-03-2026,2026-03-03,DASH_MM_DD_AMBIGUOUS,True,False,TRUE,True,False,H,True,False,TRUE,True,False,No,False,False,FALSE,False,False,3.0,2.0,60.0,40.0
INSP02200,2025-10-28,SCH0476,True,,True,True,True,Nidra Radhakrishnan,Average,SCH0476,SCH0476,False,28-10-2025,2025-10-28,DASH_DD_MM_YYYY,False,False,TRUE,True,False,,,True,TRUE,True,False,TRUE,True,False,Working,True,False,4.0,0.0,80.0,0.0
INSP00404,2025-07-22,SCH0015,True,True,True,False,True,Rayaan Gill,Good condition,S0015,SCH0015,True,22-07-2025,2025-07-22,DASH_DD_MM_YYYY,False,False,TRUE,True,False,TRUE,True,False,Haan,True,False,na,False,False,haan,True,False,4.0,1.0,80.0,20.0
INSP01155,2025-10-03,SCH0458,True,True,False,False,False,Aashi Bajaj,No remarks,SCH0458,SCH0458,False,10-03-2025,2025-10-03,DASH_MM_DD_AMBIGUOUS,True,False,H,True,False,Available,True,False,Nahi hai,False,False,FALSE,False,False,0,False,False,2.0,3.0,40.0,60.0
INSP02256,2025-05-23,SCH0597,True,,True,False,True,,,sch_0597,SCH0597,True,23-05-2025,2025-05-23,DASH_DD_MM_YYYY,False,False,TRUE,True,False,,,True,TRUE,True,False,FALSE,False,False,TRUE,True,False,3.0,1.0,60.0,20.0
INSP02864,2025-11-10,SCH0473,True,True,True,False,False,Zehaan Krishnan,Toilets locked,SCH-0473,SCH0473,True,11-10-2025,2025-11-10,DASH_MM_DD_AMBIGUOUS,True,False,TRUE,True,False,Available,True,False,TRUE,True,False,FALSE,False,False,No,False,False,3.0,2.0,60.0,40.0
INSP01683,2026-02-20,SCH0152,False,True,False,True,True,Daniel Balay,Average,SCH0152,SCH0152,False,20-02-2026,2026-02-20,DASH_DD_MM_YYYY,False,False,Not Available,False,False,TRUE,True,False,FALSE,False,False,TRUE,True,False,TRUE,True,False,3.0,2.0,60.0,40.0
INSP02057,2025-11-29,SCH0369,True,True,True,True,False,Baljiwan Saxena,Good condition,sch_0369,SCH0369,True,29.11.2025,2025-11-29,DOT_DD_MM_YYYY,False,False,Haan,True,False,TRUE,True,False,TRUE,True,False,Haan,True,False,FALSE,False,False,4.0,1.0,80.0,20.0
INSP00453,2025-07-10,SCH0026,,True,True,True,False,Bishakha Nagar,No remarks,sch_0026,SCH0026,True,07-10-2025,2025-07-10,DASH_MM_DD_AMBIGUOUS,True,False,,,True,TRUE,True,False,Functional,True,False,Hai,True,False,Nahi,False,False,3.0,1.0,60.0,20.0
INSP02302,2026-02-15,SCH0536,True,False,True,True,True,Amara Mahal,No remarks,sch_0536,SCH0536,True,15-02-2026,2026-02-15,DASH_DD_MM_YYYY,False,False,haan,True,False,FALSE,False,False,TRUE,True,False,TRUE,True,False,TRUE,True,False,4.0,1.0,80.0,20.0
INSP01328,2025-04-18,SCH0081,True,,True,False,False,Dayita Menon,Toilets locked,SCH0081,SCH0081,False,18-04-2025,2025-04-18,DASH_DD_MM_YYYY,False,False,Haan,True,False,,,True,haan,True,False,Nahi hai,False,False,FALSE,False,False,2.0,2.0,40.0,40.0
INSP02050,2026-01-07,SCH0280,True,True,True,True,False,Aashi Prashad,Toilets locked,SCH0280,SCH0280,False,07-Jan-26,2026-01-07,TEXT_MONTH,False,False,Functional,True,False,TRUE,True,False,H,True,False,Hai,True,False,na,False,False,4.0,1.0,80.0,20.0
INSP00881,2025-05-17,SCH0184,True,True,False,True,False,Nandini Tella,Average,SCH-0184,SCH0184,True,05-17-2025,2025-05-17,DASH_MM_DD_YYYY,False,False,TRUE,True,False,1,True,False,Nahi,False,False,Available,True,False,0,False,False,3.0,2.0,60.0,40.0
INSP00624,2025-01-09,SCH0256,False,False,,False,True,Darsh Datta,Average,SCH0256,SCH0256,False,01-09-2025,2025-01-09,DASH_MM_DD_AMBIGUOUS,True,False,FALSE,False,False,FALSE,False,False,,,True,FALSE,False,False,TRUE,True,False,1.0,3.0,20.0,60.0
INSP02394,2025-08-27,SCH0377,True,True,False,False,False,Laban Luthra,No remarks,SCH0377,SCH0377,False,27-08-2025,2025-08-27,DASH_DD_MM_YYYY,False,False,TRUE,True,False,Haan,True,False,FALSE,False,False,na,False,False,na,False,False,2.0,3.0,40.0,60.0
INSP02914,2025-07-09,SCH0543,True,True,True,True,True,Unni Varma,Needs repair,SCH0543,SCH0543,False,07-09-2025,2025-07-09,DASH_MM_DD_AMBIGUOUS,True,False,1,True,False,Y,True,False,Hai,True,False,TRUE,True,False,Y,True,False,5.0,0.0,100.0,0.0
INSP01788,2025-12-11,SCH0495,False,True,True,True,True,Kai Sankar,No remarks,S0495,SCH0495,True,12-11-2025,2025-12-11,DASH_MM_DD_AMBIGUOUS,True,False,na,False,False,TRUE,True,False,TRUE,True,False,TRUE,True,False,TRUE,True,False,4.0,1.0,80.0,20.0
INSP00263,2025-10-18,SCH0444,False,True,True,False,False,Keya Randhawa,Needs repair,S0444,SCH0444,True,18-10-2025,2025-10-18,DASH_DD_MM_YYYY,False,False,Not Available,False,False,Y,True,False,1,True,False,Nahi,False,False,FALSE,False,False,2.0,3.0,40.0,60.0
INSP01635,2025-12-15,SCH0393,True,False,,True,False,Vasudha Venkatesh,Average,SCH-0393,SCH0393,True,15.12.2025,2025-12-15,DOT_DD_MM_YYYY,False,False,TRUE,True,False,FALSE,False,False,,,True,TRUE,True,False,N,False,False,2.0,2.0,40.0,40.0
INSP01439,2025-11-29,SCH0577,True,True,True,True,True,Ekiya Nayak,,SCH0577,SCH0577,False,29-11-2025,2025-11-29,DASH_DD_MM_YYYY,False,False,Y,True,False,Yes,True,False,Hai,True,False,Haan,True,False,Haan,True,False,5.0,0.0,100.0,0.0
INSP02199,2025-08-13,SCH0383,True,True,True,True,True,Orinder Dutta,Average,SCH0383,SCH0383,False,13-08-2025,2025-08-13,DASH_DD_MM_YYYY,False,False,TRUE,True,False,TRUE,True,False,TRUE,True,False,TRUE,True,False,Working,True,False,5.0,0.0,100.0,0.0
INSP01970,2025-08-08,SCH0164,,True,True,False,False,Pavani Gola,Average,SCH0164,SCH0164,False,08-08-2025,2025-08-08,DASH_MM_DD_AMBIGUOUS,True,False,,,True,TRUE,True,False,Functional,True,False,FALSE,False,False,FALSE,False,False,2.0,2.0,40.0,40.0
INSP02521,2025-12-09,SCH0443,True,True,True,False,True,,Good condition,SCH0443,SCH0443,False,12-09-2025,2025-12-09,DASH_MM_DD_AMBIGUOUS,True,False,Available,True,False,TRUE,True,False,haan,True,False,Nahi hai,False,False,Y,True,False,4.0,1.0,80.0,20.0
INSP01803,2026-02-22,SCH0314,True,True,True,True,True,Triveni Goel,Needs repair,SCH0314,SCH0314,False,22.02.2026,2026-02-22,DOT_DD_MM_YYYY,False,False,Functional,True,False,TRUE,True,False,TRUE,True,False,TRUE,True,False,TRUE,True,False,5.0,0.0,100.0,0.0
INSP00641,2025-07-04,SCH0079,True,True,True,,True,Devika Kumar,No remarks,SCH-0079,SCH0079,True,07-04-2025,2025-07-04,DASH_MM_DD_AMBIGUOUS,True,False,TRUE,True,False,haan,True,False,Yes,True,False,,,True,H,True,False,4.0,0.0,80.0,0.0
INSP02386,2025-12-31,SCH0357,True,False,True,True,False,,,S0357,SCH0357,True,31-12-2025,2025-12-31,DASH_DD_MM_YYYY,False,False,TRUE,True,False,FALSE,False,False,1,True,False,TRUE,True,False,FALSE,False,False,3.0,2.0,60.0,40.0
INSP02599,2026-02-20,SCH0191,,True,,True,False,,,SCH0191,SCH0191,False,20-Feb-26,2026-02-20,TEXT_MONTH,False,False,,,True,TRUE,True,False,,,True,Hai,True,False,Nahi hai,False,False,2.0,1.0,40.0,20.0
INSP02973,2026-03-03,SCH0028,True,True,True,True,False,Faqid Parmer,Needs repair,SCH-0028,SCH0028,True,03-03-2026,2026-03-03,DASH_MM_DD_AMBIGUOUS,True,False,TRUE,True,False,TRUE,True,False,TRUE,True,False,TRUE,True,False,Nahi,False,False,4.0,1.0,80.0,20.0
INSP01960,2026-02-28,SCH0240,True,False,True,False,True,,Good condition,SCH0240,SCH0240,False,28-02-2026,2026-02-28,DASH_DD_MM_YYYY,False,False,TRUE,True,False,0,False,False,TRUE,True,False,FALSE,False,False,TRUE,True,False,3.0,2.0,60.0,40.0
INSP00489,2026-02-19,SCH0195,True,True,True,True,False,Kavya Gade,Good condition,SCH0195,SCH0195,False,19-02-2026,2026-02-19,DASH_DD_MM_YYYY,False,False,Yes,True,False,Available,True,False,TRUE,True,False,H,True,False,Nahi,False,False,4.0,1.0,80.0,20.0
INSP01844,2025-12-21,SCH0048,True,,True,,True,Harinakshi Gole,Average,SCH0048,SCH0048,False,12-21-2025,2025-12-21,DASH_MM_DD_YYYY,False,False,TRUE,True,False,,,True,TRUE,True,False,,,True,TRUE,True,False,3.0,0.0,60.0,0.0
INSP01735,2025-06-19,SCH0107,True,True,True,True,True,Eshana Bhatia,Needs repair,SCH0107,SCH0107,False,19.06.2025,2025-06-19,DOT_DD_MM_YYYY,False,False,Y,True,False,TRUE,True,False,TRUE,True,False,TRUE,True,False,Hai,True,False,5.0,0.0,100.0,0.0
INSP00147,2025-09-07,SCH0201,True,True,True,True,True,Tejas Hora,Average,SCH0201,SCH0201,False,09-07-2025,2025-09-07,DASH_MM_DD_AMBIGUOUS,True,False,Available,True,False,TRUE,True,False,Hai,True,False,TRUE,True,False,TRUE,True,False,5.0,0.0,100.0,0.0
INSP01535,2025-06-09,SCH0247,True,True,True,False,,Yutika Dugal,Toilets locked,SCH0247,SCH0247,False,09.06.2025,2025-06-09,DOT_DD_MM_AMBIGUOUS,True,False,TRUE,True,False,TRUE,True,False,Functional,True,False,Nahi,False,False,,,True,3.0,1.0,60.0,20.0
INSP01987,2025-05-12,SCH0274,True,True,True,False,False,Jai Sarkar,Needs repair,SCH-0274,SCH0274,True,05-12-2025,2025-05-12,DASH_MM_DD_AMBIGUOUS,True,False,TRUE,True,False,Available,True,False,Available,True,False,FALSE,False,False,FALSE,False,False,3.0,2.0,60.0,40.0
INSP01370,2026-01-31,SCH0165,False,False,True,True,True,Manan Ravel,No remarks,sch_0165,SCH0165,True,31-Jan-26,2026-01-31,TEXT_MONTH,False,False,FALSE,False,False,FALSE,False,False,Yes,True,False,Y,True,False,Yes,True,False,3.0,2.0,60.0,40.0
INSP02451,2025-07-11,SCH0371,True,False,False,False,False,Maanas Patla,,SCH0371,SCH0371,False,07-11-2025,2025-07-11,DASH_MM_DD_AMBIGUOUS,True,False,Y,True,False,Nahi hai,False,False,N,False,False,Nahi,False,False,na,False,False,1.0,4.0,20.0,80.0
INSP02812,2025-11-14,SCH0371,False,,True,False,True,,,SCH0371,SCH0371,False,14-Nov-25,2025-11-14,TEXT_MONTH,False,False,FALSE,False,False,,,True,Y,True,False,FALSE,False,False,1,True,False,2.0,2.0,40.0,40.0
INSP00660,2025-09-01,SCH0055,True,False,False,True,False,Ranbir Mitra,No remarks,SCH0055,SCH0055,False,01-Sep-25,2025-09-01,TEXT_MONTH,False,False,H,True,False,Nahi,False,False,FALSE,False,False,TRUE,True,False,na,False,False,2.0,3.0,40.0,60.0
INSP01795,2025-04-23,SCH0197,True,True,False,True,True,Jacob Gaba,Good condition,S0197,SCH0197,True,23-04-2025,2025-04-23,DASH_DD_MM_YYYY,False,False,TRUE,True,False,TRUE,True,False,Nahi,False,False,Y,True,False,Haan,True,False,4.0,1.0,80.0,20.0
INSP02512,2025-03-04,SCH0096,False,True,False,True,True,,Average,SCH0096,SCH0096,False,03-04-2025,2025-03-04,DASH_MM_DD_AMBIGUOUS,True,False,FALSE,False,False,TRUE,True,False,Nahi hai,False,False,1,True,False,TRUE,True,False,3.0,2.0,60.0,40.0
INSP00187,2025-10-22,SCH0527,True,True,True,True,True,Ganga Murty,No remarks,sch0527,SCH0527,True,22.10.2025,2025-10-22,DOT_DD_MM_YYYY,False,False,H,True,False,TRUE,True,False,TRUE,True,False,TRUE,True,False,TRUE,True,False,5.0,0.0,100.0,0.0
INSP01148,2025-06-09,SCH0363,True,True,True,True,True,Darika Sarna,Good condition,SCH-0363,SCH0363,True,06-09-2025,2025-06-09,DASH_MM_DD_AMBIGUOUS,True,False,TRUE,True,False,Y,True,False,TRUE,True,False,TRUE,True,False,1,True,False,5.0,0.0,100.0,0.0
INSP00609,2025-12-05,SCH0593,False,True,True,True,True,Falak Kamdar,,SCH0593,SCH0593,False,12-05-2025,2025-12-05,DASH_MM_DD_AMBIGUOUS,True,False,FALSE,False,False,TRUE,True,False,TRUE,True,False,Working,True,False,haan,True,False,4.0,1.0,80.0,20.0
INSP02192,2026-02-27,SCH0231,True,True,True,False,False,,No remarks,sch_0231,SCH0231,True,27-02-2026,2026-02-27,DASH_DD_MM_YYYY,False,False,TRUE,True,False,1,True,False,TRUE,True,False,FALSE,False,False,FALSE,False,False,3.0,2.0,60.0,40.0
INSP02800,2025-05-20,SCH0019,True,True,True,False,True,Rajata Salvi,Good condition,SCH0019,SCH0019,False,20-05-2025,2025-05-20,DASH_DD_MM_YYYY,False,False,TRUE,True,False,TRUE,True,False,Functional,True,False,Nahi hai,False,False,Yes,True,False,4.0,1.0,80.0,20.0
INSP01931,2025-07-23,SCH0045,,True,True,True,False,Veer Naik,,sch0045,SCH0045,True,23.07.2025,2025-07-23,DOT_DD_MM_YYYY,False,False,,,True,TRUE,True,False,TRUE,True,False,TRUE,True,False,FALSE,False,False,3.0,1.0,60.0,20.0
INSP00198,2025-12-27,SCH0403,True,False,True,True,True,Gaurika Kaur,Needs repair,SCH0403,SCH0403,False,27-12-2025,2025-12-27,DASH_DD_MM_YYYY,False,False,Y,True,False,FALSE,False,False,TRUE,True,False,Y,True,False,TRUE,True,False,4.0,1.0,80.0,20.0
INSP02328,2026-03-27,SCH0161,True,True,True,True,True,Charvi Parmer,Needs repair,sch_0161,SCH0161,True,27-03-2026,2026-03-27,DASH_DD_MM_YYYY,False,False,Working,True,False,TRUE,True,False,Yes,True,False,TRUE,True,False,H,True,False,5.0,0.0,100.0,0.0
INSP00294,2026-03-18,SCH0064,True,False,True,,False,Michael Badami,,sch_0064,SCH0064,True,18-03-2026,2026-03-18,DASH_DD_MM_YYYY,False,False,TRUE,True,False,Nahi hai,False,False,TRUE,True,False,,,True,0,False,False,2.0,2.0,40.0,40.0
INSP00767,2025-08-23,SCH0248,True,True,True,True,False,Devansh Ganesh,Average,SCH0248,SCH0248,False,23-08-2025,2025-08-23,DASH_DD_MM_YYYY,False,False,TRUE,True,False,TRUE,True,False,TRUE,True,False,TRUE,True,False,Nahi hai,False,False,4.0,1.0,80.0,20.0
INSP00401,2025-07-14,SCH0040,True,True,False,True,True,Gunbir Sekhon,Average,SCH0040,SCH0040,False,14-07-2025,2025-07-14,DASH_DD_MM_YYYY,False,False,Yes,True,False,Working,True,False,FALSE,False,False,Working,True,False,TRUE,True,False,4.0,1.0,80.0,20.0
INSP00123,2025-09-11,SCH0312,True,True,True,,False,Pahal Parmar,,SCH0312,SCH0312,False,09-11-2025,2025-09-11,DASH_MM_DD_AMBIGUOUS,True,False,Yes,True,False,TRUE,True,False,TRUE,True,False,,,True,FALSE,False,False,3.0,1.0,60.0,20.0
INSP00203,2025-07-18,SCH0274,False,True,True,False,False,Aadhya Sarna,Good condition,SCH0274,SCH0274,False,18.07.2025,2025-07-18,DOT_DD_MM_YYYY,False,False,FALSE,False,False,1,True,False,haan,True,False,FALSE,False,False,Kharab,False,False,2.0,3.0,40.0,60.0
INSP00836,2026-02-13,SCH0504,True,True,True,True,False,Brinda Joshi,Good condition,SCH-0504,SCH0504,True,13.02.2026,2026-02-13,DOT_DD_MM_YYYY,False,False,Functional,True,False,Yes,True,False,Y,True,False,1,True,False,FALSE,False,False,4.0,1.0,80.0,20.0
INSP02295,2025-05-09,SCH0446,False,True,True,,False,Yochana Mahal,,SCH-0446,SCH0446,True,05-09-2025,2025-05-09,DASH_MM_DD_AMBIGUOUS,True,False,Nahi hai,False,False,TRUE,True,False,TRUE,True,False,,,True,FALSE,False,False,2.0,2.0,40.0,40.0
INSP01440,2025-12-11,SCH0352,False,True,True,True,True,Damini Comar,Good condition,352,SCH0352,True,11.12.2025,2025-12-11,DOT_DD_MM_AMBIGUOUS,True,False,0,False,False,TRUE,True,False,H,True,False,Yes,True,False,TRUE,True,False,4.0,1.0,80.0,20.0
INSP01734,2025-06-27,SCH0372,True,False,True,True,True,Christopher Sharaf,,sch0372,SCH0372,True,27-Jun-25,2025-06-27,TEXT_MONTH,False,False,Available,True,False,na,False,False,TRUE,True,False,TRUE,True,False,TRUE,True,False,4.0,1.0,80.0,20.0
INSP01696,2025-10-11,SCH0578,True,,False,True,,Pavani Vyas,Toilets locked,sch0578,SCH0578,True,11-Oct-25,2025-10-11,TEXT_MONTH,False,False,Yes,True,False,,,True,Not Available,False,False,Working,True,False,,,True,2.0,1.0,40.0,20.0
INSP01708,2025-04-16,SCH0037,True,False,False,False,True,Amol Keer,Average,SCH0037,SCH0037,False,04-16-2025,2025-04-16,DASH_MM_DD_YYYY,False,False,TRUE,True,False,na,False,False,FALSE,False,False,Nahi,False,False,Working,True,False,2.0,3.0,40.0,60.0
INSP01154,2025-09-12,SCH0503,False,True,True,True,False,Vincent Modi,Toilets locked,503,SCH0503,True,09-12-2025,2025-09-12,DASH_MM_DD_AMBIGUOUS,True,False,FALSE,False,False,1,True,False,TRUE,True,False,haan,True,False,FALSE,False,False,3.0,2.0,60.0,40.0
INSP01662,2025-09-13,SCH0219,False,False,True,True,True,Upma Mammen,Good condition,SCH0219,SCH0219,False,13-09-2025,2025-09-13,DASH_DD_MM_YYYY,False,False,Kharab,False,False,FALSE,False,False,TRUE,True,False,haan,True,False,Yes,True,False,3.0,2.0,60.0,40.0
INSP02433,2025-08-15,SCH0237,False,True,True,True,True,Harini Dhar,No remarks,sch0237,SCH0237,True,15-08-2025,2025-08-15,DASH_DD_MM_YYYY,False,False,FALSE,False,False,TRUE,True,False,Hai,True,False,TRUE,True,False,Hai,True,False,4.0,1.0,80.0,20.0
INSP01760,2025-09-02,SCH0413,True,True,True,True,False,Chaaya Garg,Average,SCH0413,SCH0413,False,02.09.2025,2025-09-02,DOT_DD_MM_AMBIGUOUS,True,False,TRUE,True,False,TRUE,True,False,TRUE,True,False,1,True,False,Not Available,False,False,4.0,1.0,80.0,20.0
INSP00855,2026-01-26,SCH0431,True,True,True,True,True,Sanya Ganesan,Average,SCH0431,SCH0431,False,01-26-2026,2026-01-26,DASH_MM_DD_YYYY,False,False,H,True,False,1,True,False,TRUE,True,False,Yes,True,False,Functional,True,False,5.0,0.0,100.0,0.0
INSP01590,2025-12-23,SCH0340,True,True,True,True,True,Hardik Mistry,Good condition,sch0340,SCH0340,True,23-12-2025,2025-12-23,DASH_DD_MM_YYYY,False,False,H,True,False,H,True,False,TRUE,True,False,Y,True,False,TRUE,True,False,5.0,0.0,100.0,0.0
INSP02268,2025-11-09,SCH0542,True,True,True,False,False,Nitesh Bhavsar,No remarks,542,SCH0542,True,09.11.2025,2025-11-09,DOT_DD_MM_AMBIGUOUS,True,False,TRUE,True,False,TRUE,True,False,Haan,True,False,FALSE,False,False,N,False,False,3.0,2.0,60.0,40.0
INSP00642,2025-07-11,SCH0387,True,True,True,True,True,Kamya Sahota,Average,SCH0387,SCH0387,False,07-11-2025,2025-07-11,DASH_MM_DD_AMBIGUOUS,True,False,TRUE,True,False,TRUE,True,False,TRUE,True,False,TRUE,True,False,TRUE,True,False,5.0,0.0,100.0,0.0
INSP00002,2026-02-26,SCH0529,True,True,False,False,True,Charita Rout,Toilets locked,sch0529,SCH0529,True,02-26-2026,2026-02-26,DASH_MM_DD_YYYY,False,False,Hai,True,False,Haan,True,False,FALSE,False,False,na,False,False,TRUE,True,False,3.0,2.0,60.0,40.0
INSP02161,2025-04-21,SCH0299,True,False,False,True,False,Isha Rattan,Good condition,sch_0299,SCH0299,True,21-Apr-25,2025-04-21,TEXT_MONTH,False,False,TRUE,True,False,No,False,False,FALSE,False,False,Haan,True,False,FALSE,False,False,2.0,3.0,40.0,60.0
INSP00699,2025-09-07,SCH0148,True,True,True,True,True,Mitali Kakar,Average,sch_0148,SCH0148,True,09-07-2025,2025-09-07,DASH_MM_DD_AMBIGUOUS,True,False,H,True,False,1,True,False,TRUE,True,False,TRUE,True,False,TRUE,True,False,5.0,0.0,100.0,0.0
INSP01637,2025-04-07,SCH0445,True,True,False,,False,Chandani Bedi,,S0445,SCH0445,True,04-07-2025,2025-04-07,DASH_MM_DD_AMBIGUOUS,True,False,TRUE,True,False,TRUE,True,False,FALSE,False,False,,,True,FALSE,False,False,2.0,2.0,40.0,40.0
INSP01292,2026-03-14,SCH0203,,False,True,True,False,Xavier Banerjee,Toilets locked,SCH-0203,SCH0203,True,14-03-2026,2026-03-14,DASH_DD_MM_YYYY,False,False,,,True,na,False,False,TRUE,True,False,haan,True,False,FALSE,False,False,2.0,2.0,40.0,40.0
INSP02999,2025-07-12,SCH0514,False,True,False,True,False,Harita Deep,Needs repair,SCH0514,SCH0514,False,07-12-2025,2025-07-12,DASH_MM_DD_AMBIGUOUS,True,False,FALSE,False,False,H,True,False,na,False,False,Functional,True,False,FALSE,False,False,2.0,3.0,40.0,60.0
INSP02490,2025-10-06,SCH0527,True,True,False,True,False,Yatin Nayak,,S0527,SCH0527,True,10-06-2025,2025-10-06,DASH_MM_DD_AMBIGUOUS,True,False,TRUE,True,False,TRUE,True,False,0,False,False,TRUE,True,False,FALSE,False,False,3.0,2.0,60.0,40.0
INSP01521,2025-07-02,SCH0515,False,True,False,False,False,Dalaja Comar,Needs repair,SCH0515,SCH0515,False,02-Jul-25,2025-07-02,TEXT_MONTH,False,False,na,False,False,TRUE,True,False,0,False,False,Broken,False,False,FALSE,False,False,1.0,4.0,20.0,80.0
INSP01854,2026-01-31,SCH0201,True,True,False,True,True,Yasti Savant,Toilets locked,sch_0201,SCH0201,True,31-01-2026,2026-01-31,DASH_DD_MM_YYYY,False,False,Working,True,False,TRUE,True,False,FALSE,False,False,Y,True,False,TRUE,True,False,4.0,1.0,80.0,20.0
INSP01137,2025-05-11,SCH0358,True,True,True,True,True,,Toilets locked,SCH0358,SCH0358,False,05-11-2025,2025-05-11,DASH_MM_DD_AMBIGUOUS,True,False,TRUE,True,False,Y,True,False,TRUE,True,False,TRUE,True,False,TRUE,True,False,5.0,0.0,100.0,0.0
INSP01632,2025-07-31,SCH0269,False,True,True,False,False,Baghyawati Dash,,SCH0269,SCH0269,False,07-31-2025,2025-07-31,DASH_MM_DD_YYYY,False,False,FALSE,False,False,TRUE,True,False,TRUE,True,False,Nahi,False,False,No,False,False,2.0,3.0,40.0,60.0
INSP01999,2025-11-10,SCH0558,True,True,False,True,False,Oscar Bir,Needs repair,SCH-0558,SCH0558,True,11-10-2025,2025-11-10,DASH_MM_DD_AMBIGUOUS,True,False,TRUE,True,False,TRUE,True,False,FALSE,False,False,TRUE,True,False,Kharab,False,False,3.0,2.0,60.0,40.0
INSP00664,2025-10-09,SCH0235,True,False,True,True,False,,,SCH0235,SCH0235,False,09.10.2025,2025-10-09,DOT_DD_MM_AMBIGUOUS,True,False,TRUE,True,False,FALSE,False,False,TRUE,True,False,haan,True,False,Nahi hai,False,False,3.0,2.0,60.0,40.0
INSP00684,2025-08-24,SCH0586,True,True,True,True,True,Edhitha Palla,Average,sch0586,SCH0586,True,24-Aug-25,2025-08-24,TEXT_MONTH,False,False,TRUE,True,False,TRUE,True,False,H,True,False,TRUE,True,False,TRUE,True,False,5.0,0.0,100.0,0.0
INSP01258,2025-05-05,SCH0388,True,True,True,False,True,Chandani Comar,,SCH0388,SCH0388,False,05-May-25,2025-05-05,TEXT_MONTH,False,False,Available,True,False,TRUE,True,False,Yes,True,False,FALSE,False,False,Yes,True,False,4.0,1.0,80.0,20.0
INSP00318,2025-08-21,SCH0387,True,True,True,True,False,Triveni Walla,Needs repair,SCH0387,SCH0387,False,21.08.2025,2025-08-21,DOT_DD_MM_YYYY,False,False,H,True,False,TRUE,True,False,Functional,True,False,Yes,True,False,FALSE,False,False,4.0,1.0,80.0,20.0
INSP00649,2025-12-10,SCH0223,True,True,True,True,,Kamala Parikh,Needs repair,SCH-0223,SCH0223,True,12-10-2025,2025-12-10,DASH_MM_DD_AMBIGUOUS,True,False,Yes,True,False,TRUE,True,False,1,True,False,haan,True,False,,,True,4.0,0.0,80.0,0.0
INSP01435,2025-05-05,SCH0545,True,True,True,True,False,Harish Shroff,Average,S0545,SCH0545,True,05-05-2025,2025-05-05,DASH_MM_DD_AMBIGUOUS,True,False,Functional,True,False,TRUE,True,False,haan,True,False,TRUE,True,False,Not Available,False,False,4.0,1.0,80.0,20.0
INSP01480,2025-10-16,SCH0004,False,True,True,True,True,Meghana Sahota,,SCH0004,SCH0004,False,16-10-2025,2025-10-16,DASH_DD_MM_YYYY,False,False,FALSE,False,False,TRUE,True,False,TRUE,True,False,Yes,True,False,haan,True,False,4.0,1.0,80.0,20.0
INSP00710,2025-12-13,SCH0336,True,True,True,True,True,Chanakya Nayak,Good condition,S0336,SCH0336,True,13-12-2025,2025-12-13,DASH_DD_MM_YYYY,False,False,Available,True,False,TRUE,True,False,Y,True,False,Haan,True,False,TRUE,True,False,5.0,0.0,100.0,0.0
INSP01283,2025-12-07,SCH0021,False,True,False,True,False,,Good condition,SCH-0021,SCH0021,True,12-07-2025,2025-12-07,DASH_MM_DD_AMBIGUOUS,True,False,Nahi hai,False,False,H,True,False,FALSE,False,False,TRUE,True,False,FALSE,False,False,2.0,3.0,40.0,60.0
INSP01769,2025-07-13,SCH0186,True,True,True,False,False,Yauvani Gulati,Needs repair,S0186,SCH0186,True,13-07-2025,2025-07-13,DASH_DD_MM_YYYY,False,False,TRUE,True,False,TRUE,True,False,TRUE,True,False,na,False,False,Broken,False,False,3.0,2.0,60.0,40.0
INSP00973,2026-03-22,SCH0534,False,True,True,True,True,Dipta Lad,Toilets locked,SCH0534,SCH0534,False,22.03.2026,2026-03-22,DOT_DD_MM_YYYY,False,False,FALSE,False,False,Y,True,False,1,True,False,H,True,False,1,True,False,4.0,1.0,80.0,20.0
INSP02676,2025-05-11,SCH0385,True,False,False,,,Thomas Munshi,Good condition,SCH0385,SCH0385,False,05-11-2025,2025-05-11,DASH_MM_DD_AMBIGUOUS,True,False,Hai,True,False,FALSE,False,False,FALSE,False,False,,,True,,,True,1.0,2.0,20.0,40.0
INSP02681,2025-10-19,SCH0557,True,True,True,True,,Qasim Dugar,Good condition,SCH0557,SCH0557,False,19-Oct-25,2025-10-19,TEXT_MONTH,False,False,TRUE,True,False,TRUE,True,False,TRUE,True,False,Working,True,False,,,True,4.0,0.0,80.0,0.0
INSP01307,2025-12-10,SCH0534,False,True,False,True,,Gauri Chaudhari,Toilets locked,SCH0534,SCH0534,False,12-10-2025,2025-12-10,DASH_MM_DD_AMBIGUOUS,True,False,FALSE,False,False,TRUE,True,False,FALSE,False,False,haan,True,False,,,True,2.0,2.0,40.0,40.0
INSP01401,2025-06-18,SCH0519,True,False,True,False,True,Liam Sandhu,Average,SCH0519,SCH0519,False,18.06.2025,2025-06-18,DOT_DD_MM_YYYY,False,False,Yes,True,False,0,False,False,TRUE,True,False,FALSE,False,False,Y,True,False,3.0,2.0,60.0,40.0
INSP01409,2025-08-07,SCH0110,True,True,True,True,True,Pahal Pillay,Average,sch_0110,SCH0110,True,07-Aug-25,2025-08-07,TEXT_MONTH,False,False,Hai,True,False,TRUE,True,False,Working,True,False,TRUE,True,False,TRUE,True,False,5.0,0.0,100.0,0.0
INSP02238,2025-07-12,SCH0140,True,True,True,True,False,Kamya Tripathi,Toilets locked,sch_0140,SCH0140,True,07-12-2025,2025-07-12,DASH_MM_DD_AMBIGUOUS,True,False,Yes,True,False,TRUE,True,False,1,True,False,H,True,False,Nahi,False,False,4.0,1.0,80.0,20.0
INSP01497,2025-07-31,SCH0535,False,,True,False,True,Chaaya Lalla,Average,SCH-0535,SCH0535,True,31.07.2025,2025-07-31,DOT_DD_MM_YYYY,False,False,FALSE,False,False,,,True,TRUE,True,False,FALSE,False,False,TRUE,True,False,2.0,2.0,40.0,40.0
INSP02039,2025-12-27,SCH0024,True,True,False,True,True,Luke Mann,Good condition,SCH0024,SCH0024,False,27.12.2025,2025-12-27,DOT_DD_MM_YYYY,False,False,TRUE,True,False,Yes,True,False,No,False,False,TRUE,True,False,Hai,True,False,4.0,1.0,80.0,20.0
INSP01530,2025-06-05,SCH0182,False,True,False,True,True,Janya Swaminathan,No remarks,SCH0182,SCH0182,False,05-Jun-25,2025-06-05,TEXT_MONTH,False,False,N,False,False,TRUE,True,False,Nahi,False,False,TRUE,True,False,TRUE,True,False,3.0,2.0,60.0,40.0
INSP01664,2025-11-30,SCH0076,False,True,True,False,True,,Good condition,sch0076,SCH0076,True,30.11.2025,2025-11-30,DOT_DD_MM_YYYY,False,False,FALSE,False,False,Haan,True,False,TRUE,True,False,Nahi,False,False,TRUE,True,False,3.0,2.0,60.0,40.0
INSP01355,2026-02-28,SCH0254,,True,False,True,,Abhimanyu Gera,Good condition,SCH0254,SCH0254,False,28-02-2026,2026-02-28,DASH_DD_MM_YYYY,False,False,,,True,TRUE,True,False,FALSE,False,False,TRUE,True,False,,,True,2.0,1.0,40.0,20.0
INSP01644,2026-08-01,SCH0229,True,True,True,True,False,Ekapad Butala,Average,sch_0229,SCH0229,True,08-01-2026,2026-08-01,DASH_MM_DD_AMBIGUOUS,True,False,Yes,True,False,TRUE,True,False,TRUE,True,False,Yes,True,False,FALSE,False,False,4.0,1.0,80.0,20.0
INSP01052,2025-08-02,SCH0263,True,True,True,False,,Avi Borra,Good condition,sch_0263,SCH0263,True,02.08.2025,2025-08-02,DOT_DD_MM_AMBIGUOUS,True,False,TRUE,True,False,TRUE,True,False,Working,True,False,FALSE,False,False,,,True,3.0,1.0,60.0,20.0
INSP00796,2026-03-25,SCH0552,True,True,True,,True,Harita Prabhu,Good condition,SCH0552,SCH0552,False,25-03-2026,2026-03-25,DASH_DD_MM_YYYY,False,False,TRUE,True,False,TRUE,True,False,TRUE,True,False,,,True,TRUE,True,False,4.0,0.0,80.0,0.0
INSP02694,2026-02-19,SCH0590,True,False,True,True,False,,Needs repair,sch0590,SCH0590,True,19-02-2026,2026-02-19,DASH_DD_MM_YYYY,False,False,Working,True,False,No,False,False,TRUE,True,False,TRUE,True,False,Nahi hai,False,False,3.0,2.0,60.0,40.0
INSP01598,2025-01-05,SCH0028,True,True,,True,True,Tanveer Doctor,Good condition,S0028,SCH0028,True,01-05-2025,2025-01-05,DASH_MM_DD_AMBIGUOUS,True,False,H,True,False,Functional,True,False,,,True,TRUE,True,False,TRUE,True,False,4.0,0.0,80.0,0.0
INSP02605,2025-08-31,SCH0052,False,True,False,True,False,Zashil Khurana,Toilets locked,SCH0052,SCH0052,False,08-31-2025,2025-08-31,DASH_MM_DD_YYYY,False,False,N,False,False,1,True,False,Nahi hai,False,False,Functional,True,False,Kharab,False,False,2.0,3.0,40.0,60.0
INSP02730,2026-03-17,SCH0524,False,True,False,True,False,Ishanvi Gokhale,No remarks,SCH-0524,SCH0524,True,17-Mar-26,2026-03-17,TEXT_MONTH,False,False,FALSE,False,False,Available,True,False,N,False,False,TRUE,True,False,Kharab,False,False,2.0,3.0,40.0,60.0
INSP02626,2025-06-18,SCH0050,True,True,False,False,False,,,sch0050,SCH0050,True,18-06-2025,2025-06-18,DASH_DD_MM_YYYY,False,False,Yes,True,False,haan,True,False,Nahi hai,False,False,na,False,False,FALSE,False,False,2.0,3.0,40.0,60.0
INSP01820,2025-07-01,SCH0195,True,False,False,False,False,Ekiya Golla,Good condition,S0195,SCH0195,True,01-Jul-25,2025-07-01,TEXT_MONTH,False,False,haan,True,False,FALSE,False,False,Kharab,False,False,FALSE,False,False,FALSE,False,False,1.0,4.0,20.0,80.0
INSP01723,2026-02-02,SCH0304,False,True,False,False,False,Advika Babu,,SCH0304,SCH0304,False,02.02.2026,2026-02-02,DOT_DD_MM_AMBIGUOUS,True,False,No,False,False,TRUE,True,False,Nahi,False,False,Nahi,False,False,FALSE,False,False,1.0,4.0,20.0,80.0
INSP01184,2025-04-08,SCH0073,True,True,True,True,True,Aarnav Karan,No remarks,73,SCH0073,True,04-08-2025,2025-04-08,DASH_MM_DD_AMBIGUOUS,True,False,H,True,False,TRUE,True,False,Working,True,False,TRUE,True,False,Haan,True,False,5.0,0.0,100.0,0.0
INSP02573,2025-10-15,SCH0264,True,True,True,True,False,Netra Mahal,Average,S0264,SCH0264,True,15-Oct-25,2025-10-15,TEXT_MONTH,False,False,TRUE,True,False,TRUE,True,False,TRUE,True,False,TRUE,True,False,FALSE,False,False,4.0,1.0,80.0,20.0
INSP01060,2026-02-15,SCH0598,True,True,False,True,True,Urvashi Mitter,Average,SCH0598,SCH0598,False,15-02-2026,2026-02-15,DASH_DD_MM_YYYY,False,False,TRUE,True,False,Hai,True,False,FALSE,False,False,TRUE,True,False,TRUE,True,False,4.0,1.0,80.0,20.0
INSP00541,2025-07-25,SCH0485,True,True,True,True,True,Vasana Hegde,,SCH-0485,SCH0485,True,25-07-2025,2025-07-25,DASH_DD_MM_YYYY,False,False,TRUE,True,False,TRUE,True,False,H,True,False,TRUE,True,False,Working,True,False,5.0,0.0,100.0,0.0
INSP01679,2025-10-08,SCH0325,True,False,True,True,False,Mitali Deshmukh,Toilets locked,SCH0325,SCH0325,False,10-08-2025,2025-10-08,DASH_MM_DD_AMBIGUOUS,True,False,Functional,True,False,na,False,False,TRUE,True,False,TRUE,True,False,FALSE,False,False,3.0,2.0,60.0,40.0
INSP02797,2025-06-13,SCH0594,True,True,True,,,Vinaya Oommen,No remarks,SCH0594,SCH0594,False,13.06.2025,2025-06-13,DOT_DD_MM_YYYY,False,False,TRUE,True,False,TRUE,True,False,Hai,True,False,,,True,,,True,3.0,0.0,60.0,0.0
INSP02533,2025-12-28,SCH0182,True,True,True,True,True,Ekanta Bhandari,No remarks,SCH0182,SCH0182,False,12-28-2025,2025-12-28,DASH_MM_DD_YYYY,False,False,Hai,True,False,Hai,True,False,TRUE,True,False,TRUE,True,False,Haan,True,False,5.0,0.0,100.0,0.0
INSP01758,2025-07-27,SCH0427,True,True,True,True,True,Anjali Sani,,sch_0427,SCH0427,True,27-Jul-25,2025-07-27,TEXT_MONTH,False,False,TRUE,True,False,Haan,True,False,Y,True,False,Yes,True,False,TRUE,True,False,5.0,0.0,100.0,0.0
INSP01924,2025-10-12,SCH0438,True,True,True,True,False,Rayaan Lala,No remarks,SCH0438,SCH0438,False,12-Oct-25,2025-10-12,TEXT_MONTH,False,False,Functional,True,False,TRUE,True,False,Y,True,False,TRUE,True,False,FALSE,False,False,4.0,1.0,80.0,20.0
INSP00096,2025-06-13,SCH0244,True,True,True,False,False,Vrinda Karnik,,S0244,SCH0244,True,06-13-2025,2025-06-13,DASH_MM_DD_YYYY,False,False,TRUE,True,False,TRUE,True,False,TRUE,True,False,FALSE,False,False,FALSE,False,False,3.0,2.0,60.0,40.0
INSP01021,2025-06-01,SCH0103,True,True,True,False,True,Yoshita Borah,,103,SCH0103,True,01-Jun-25,2025-06-01,TEXT_MONTH,False,False,1,True,False,haan,True,False,H,True,False,FALSE,False,False,Yes,True,False,4.0,1.0,80.0,20.0
INSP00564,2026-12-03,SCH0182,False,True,False,,False,Jonathan Kanda,Toilets locked,SCH0182,SCH0182,False,12-03-2026,2026-12-03,DASH_MM_DD_AMBIGUOUS,True,False,N,False,False,TRUE,True,False,FALSE,False,False,,,True,FALSE,False,False,1.0,3.0,20.0,60.0
INSP02791,2025-07-02,SCH0056,True,,,False,True,Max Agate,Average,sch0056,SCH0056,True,02-Jul-25,2025-07-02,TEXT_MONTH,False,False,TRUE,True,False,,,True,,,True,na,False,False,Hai,True,False,2.0,1.0,40.0,20.0
INSP00864,2025-05-26,SCH0212,True,True,False,True,False,Zashil Srivastava,,SCH-0212,SCH0212,True,26-05-2025,2025-05-26,DASH_DD_MM_YYYY,False,False,Y,True,False,Working,True,False,FALSE,False,False,Haan,True,False,Broken,False,False,3.0,2.0,60.0,40.0
INSP01485,2025-09-07,SCH0107,True,True,False,True,False,,No remarks,SCH0107,SCH0107,False,09-07-2025,2025-09-07,DASH_MM_DD_AMBIGUOUS,True,False,Hai,True,False,1,True,False,Nahi,False,False,TRUE,True,False,FALSE,False,False,3.0,2.0,60.0,40.0
INSP02940,2025-02-08,SCH0356,False,False,True,True,True,Falguni Ganesan,No remarks,S0356,SCH0356,True,02-08-2025,2025-02-08,DASH_MM_DD_AMBIGUOUS,True,False,FALSE,False,False,FALSE,False,False,TRUE,True,False,TRUE,True,False,Y,True,False,3.0,2.0,60.0,40.0
INSP01882,2026-03-23,SCH0223,,True,False,True,False,Chatresh Muni,Toilets locked,S0223,SCH0223,True,23-Mar-26,2026-03-23,TEXT_MONTH,False,False,,,True,Y,True,False,0,False,False,Yes,True,False,FALSE,False,False,2.0,2.0,40.0,40.0
INSP01039,2026-01-26,SCH0254,True,False,True,True,False,,Toilets locked,SCH-0254,SCH0254,True,26-01-2026,2026-01-26,DASH_DD_MM_YYYY,False,False,Working,True,False,FALSE,False,False,TRUE,True,False,TRUE,True,False,No,False,False,3.0,2.0,60.0,40.0
INSP00207,2025-10-06,SCH0297,True,True,True,True,True,Qadim Taneja,No remarks,SCH0297,SCH0297,False,10-06-2025,2025-10-06,DASH_MM_DD_AMBIGUOUS,True,False,TRUE,True,False,Haan,True,False,TRUE,True,False,TRUE,True,False,haan,True,False,5.0,0.0,100.0,0.0
INSP00393,2025-12-30,SCH0098,True,,True,True,,Abdul Mitter,Needs repair,SCH0098,SCH0098,False,30-12-2025,2025-12-30,DASH_DD_MM_YYYY,False,False,TRUE,True,False,,,True,TRUE,True,False,TRUE,True,False,,,True,3.0,0.0,60.0,0.0
INSP02843,2025-04-21,SCH0269,False,True,True,True,True,Chaaya Pall,,SCH0269,SCH0269,False,21-04-2025,2025-04-21,DASH_DD_MM_YYYY,False,False,FALSE,False,False,Functional,True,False,Available,True,False,TRUE,True,False,TRUE,True,False,4.0,1.0,80.0,20.0
INSP00871,2025-10-26,SCH0510,True,False,,False,False,Upadhriti Dhar,Average,sch0510,SCH0510,True,26-10-2025,2025-10-26,DASH_DD_MM_YYYY,False,False,TRUE,True,False,No,False,False,,,True,FALSE,False,False,na,False,False,1.0,3.0,20.0,60.0
INSP00398,2025-11-14,SCH0292,True,False,True,False,True,Ekansh Magar,,SCH0292,SCH0292,False,14-11-2025,2025-11-14,DASH_DD_MM_YYYY,False,False,Y,True,False,FALSE,False,False,TRUE,True,False,na,False,False,TRUE,True,False,3.0,2.0,60.0,40.0
INSP02815,2025-05-15,SCH0173,False,False,True,False,True,Azaan Pingle,Toilets locked,sch_0173,SCH0173,True,15-05-2025,2025-05-15,DASH_DD_MM_YYYY,False,False,FALSE,False,False,FALSE,False,False,TRUE,True,False,FALSE,False,False,TRUE,True,False,2.0,3.0,40.0,60.0
INSP01029,2025-05-10,SCH0282,True,False,False,True,True,Mitali Sane,Needs repair,SCH0282,SCH0282,False,05-10-2025,2025-05-10,DASH_MM_DD_AMBIGUOUS,True,False,Yes,True,False,No,False,False,FALSE,False,False,TRUE,True,False,TRUE,True,False,3.0,2.0,60.0,40.0
INSP02691,2026-01-16,SCH0084,True,True,True,True,True,Krishna Mukhopadhyay,,SCH0084,SCH0084,False,16.01.2026,2026-01-16,DOT_DD_MM_YYYY,False,False,Haan,True,False,TRUE,True,False,1,True,False,TRUE,True,False,TRUE,True,False,5.0,0.0,100.0,0.0
INSP01486,2026-01-19,SCH0210,True,False,True,,True,Caleb Sha,Needs repair,SCH-0210,SCH0210,True,19-01-2026,2026-01-19,DASH_DD_MM_YYYY,False,False,Yes,True,False,Nahi,False,False,H,True,False,,,True,Hai,True,False,3.0,1.0,60.0,20.0
INSP02661,2025-09-06,SCH0555,True,True,True,False,True,Netra Tiwari,Needs repair,SCH0555,SCH0555,False,06-Sep-25,2025-09-06,TEXT_MONTH,False,False,TRUE,True,False,TRUE,True,False,Functional,True,False,N,False,False,Hai,True,False,4.0,1.0,80.0,20.0
INSP00961,2025-04-23,SCH0355,True,True,True,False,False,Aadi Kuruvilla,Toilets locked,355,SCH0355,True,23-04-2025,2025-04-23,DASH_DD_MM_YYYY,False,False,Hai,True,False,Yes,True,False,Functional,True,False,Nahi,False,False,Under Repair,False,False,3.0,2.0,60.0,40.0
INSP01571,2026-02-15,SCH0236,True,True,True,False,False,Damini Iyengar,Needs repair,SCH0236,SCH0236,False,15-02-2026,2026-02-15,DASH_DD_MM_YYYY,False,False,Y,True,False,Yes,True,False,Haan,True,False,FALSE,False,False,Nahi,False,False,3.0,2.0,60.0,40.0
INSP02774,2026-03-02,SCH0534,True,False,False,True,True,,Good condition,S0534,SCH0534,True,03-02-2026,2026-03-02,DASH_MM_DD_AMBIGUOUS,True,False,TRUE,True,False,FALSE,False,False,FALSE,False,False,Hai,True,False,TRUE,True,False,3.0,2.0,60.0,40.0
INSP01896,2025-07-22,SCH0507,True,True,True,False,True,Naveen Narain,Needs repair,sch_0507,SCH0507,True,07-22-2025,2025-07-22,DASH_MM_DD_YYYY,False,False,TRUE,True,False,TRUE,True,False,Working,True,False,FALSE,False,False,TRUE,True,False,4.0,1.0,80.0,20.0
INSP02732,2026-03-17,SCH0156,False,False,True,True,True,Dayamai Goyal,Good condition,SCH0156,SCH0156,False,17-03-2026,2026-03-17,DASH_DD_MM_YYYY,False,False,Not Available,False,False,FALSE,False,False,TRUE,True,False,TRUE,True,False,TRUE,True,False,3.0,2.0,60.0,40.0
INSP02147,2025-11-05,SCH0367,True,True,True,True,False,Ayushman Dixit,No remarks,367,SCH0367,True,05.11.2025,2025-11-05,DOT_DD_MM_AMBIGUOUS,True,False,Y,True,False,TRUE,True,False,Haan,True,False,Haan,True,False,FALSE,False,False,4.0,1.0,80.0,20.0
INSP00805,2025-11-25,SCH0174,False,True,True,True,True,,Needs repair,SCH0174,SCH0174,False,11-25-2025,2025-11-25,DASH_MM_DD_YYYY,False,False,na,False,False,1,True,False,TRUE,True,False,Haan,True,False,Haan,True,False,4.0,1.0,80.0,20.0
INSP01752,2026-01-31,SCH0229,,True,,True,False,Abha Thakur,,229,SCH0229,True,31.01.2026,2026-01-31,DOT_DD_MM_YYYY,False,False,,,True,TRUE,True,False,,,True,TRUE,True,False,0,False,False,2.0,1.0,40.0,20.0
INSP02455,2025-10-27,SCH0439,True,True,True,True,False,,Needs repair,SCH0439,SCH0439,False,10-27-2025,2025-10-27,DASH_MM_DD_YYYY,False,False,Yes,True,False,TRUE,True,False,TRUE,True,False,Y,True,False,FALSE,False,False,4.0,1.0,80.0,20.0
INSP00503,2026-03-21,SCH0389,False,True,True,False,False,Krishna Dave,Toilets locked,SCH0389,SCH0389,False,21-03-2026,2026-03-21,DASH_DD_MM_YYYY,False,False,Nahi hai,False,False,Hai,True,False,TRUE,True,False,Nahi,False,False,No,False,False,2.0,3.0,40.0,60.0
INSP02978,2026-01-29,SCH0039,,True,True,False,False,Kamya Goswami,Needs repair,SCH0039,SCH0039,False,29-Jan-26,2026-01-29,TEXT_MONTH,False,False,,,True,haan,True,False,TRUE,True,False,Nahi,False,False,Under Repair,False,False,2.0,2.0,40.0,40.0
INSP00780,2025-06-06,SCH0295,True,False,True,,True,Balveer Sani,Toilets locked,SCH-0295,SCH0295,True,06-Jun-25,2025-06-06,TEXT_MONTH,False,False,Haan,True,False,0,False,False,TRUE,True,False,,,True,TRUE,True,False,3.0,1.0,60.0,20.0
INSP01864,2025-05-16,SCH0221,False,True,True,False,False,Aditya Ganguly,,sch_0221,SCH0221,True,16-05-2025,2025-05-16,DASH_DD_MM_YYYY,False,False,Nahi hai,False,False,1,True,False,TRUE,True,False,FALSE,False,False,Kharab,False,False,2.0,3.0,40.0,60.0
INSP00201,2025-05-17,SCH0024,True,True,True,False,False,,Good condition,SCH0024,SCH0024,False,17-05-2025,2025-05-17,DASH_DD_MM_YYYY,False,False,TRUE,True,False,TRUE,True,False,haan,True,False,FALSE,False,False,Nahi hai,False,False,3.0,2.0,60.0,40.0
INSP02183,2025-05-20,SCH0267,True,True,,True,True,Niharika De,Average,SCH-0267,SCH0267,True,20-May-25,2025-05-20,TEXT_MONTH,False,False,TRUE,True,False,haan,True,False,,,True,Working,True,False,TRUE,True,False,4.0,0.0,80.0,0.0
INSP02089,2026-02-19,SCH0557,,True,False,False,False,Eesha Minhas,,SCH0557,SCH0557,False,19-02-2026,2026-02-19,DASH_DD_MM_YYYY,False,False,,,True,TRUE,True,False,FALSE,False,False,Kharab,False,False,FALSE,False,False,1.0,3.0,20.0,60.0
INSP02279,2025-07-18,SCH0443,True,True,True,True,,Jonathan Bava,No remarks,sch_0443,SCH0443,True,18-07-2025,2025-07-18,DASH_DD_MM_YYYY,False,False,Y,True,False,TRUE,True,False,TRUE,True,False,haan,True,False,,,True,4.0,0.0,80.0,0.0
INSP01797,2025-08-19,SCH0267,True,True,True,,True,Anthony Mani,Good condition,SCH0267,SCH0267,False,19.08.2025,2025-08-19,DOT_DD_MM_YYYY,False,False,TRUE,True,False,TRUE,True,False,Y,True,False,,,True,TRUE,True,False,4.0,0.0,80.0,0.0
INSP00379,2025-09-17,SCH0024,True,False,True,,False,Aarini Nagy,Good condition,sch0024,SCH0024,True,09-17-2025,2025-09-17,DASH_MM_DD_YYYY,False,False,TRUE,True,False,FALSE,False,False,TRUE,True,False,,,True,FALSE,False,False,2.0,2.0,40.0,40.0
INSP02337,2025-01-08,SCH0355,True,,True,False,True,Chatresh Datta,,SCH0355,SCH0355,False,01-08-2025,2025-01-08,DASH_MM_DD_AMBIGUOUS,True,False,1,True,False,,,True,Yes,True,False,FALSE,False,False,TRUE,True,False,3.0,1.0,60.0,20.0
INSP00419,2025-07-07,SCH0522,True,True,False,True,True,Tanveer Vala,Good condition,SCH0522,SCH0522,False,07-07-2025,2025-07-07,DASH_MM_DD_AMBIGUOUS,True,False,Yes,True,False,TRUE,True,False,Nahi hai,False,False,TRUE,True,False,TRUE,True,False,4.0,1.0,80.0,20.0
INSP01699,2025-07-28,SCH0012,False,True,False,True,False,,,sch0012,SCH0012,True,07-28-2025,2025-07-28,DASH_MM_DD_YYYY,False,False,FALSE,False,False,TRUE,True,False,FALSE,False,False,Hai,True,False,Nahi hai,False,False,2.0,3.0,40.0,60.0
INSP00392,2025-09-25,SCH0403,True,True,True,,True,Orinder Nanda,Needs repair,sch0403,SCH0403,True,25-09-2025,2025-09-25,DASH_DD_MM_YYYY,False,False,Functional,True,False,H,True,False,H,True,False,,,True,1,True,False,4.0,0.0,80.0,0.0
INSP02641,2026-07-03,SCH0233,False,True,False,False,True,Baghyawati Johal,Toilets locked,233,SCH0233,True,07-03-2026,2026-07-03,DASH_MM_DD_AMBIGUOUS,True,False,0,False,False,Y,True,False,Nahi,False,False,FALSE,False,False,Haan,True,False,2.0,3.0,40.0,60.0
INSP01523,2025-06-10,SCH0463,False,True,False,True,False,Frado Chandran,Needs repair,SCH0463,SCH0463,False,10.06.2025,2025-06-10,DOT_DD_MM_AMBIGUOUS,True,False,FALSE,False,False,haan,True,False,Kharab,False,False,TRUE,True,False,FALSE,False,False,2.0,3.0,40.0,60.0
INSP01163,2025-12-10,SCH0377,True,True,True,False,False,Xiti Chandra,Needs repair,SCH0377,SCH0377,False,12-10-2025,2025-12-10,DASH_MM_DD_AMBIGUOUS,True,False,TRUE,True,False,Available,True,False,TRUE,True,False,FALSE,False,False,FALSE,False,False,3.0,2.0,60.0,40.0
INSP01496,2025-04-20,SCH0300,True,True,True,False,False,Umang Raman,,sch_0300,SCH0300,True,20-04-2025,2025-04-20,DASH_DD_MM_YYYY,False,False,TRUE,True,False,Y,True,False,Yes,True,False,Under Repair,False,False,FALSE,False,False,3.0,2.0,60.0,40.0
INSP02696,2025-11-14,SCH0159,True,True,True,False,False,Saumya Buch,Average,SCH-0159,SCH0159,True,14-11-2025,2025-11-14,DASH_DD_MM_YYYY,False,False,TRUE,True,False,Hai,True,False,TRUE,True,False,0,False,False,FALSE,False,False,3.0,2.0,60.0,40.0
INSP02028,2025-09-03,SCH0104,True,True,True,True,True,Falak Patil,,104,SCH0104,True,03-Sep-25,2025-09-03,TEXT_MONTH,False,False,TRUE,True,False,Y,True,False,TRUE,True,False,Haan,True,False,Yes,True,False,5.0,0.0,100.0,0.0
INSP01153,2025-10-21,SCH0049,True,True,True,True,True,Bimala Hayer,Average,sch_0049,SCH0049,True,21-10-2025,2025-10-21,DASH_DD_MM_YYYY,False,False,1,True,False,Y,True,False,TRUE,True,False,Hai,True,False,TRUE,True,False,5.0,0.0,100.0,0.0
INSP01368,2025-12-05,SCH0132,True,False,True,False,False,Radha Tara,Good condition,sch_0132,SCH0132,True,05.12.2025,2025-12-05,DOT_DD_MM_AMBIGUOUS,True,False,Functional,True,False,Not Available,False,False,H,True,False,FALSE,False,False,FALSE,False,False,2.0,3.0,40.0,60.0
INSP02569,2026-03-25,SCH0148,False,False,True,False,True,Warinder Chatterjee,,148,SCH0148,True,25-03-2026,2026-03-25,DASH_DD_MM_YYYY,False,False,N,False,False,FALSE,False,False,Y,True,False,FALSE,False,False,Available,True,False,2.0,3.0,40.0,60.0
INSP00065,2025-11-26,SCH0368,True,True,True,True,False,Aarna Kala,,sch0368,SCH0368,True,26-11-2025,2025-11-26,DASH_DD_MM_YYYY,False,False,Available,True,False,Working,True,False,Hai,True,False,TRUE,True,False,Under Repair,False,False,4.0,1.0,80.0,20.0
INSP02063,2026-06-02,SCH0136,False,True,True,True,True,Brijesh Sule,Needs repair,SCH0136,SCH0136,False,06-02-2026,2026-06-02,DASH_MM_DD_AMBIGUOUS,True,False,FALSE,False,False,Available,True,False,H,True,False,H,True,False,H,True,False,4.0,1.0,80.0,20.0
INSP01181,2025-09-26,SCH0285,False,True,False,False,False,Waida Shan,Toilets locked,SCH0285,SCH0285,False,26-09-2025,2025-09-26,DASH_DD_MM_YYYY,False,False,0,False,False,H,True,False,FALSE,False,False,FALSE,False,False,N,False,False,1.0,4.0,20.0,80.0
INSP00493,2026-03-05,SCH0472,True,True,False,True,,Daksh Thaker,Needs repair,sch_0472,SCH0472,True,05.03.2026,2026-03-05,DOT_DD_MM_AMBIGUOUS,True,False,TRUE,True,False,Hai,True,False,Nahi,False,False,Functional,True,False,,,True,3.0,1.0,60.0,20.0
INSP00380,2026-01-22,SCH0578,True,True,True,True,True,,Toilets locked,SCH-0578,SCH0578,True,22-01-2026,2026-01-22,DASH_DD_MM_YYYY,False,False,TRUE,True,False,Yes,True,False,H,True,False,Yes,True,False,TRUE,True,False,5.0,0.0,100.0,0.0
INSP02236,2026-01-21,SCH0526,True,True,True,False,False,Damyanti Pant,,SCH0526,SCH0526,False,01-21-2026,2026-01-21,DASH_MM_DD_YYYY,False,False,Yes,True,False,TRUE,True,False,TRUE,True,False,Nahi,False,False,Nahi,False,False,3.0,2.0,60.0,40.0
INSP00764,2025-04-09,SCH0222,False,True,True,True,True,Girik Sethi,,SCH0222,SCH0222,False,04-09-2025,2025-04-09,DASH_MM_DD_AMBIGUOUS,True,False,N,False,False,Y,True,False,1,True,False,1,True,False,TRUE,True,False,4.0,1.0,80.0,20.0
INSP02265,2026-06-02,SCH0420,True,True,True,True,True,Mekhala Pingle,,SCH0420,SCH0420,False,06-02-2026,2026-06-02,DASH_MM_DD_AMBIGUOUS,True,False,Haan,True,False,Haan,True,False,TRUE,True,False,1,True,False,TRUE,True,False,5.0,0.0,100.0,0.0
INSP00792,2025-12-22,SCH0419,True,True,True,True,True,Girish Barad,Average,SCH0419,SCH0419,False,22-12-2025,2025-12-22,DASH_DD_MM_YYYY,False,False,H,True,False,1,True,False,TRUE,True,False,TRUE,True,False,TRUE,True,False,5.0,0.0,100.0,0.0
INSP01077,2026-02-13,SCH0302,True,True,True,True,True,Jatin Sarma,Toilets locked,sch_0302,SCH0302,True,13-02-2026,2026-02-13,DASH_DD_MM_YYYY,False,False,TRUE,True,False,1,True,False,TRUE,True,False,TRUE,True,False,TRUE,True,False,5.0,0.0,100.0,0.0
INSP00879,2025-11-11,SCH0588,True,True,True,False,False,Yashodhara Chaudhuri,Good condition,SCH0588,SCH0588,False,11.11.2025,2025-11-11,DOT_DD_MM_AMBIGUOUS,True,False,TRUE,True,False,TRUE,True,False,Available,True,False,FALSE,False,False,na,False,False,3.0,2.0,60.0,40.0
INSP00338,2026-03-13,SCH0512,True,False,True,True,True,Hredhaan Bumb,Good condition,SCH0512,SCH0512,False,13.03.2026,2026-03-13,DOT_DD_MM_YYYY,False,False,Y,True,False,Under Repair,False,False,Functional,True,False,haan,True,False,TRUE,True,False,4.0,1.0,80.0,20.0
INSP02768,2026-12-01,SCH0095,True,True,True,True,False,Alka Srinivasan,No remarks,sch0095,SCH0095,True,12-01-2026,2026-12-01,DASH_MM_DD_AMBIGUOUS,True,False,Yes,True,False,haan,True,False,TRUE,True,False,TRUE,True,False,Nahi hai,False,False,4.0,1.0,80.0,20.0
INSP02344,2026-03-01,SCH0343,True,True,True,True,False,Nathaniel Kata,Toilets locked,S0343,SCH0343,True,03-01-2026,2026-03-01,DASH_MM_DD_AMBIGUOUS,True,False,Hai,True,False,Hai,True,False,TRUE,True,False,Y,True,False,0,False,False,4.0,1.0,80.0,20.0
INSP01017,2025-04-06,SCH0331,False,False,True,True,False,Kala Wason,Good condition,SCH0331,SCH0331,False,04-06-2025,2025-04-06,DASH_MM_DD_AMBIGUOUS,True,False,FALSE,False,False,FALSE,False,False,haan,True,False,1,True,False,FALSE,False,False,2.0,3.0,40.0,60.0
INSP01276,2025-06-14,SCH0343,True,True,False,False,False,,Good condition,sch_0343,SCH0343,True,14-06-2025,2025-06-14,DASH_DD_MM_YYYY,False,False,TRUE,True,False,H,True,False,No,False,False,N,False,False,FALSE,False,False,2.0,3.0,40.0,60.0
INSP00456,2025-04-10,SCH0302,True,True,True,True,True,Aahana Contractor,Good condition,sch_0302,SCH0302,True,04-10-2025,2025-04-10,DASH_MM_DD_AMBIGUOUS,True,False,Yes,True,False,TRUE,True,False,Available,True,False,Available,True,False,TRUE,True,False,5.0,0.0,100.0,0.0
INSP00816,2025-06-25,SCH0492,True,True,True,False,False,Amol Brahmbhatt,Average,sch0492,SCH0492,True,25-06-2025,2025-06-25,DASH_DD_MM_YYYY,False,False,TRUE,True,False,TRUE,True,False,Yes,True,False,FALSE,False,False,FALSE,False,False,3.0,2.0,60.0,40.0
INSP02318,2026-03-08,SCH0523,True,True,,True,False,Brijesh Pai,Average,sch_0523,SCH0523,True,03-08-2026,2026-03-08,DASH_MM_DD_AMBIGUOUS,True,False,haan,True,False,Y,True,False,,,True,Y,True,False,FALSE,False,False,3.0,1.0,60.0,20.0
INSP00996,2025-06-23,SCH0389,False,True,False,False,True,Sathvik Pillai,Needs repair,SCH0389,SCH0389,False,23-06-2025,2025-06-23,DASH_DD_MM_YYYY,False,False,FALSE,False,False,TRUE,True,False,FALSE,False,False,Broken,False,False,Yes,True,False,2.0,3.0,40.0,60.0
INSP01982,2025-08-24,SCH0100,True,True,True,False,True,Avi Ratta,No remarks,S0100,SCH0100,True,24-Aug-25,2025-08-24,TEXT_MONTH,False,False,Yes,True,False,Available,True,False,TRUE,True,False,N,False,False,Working,True,False,4.0,1.0,80.0,20.0
INSP00202,2025-05-27,SCH0045,False,True,True,False,True,Upadhriti Bandi,Average,sch_0045,SCH0045,True,27.05.2025,2025-05-27,DOT_DD_MM_YYYY,False,False,FALSE,False,False,TRUE,True,False,TRUE,True,False,Nahi,False,False,TRUE,True,False,3.0,2.0,60.0,40.0
INSP00162,2025-11-07,SCH0395,True,True,False,True,False,Anmol Nagy,,SCH0395,SCH0395,False,11-07-2025,2025-11-07,DASH_MM_DD_AMBIGUOUS,True,False,Working,True,False,Yes,True,False,Broken,False,False,Y,True,False,FALSE,False,False,3.0,2.0,60.0,40.0
INSP01580,2025-04-11,SCH0043,True,True,False,False,False,,Needs repair,43,SCH0043,True,04-11-2025,2025-04-11,DASH_MM_DD_AMBIGUOUS,True,False,TRUE,True,False,Working,True,False,No,False,False,Kharab,False,False,FALSE,False,False,2.0,3.0,40.0,60.0
INSP02778,2025-05-12,SCH0574,True,True,True,True,False,Adweta Deep,Toilets locked,SCH0574,SCH0574,False,05-12-2025,2025-05-12,DASH_MM_DD_AMBIGUOUS,True,False,TRUE,True,False,Haan,True,False,Hai,True,False,TRUE,True,False,FALSE,False,False,4.0,1.0,80.0,20.0
INSP02450,2025-10-16,SCH0375,True,True,True,True,False,,,SCH-0375,SCH0375,True,16-10-2025,2025-10-16,DASH_DD_MM_YYYY,False,False,Yes,True,False,TRUE,True,False,H,True,False,Y,True,False,0,False,False,4.0,1.0,80.0,20.0
INSP00703,2025-08-31,SCH0463,True,True,True,True,False,Indali Mann,Good condition,sch0463,SCH0463,True,31-Aug-25,2025-08-31,TEXT_MONTH,False,False,haan,True,False,TRUE,True,False,Working,True,False,Working,True,False,Broken,False,False,4.0,1.0,80.0,20.0
INSP01501,2025-05-02,SCH0596,True,True,True,False,True,Ekaja Chhabra,No remarks,SCH0596,SCH0596,False,02-May-25,2025-05-02,TEXT_MONTH,False,False,TRUE,True,False,Y,True,False,TRUE,True,False,Under Repair,False,False,haan,True,False,4.0,1.0,80.0,20.0
INSP01130,2025-12-28,SCH0411,False,True,True,False,False,Omkaar Bora,Toilets locked,SCH-0411,SCH0411,True,28-12-2025,2025-12-28,DASH_DD_MM_YYYY,False,False,FALSE,False,False,Hai,True,False,1,True,False,Nahi hai,False,False,FALSE,False,False,2.0,3.0,40.0,60.0
INSP02614,2025-08-07,SCH0263,True,True,,True,True,Charles Barad,,SCH-0263,SCH0263,True,07.08.2025,2025-08-07,DOT_DD_MM_AMBIGUOUS,True,False,Hai,True,False,Haan,True,False,,,True,TRUE,True,False,Haan,True,False,4.0,0.0,80.0,0.0
INSP01022,2026-01-04,SCH0261,True,False,True,True,False,Yashawini Mani,Needs repair,SCH-0261,SCH0261,True,04.01.2026,2026-01-04,DOT_DD_MM_AMBIGUOUS,True,False,Working,True,False,na,False,False,H,True,False,TRUE,True,False,0,False,False,3.0,2.0,60.0,40.0
INSP01586,2025-04-05,SCH0182,False,True,True,True,False,Rudra Puri,Toilets locked,S0182,SCH0182,True,05.04.2025,2025-04-05,DOT_DD_MM_AMBIGUOUS,True,False,Under Repair,False,False,Functional,True,False,TRUE,True,False,TRUE,True,False,na,False,False,3.0,2.0,60.0,40.0
INSP01956,2025-07-15,SCH0409,False,True,True,True,False,Warhi Prasad,Good condition,sch_0409,SCH0409,True,15-07-2025,2025-07-15,DASH_DD_MM_YYYY,False,False,No,False,False,Y,True,False,TRUE,True,False,TRUE,True,False,FALSE,False,False,3.0,2.0,60.0,40.0
INSP02254,2025-12-31,SCH0528,True,True,False,True,False,Triya Oommen,Average,SCH-0528,SCH0528,True,31-12-2025,2025-12-31,DASH_DD_MM_YYYY,False,False,TRUE,True,False,TRUE,True,False,No,False,False,TRUE,True,False,N,False,False,3.0,2.0,60.0,40.0
INSP00035,2025-08-28,SCH0336,True,True,True,True,False,Warhi Gulati,Toilets locked,SCH0336,SCH0336,False,28.08.2025,2025-08-28,DOT_DD_MM_YYYY,False,False,Working,True,False,TRUE,True,False,Working,True,False,TRUE,True,False,Broken,False,False,4.0,1.0,80.0,20.0
INSP00776,2025-04-07,SCH0091,False,False,True,True,True,Jatin Ahluwalia,No remarks,SCH0091,SCH0091,False,04-07-2025,2025-04-07,DASH_MM_DD_AMBIGUOUS,True,False,na,False,False,FALSE,False,False,TRUE,True,False,TRUE,True,False,TRUE,True,False,3.0,2.0,60.0,40.0
INSP02557,2026-06-02,SCH0078,False,True,False,False,True,Laksh Khatri,Needs repair,SCH0078,SCH0078,False,06-02-2026,2026-06-02,DASH_MM_DD_AMBIGUOUS,True,False,FALSE,False,False,haan,True,False,Nahi,False,False,No,False,False,Y,True,False,2.0,3.0,40.0,60.0
INSP01479,2025-12-01,SCH0245,False,True,True,True,True,Ekalinga Banerjee,Good condition,S0245,SCH0245,True,01.12.2025,2025-12-01,DOT_DD_MM_AMBIGUOUS,True,False,FALSE,False,False,haan,True,False,Functional,True,False,TRUE,True,False,TRUE,True,False,4.0,1.0,80.0,20.0
INSP01391,2025-03-06,SCH0083,False,True,False,False,True,Riya Pandey,Average,sch0083,SCH0083,True,03-06-2025,2025-03-06,DASH_MM_DD_AMBIGUOUS,True,False,FALSE,False,False,TRUE,True,False,na,False,False,FALSE,False,False,1,True,False,2.0,3.0,40.0,60.0
INSP02140,2025-05-15,SCH0450,True,True,False,True,True,David Bhardwaj,Good condition,sch_0450,SCH0450,True,15-05-2025,2025-05-15,DASH_DD_MM_YYYY,False,False,TRUE,True,False,Y,True,False,FALSE,False,False,H,True,False,TRUE,True,False,4.0,1.0,80.0,20.0
INSP01364,2025-08-02,SCH0391,True,True,True,True,True,Kalpit Dixit,Needs repair,S0391,SCH0391,True,02.08.2025,2025-08-02,DOT_DD_MM_AMBIGUOUS,True,False,TRUE,True,False,TRUE,True,False,Functional,True,False,TRUE,True,False,1,True,False,5.0,0.0,100.0,0.0
INSP02946,2026-02-16,SCH0479,True,True,False,False,True,Ethan Balay,No remarks,S0479,SCH0479,True,16-02-2026,2026-02-16,DASH_DD_MM_YYYY,False,False,TRUE,True,False,Hai,True,False,FALSE,False,False,Broken,False,False,TRUE,True,False,3.0,2.0,60.0,40.0
INSP02613,2025-04-22,SCH0288,,False,True,False,False,,No remarks,S0288,SCH0288,True,22-04-2025,2025-04-22,DASH_DD_MM_YYYY,False,False,,,True,Nahi hai,False,False,TRUE,True,False,FALSE,False,False,FALSE,False,False,1.0,3.0,20.0,60.0
INSP02825,2025-05-18,SCH0563,True,True,True,False,False,Vidhi Borah,,sch_0563,SCH0563,True,05-18-2025,2025-05-18,DASH_MM_DD_YYYY,False,False,TRUE,True,False,Haan,True,False,Yes,True,False,FALSE,False,False,Broken,False,False,3.0,2.0,60.0,40.0
INSP02042,2025-08-23,SCH0255,False,False,True,True,True,Omya Kurian,Toilets locked,SCH-0255,SCH0255,True,23-08-2025,2025-08-23,DASH_DD_MM_YYYY,False,False,FALSE,False,False,Nahi,False,False,TRUE,True,False,TRUE,True,False,Hai,True,False,3.0,2.0,60.0,40.0
INSP00242,2025-05-23,SCH0160,True,True,,True,True,Samaksh Kaul,Needs repair,SCH-0160,SCH0160,True,23-05-2025,2025-05-23,DASH_DD_MM_YYYY,False,False,TRUE,True,False,TRUE,True,False,,,True,TRUE,True,False,Y,True,False,4.0,0.0,80.0,0.0
INSP02062,2026-08-01,SCH0366,True,True,,True,True,Panini Mukhopadhyay,,sch_0366,SCH0366,True,08-01-2026,2026-08-01,DASH_MM_DD_AMBIGUOUS,True,False,Yes,True,False,Haan,True,False,,,True,TRUE,True,False,TRUE,True,False,4.0,0.0,80.0,0.0
INSP02364,2025-07-31,SCH0288,True,True,,,True,Saumya Dyal,No remarks,S0288,SCH0288,True,31-07-2025,2025-07-31,DASH_DD_MM_YYYY,False,False,TRUE,True,False,Functional,True,False,,,True,,,True,haan,True,False,3.0,0.0,60.0,0.0
INSP00601,2025-09-27,SCH0260,True,True,False,False,False,Dominic Sehgal,Needs repair,S0260,SCH0260,True,27-09-2025,2025-09-27,DASH_DD_MM_YYYY,False,False,TRUE,True,False,TRUE,True,False,FALSE,False,False,Kharab,False,False,Nahi,False,False,2.0,3.0,40.0,60.0
INSP02436,2025-11-11,SCH0229,True,False,False,True,False,Indira Ganesan,,SCH0229,SCH0229,False,11-11-2025,2025-11-11,DASH_MM_DD_AMBIGUOUS,True,False,TRUE,True,False,FALSE,False,False,FALSE,False,False,Available,True,False,Nahi,False,False,2.0,3.0,40.0,60.0
INSP01298,2025-07-11,SCH0410,False,False,True,,True,Mitesh Gokhale,Toilets locked,sch_0410,SCH0410,True,07-11-2025,2025-07-11,DASH_MM_DD_AMBIGUOUS,True,False,FALSE,False,False,FALSE,False,False,Haan,True,False,,,True,TRUE,True,False,2.0,2.0,40.0,40.0
INSP02215,2026-01-03,SCH0108,False,True,True,False,True,Vrinda Srinivasan,Toilets locked,SCH0108,SCH0108,False,01-03-2026,2026-01-03,DASH_MM_DD_AMBIGUOUS,True,False,Kharab,False,False,Haan,True,False,Available,True,False,Under Repair,False,False,Y,True,False,3.0,2.0,60.0,40.0
INSP02889,2025-06-11,SCH0258,False,True,True,True,,Viraj Dua,Average,SCH0258,SCH0258,False,06-11-2025,2025-06-11,DASH_MM_DD_AMBIGUOUS,True,False,FALSE,False,False,Haan,True,False,H,True,False,1,True,False,,,True,3.0,1.0,60.0,20.0
INSP02069,2026-03-27,SCH0164,,True,True,False,True,,No remarks,sch_0164,SCH0164,True,27-03-2026,2026-03-27,DASH_DD_MM_YYYY,False,False,,,True,Y,True,False,H,True,False,FALSE,False,False,Haan,True,False,3.0,1.0,60.0,20.0
INSP00647,2025-06-10,SCH0385,True,True,False,False,False,Akshay Saha,Average,S0385,SCH0385,True,06-10-2025,2025-06-10,DASH_MM_DD_AMBIGUOUS,True,False,TRUE,True,False,TRUE,True,False,Not Available,False,False,FALSE,False,False,0,False,False,2.0,3.0,40.0,60.0
INSP01529,2025-11-20,SCH0412,False,True,True,True,False,Nikita Pandya,,S0412,SCH0412,True,20-11-2025,2025-11-20,DASH_DD_MM_YYYY,False,False,Nahi hai,False,False,TRUE,True,False,Working,True,False,haan,True,False,FALSE,False,False,3.0,2.0,60.0,40.0
INSP02880,2025-07-23,SCH0151,True,True,True,False,False,Anmol Saxena,Toilets locked,sch_0151,SCH0151,True,23-07-2025,2025-07-23,DASH_DD_MM_YYYY,False,False,Hai,True,False,TRUE,True,False,TRUE,True,False,FALSE,False,False,Nahi hai,False,False,3.0,2.0,60.0,40.0
INSP01268,2025-05-31,SCH0550,True,True,False,True,True,Oni Jaggi,Average,SCH-0550,SCH0550,True,31-05-2025,2025-05-31,DASH_DD_MM_YYYY,False,False,haan,True,False,Y,True,False,FALSE,False,False,Working,True,False,Functional,True,False,4.0,1.0,80.0,20.0
INSP01900,2025-08-10,SCH0293,,False,True,True,False,Priya Sankar,Good condition,SCH-0293,SCH0293,True,10-Aug-25,2025-08-10,TEXT_MONTH,False,False,,,True,FALSE,False,False,TRUE,True,False,Yes,True,False,FALSE,False,False,2.0,2.0,40.0,40.0
INSP00563,2025-08-30,SCH0221,False,False,True,False,False,Lohit Uppal,Good condition,SCH0221,SCH0221,False,30-08-2025,2025-08-30,DASH_DD_MM_YYYY,False,False,FALSE,False,False,FALSE,False,False,1,True,False,Nahi hai,False,False,Nahi hai,False,False,1.0,4.0,20.0,80.0
INSP02735,2026-09-02,SCH0373,True,False,True,True,False,Hardik Ray,,sch0373,SCH0373,True,09-02-2026,2026-09-02,DASH_MM_DD_AMBIGUOUS,True,False,Functional,True,False,FALSE,False,False,haan,True,False,TRUE,True,False,FALSE,False,False,3.0,2.0,60.0,40.0
INSP00190,2025-12-17,SCH0053,True,False,True,False,False,Rayaan Hayer,Average,SCH-0053,SCH0053,True,17-12-2025,2025-12-17,DASH_DD_MM_YYYY,False,False,Haan,True,False,FALSE,False,False,TRUE,True,False,FALSE,False,False,FALSE,False,False,2.0,3.0,40.0,60.0
INSP01807,2026-10-03,SCH0300,True,True,True,True,False,Jhalak Gopal,Needs repair,sch_0300,SCH0300,True,10-03-2026,2026-10-03,DASH_MM_DD_AMBIGUOUS,True,False,TRUE,True,False,haan,True,False,Yes,True,False,TRUE,True,False,FALSE,False,False,4.0,1.0,80.0,20.0
INSP00976,2025-02-04,SCH0068,True,True,True,True,False,Umang Dora,Needs repair,SCH-0068,SCH0068,True,02-04-2025,2025-02-04,DASH_MM_DD_AMBIGUOUS,True,False,Yes,True,False,Working,True,False,Haan,True,False,Available,True,False,No,False,False,4.0,1.0,80.0,20.0
INSP02748,2025-04-09,SCH0562,True,True,True,False,True,Bhavika Balakrishnan,Needs repair,sch0562,SCH0562,True,09.04.2025,2025-04-09,DOT_DD_MM_AMBIGUOUS,True,False,TRUE,True,False,TRUE,True,False,TRUE,True,False,FALSE,False,False,Y,True,False,4.0,1.0,80.0,20.0
INSP02048,2026-03-03,SCH0142,True,True,,True,True,Dhruv Shanker,No remarks,SCH-0142,SCH0142,True,03-03-2026,2026-03-03,DASH_MM_DD_AMBIGUOUS,True,False,Y,True,False,Y,True,False,,,True,Available,True,False,TRUE,True,False,4.0,0.0,80.0,0.0
INSP02559,2026-02-23,SCH0007,False,True,True,True,True,Patrick Tak,No remarks,sch_0007,SCH0007,True,23-Feb-26,2026-02-23,TEXT_MONTH,False,False,No,False,False,haan,True,False,TRUE,True,False,1,True,False,TRUE,True,False,4.0,1.0,80.0,20.0
INSP01083,2025-12-16,SCH0139,True,True,False,,False,Inaya Reddy,Toilets locked,SCH0139,SCH0139,False,12-16-2025,2025-12-16,DASH_MM_DD_YYYY,False,False,Yes,True,False,Hai,True,False,FALSE,False,False,,,True,FALSE,False,False,2.0,2.0,40.0,40.0
INSP00475,2025-05-01,SCH0196,False,True,True,False,False,Yoshita Parmer,Average,SCH0196,SCH0196,False,01-May-25,2025-05-01,TEXT_MONTH,False,False,0,False,False,TRUE,True,False,TRUE,True,False,N,False,False,Nahi,False,False,2.0,3.0,40.0,60.0
INSP02905,2025-11-10,SCH0086,True,True,True,True,False,Avi Keer,No remarks,SCH-0086,SCH0086,True,10.11.2025,2025-11-10,DOT_DD_MM_AMBIGUOUS,True,False,TRUE,True,False,Available,True,False,Yes,True,False,TRUE,True,False,Nahi,False,False,4.0,1.0,80.0,20.0
INSP00748,2025-04-16,SCH0141,True,True,True,False,True,,Needs repair,SCH-0141,SCH0141,True,16-04-2025,2025-04-16,DASH_DD_MM_YYYY,False,False,Y,True,False,TRUE,True,False,TRUE,True,False,0,False,False,Yes,True,False,4.0,1.0,80.0,20.0
INSP02301,2025-08-20,SCH0509,False,True,True,True,True,,Good condition,SCH0509,SCH0509,False,20-Aug-25,2025-08-20,TEXT_MONTH,False,False,FALSE,False,False,Working,True,False,TRUE,True,False,TRUE,True,False,haan,True,False,4.0,1.0,80.0,20.0
INSP00022,2026-02-20,SCH0268,True,True,True,True,False,Aarini Baral,Good condition,SCH-0268,SCH0268,True,20-Feb-26,2026-02-20,TEXT_MONTH,False,False,TRUE,True,False,Y,True,False,H,True,False,TRUE,True,False,FALSE,False,False,4.0,1.0,80.0,20.0
INSP00460,2025-06-15,SCH0398,True,True,True,False,False,Charita Agate,,sch0398,SCH0398,True,06-15-2025,2025-06-15,DASH_MM_DD_YYYY,False,False,1,True,False,TRUE,True,False,TRUE,True,False,Nahi hai,False,False,FALSE,False,False,3.0,2.0,60.0,40.0
INSP01185,2026-02-26,SCH0279,,True,True,,False,Ekta Kamdar,Average,SCH0279,SCH0279,False,02-26-2026,2026-02-26,DASH_MM_DD_YYYY,False,False,,,True,TRUE,True,False,Yes,True,False,,,True,Under Repair,False,False,2.0,1.0,40.0,20.0
INSP02325,2025-09-01,SCH0008,True,True,False,True,False,Qushi Loyal,Average,sch_0008,SCH0008,True,09-01-2025,2025-09-01,DASH_MM_DD_AMBIGUOUS,True,False,Y,True,False,haan,True,False,Under Repair,False,False,TRUE,True,False,Kharab,False,False,3.0,2.0,60.0,40.0
INSP00956,2025-03-06,SCH0367,False,True,True,False,False,Gauri Bali,Toilets locked,367,SCH0367,True,03-06-2025,2025-03-06,DASH_MM_DD_AMBIGUOUS,True,False,FALSE,False,False,TRUE,True,False,H,True,False,0,False,False,0,False,False,2.0,3.0,40.0,60.0
INSP01216,2025-08-13,SCH0040,False,True,True,True,True,Kalpit Varkey,Needs repair,SCH0040,SCH0040,False,08-13-2025,2025-08-13,DASH_MM_DD_YYYY,False,False,N,False,False,TRUE,True,False,Yes,True,False,Yes,True,False,haan,True,False,4.0,1.0,80.0,20.0
INSP02434,2025-05-10,SCH0105,False,True,True,False,False,Pahal Shukla,Toilets locked,sch0105,SCH0105,True,05-10-2025,2025-05-10,DASH_MM_DD_AMBIGUOUS,True,False,FALSE,False,False,Available,True,False,Haan,True,False,Broken,False,False,FALSE,False,False,2.0,3.0,40.0,60.0
INSP02854,2025-09-09,SCH0217,True,True,True,False,True,Tejas Aurora,Needs repair,SCH0217,SCH0217,False,09-09-2025,2025-09-09,DASH_MM_DD_AMBIGUOUS,True,False,Hai,True,False,TRUE,True,False,TRUE,True,False,FALSE,False,False,TRUE,True,False,4.0,1.0,80.0,20.0
INSP01516,2025-05-27,SCH0504,False,True,True,True,True,Dhruv Chander,Toilets locked,SCH0504,SCH0504,False,27.05.2025,2025-05-27,DOT_DD_MM_YYYY,False,False,FALSE,False,False,haan,True,False,H,True,False,Yes,True,False,Working,True,False,4.0,1.0,80.0,20.0
INSP02392,2026-07-01,SCH0224,True,True,True,False,True,Gayathri Panchal,Average,SCH0224,SCH0224,False,07-01-2026,2026-07-01,DASH_MM_DD_AMBIGUOUS,True,False,TRUE,True,False,TRUE,True,False,Yes,True,False,FALSE,False,False,TRUE,True,False,4.0,1.0,80.0,20.0
INSP00770,2025-12-05,SCH0349,,,True,False,False,Unnati Ram,Toilets locked,SCH0349,SCH0349,False,12-05-2025,2025-12-05,DASH_MM_DD_AMBIGUOUS,True,False,,,True,,,True,1,True,False,No,False,False,Nahi,False,False,1.0,2.0,20.0,40.0
INSP01686,2025-08-24,SCH0452,True,True,True,True,False,,Average,sch_0452,SCH0452,True,24-08-2025,2025-08-24,DASH_DD_MM_YYYY,False,False,TRUE,True,False,1,True,False,H,True,False,TRUE,True,False,FALSE,False,False,4.0,1.0,80.0,20.0
INSP00131,2025-12-08,SCH0169,True,True,True,True,False,Kala Dubey,Average,SCH-0169,SCH0169,True,12-08-2025,2025-12-08,DASH_MM_DD_AMBIGUOUS,True,False,haan,True,False,Y,True,False,Hai,True,False,Y,True,False,na,False,False,4.0,1.0,80.0,20.0
INSP02920,2026-01-31,SCH0315,True,True,True,False,True,Lakshmi Mangal,Toilets locked,SCH0315,SCH0315,False,31-01-2026,2026-01-31,DASH_DD_MM_YYYY,False,False,TRUE,True,False,TRUE,True,False,TRUE,True,False,FALSE,False,False,TRUE,True,False,4.0,1.0,80.0,20.0
INSP02136,2026-01-22,SCH0114,False,True,True,True,True,Chaitaly Bhasin,,SCH-0114,SCH0114,True,22-Jan-26,2026-01-22,TEXT_MONTH,False,False,FALSE,False,False,TRUE,True,False,Yes,True,False,H,True,False,Haan,True,False,4.0,1.0,80.0,20.0
INSP01483,2025-07-24,SCH0354,True,True,True,True,True,Yashoda Sehgal,Good condition,SCH0354,SCH0354,False,24-07-2025,2025-07-24,DASH_DD_MM_YYYY,False,False,TRUE,True,False,Functional,True,False,TRUE,True,False,TRUE,True,False,TRUE,True,False,5.0,0.0,100.0,0.0
INSP00331,2025-04-12,SCH0420,True,True,True,True,True,Balhaar Chatterjee,Average,SCH0420,SCH0420,False,04-12-2025,2025-04-12,DASH_MM_DD_AMBIGUOUS,True,False,TRUE,True,False,TRUE,True,False,1,True,False,TRUE,True,False,TRUE,True,False,5.0,0.0,100.0,0.0
INSP01239,2025-07-22,SCH0174,True,,True,True,False,Qarin Mukhopadhyay,Needs repair,SCH-0174,SCH0174,True,22-07-2025,2025-07-22,DASH_DD_MM_YYYY,False,False,Y,True,False,,,True,TRUE,True,False,TRUE,True,False,N,False,False,3.0,1.0,60.0,20.0
INSP00467,2025-05-05,SCH0438,True,True,True,True,True,Leela Bumb,Average,SCH-0438,SCH0438,True,05-05-2025,2025-05-05,DASH_MM_DD_AMBIGUOUS,True,False,Hai,True,False,Y,True,False,Y,True,False,haan,True,False,TRUE,True,False,5.0,0.0,100.0,0.0
INSP02170,2025-05-16,SCH0490,True,True,True,True,False,Akshay Muni,,490,SCH0490,True,16-05-2025,2025-05-16,DASH_DD_MM_YYYY,False,False,TRUE,True,False,TRUE,True,False,Y,True,False,Hai,True,False,FALSE,False,False,4.0,1.0,80.0,20.0
INSP01639,2025-09-09,SCH0305,True,True,True,True,False,,,SCH-0305,SCH0305,True,09-09-2025,2025-09-09,DASH_MM_DD_AMBIGUOUS,True,False,Yes,True,False,TRUE,True,False,TRUE,True,False,TRUE,True,False,FALSE,False,False,4.0,1.0,80.0,20.0
INSP01096,2025-10-07,SCH0435,,True,True,True,False,Caleb Bhakta,,SCH-0435,SCH0435,True,10-07-2025,2025-10-07,DASH_MM_DD_AMBIGUOUS,True,False,,,True,Y,True,False,Yes,True,False,Yes,True,False,FALSE,False,False,3.0,1.0,60.0,20.0
INSP01131,2025-09-08,SCH0035,True,False,True,True,True,Chanchal Modi,Good condition,SCH-0035,SCH0035,True,09-08-2025,2025-09-08,DASH_MM_DD_AMBIGUOUS,True,False,TRUE,True,False,FALSE,False,False,TRUE,True,False,TRUE,True,False,TRUE,True,False,4.0,1.0,80.0,20.0
INSP01295,2025-09-29,SCH0549,False,True,,True,True,Gaurang Raman,Good condition,SCH0549,SCH0549,False,29-09-2025,2025-09-29,DASH_DD_MM_YYYY,False,False,No,False,False,H,True,False,,,True,TRUE,True,False,TRUE,True,False,3.0,1.0,60.0,20.0
INSP00861,2025-11-01,SCH0301,True,True,,True,False,,No remarks,SCH0301,SCH0301,False,11-01-2025,2025-11-01,DASH_MM_DD_AMBIGUOUS,True,False,TRUE,True,False,TRUE,True,False,,,True,Available,True,False,FALSE,False,False,3.0,1.0,60.0,20.0
